2024-08-31 09:02:02,943:WARNING:
'cuml' is a soft dependency and not included in the pycaret installation. Please run: `pip install cuml` to install.
2024-08-31 09:02:02,943:WARNING:
'cuml' is a soft dependency and not included in the pycaret installation. Please run: `pip install cuml` to install.
2024-08-31 09:02:02,943:WARNING:
'cuml' is a soft dependency and not included in the pycaret installation. Please run: `pip install cuml` to install.
2024-08-31 09:02:02,943:WARNING:
'cuml' is a soft dependency and not included in the pycaret installation. Please run: `pip install cuml` to install.
2024-08-31 09:02:09,109:INFO:PyCaret ClassificationExperiment
2024-08-31 09:02:09,109:INFO:Logging name: clf-default-name
2024-08-31 09:02:09,115:INFO:ML Usecase: MLUsecase.CLASSIFICATION
2024-08-31 09:02:09,115:INFO:version 3.3.2
2024-08-31 09:02:09,115:INFO:Initializing setup()
2024-08-31 09:02:09,115:INFO:self.USI: 45af
2024-08-31 09:02:09,116:INFO:self._variable_keys: {'gpu_param', 'fold_generator', 'is_multiclass', 'X_test', 'data', 'idx', 'y_test', 'fold_shuffle_param', 'html_param', 'memory', '_ml_usecase', 'n_jobs_param', 'X', 'fix_imbalance', 'target_param', 'gpu_n_jobs_param', 'y_train', 'exp_name_log', 'seed', '_available_plots', 'USI', 'X_train', 'y', 'pipeline', 'log_plots_param', 'logging_param', 'exp_id', 'fold_groups_param'}
2024-08-31 09:02:09,116:INFO:Checking environment
2024-08-31 09:02:09,116:INFO:python_version: 3.11.4
2024-08-31 09:02:09,116:INFO:python_build: ('tags/v3.11.4:d2340ef', 'Jun  7 2023 05:45:37')
2024-08-31 09:02:09,116:INFO:machine: AMD64
2024-08-31 09:02:09,159:INFO:platform: Windows-10-10.0.22631-SP0
2024-08-31 09:02:09,164:INFO:Memory: svmem(total=16520773632, available=8392220672, percent=49.2, used=8128552960, free=8392220672)
2024-08-31 09:02:09,165:INFO:Physical Core: 8
2024-08-31 09:02:09,165:INFO:Logical Core: 16
2024-08-31 09:02:09,165:INFO:Checking libraries
2024-08-31 09:02:09,165:INFO:System:
2024-08-31 09:02:09,165:INFO:    python: 3.11.4 (tags/v3.11.4:d2340ef, Jun  7 2023, 05:45:37) [MSC v.1934 64 bit (AMD64)]
2024-08-31 09:02:09,165:INFO:executable: C:\Users\surya\OneDrive\Desktop\Data Science Project\Diabetes analysis\.venv\Scripts\python.exe
2024-08-31 09:02:09,165:INFO:   machine: Windows-10-10.0.22631-SP0
2024-08-31 09:02:09,165:INFO:PyCaret required dependencies:
2024-08-31 09:02:09,237:INFO:                 pip: 23.1.2
2024-08-31 09:02:09,237:INFO:          setuptools: 65.5.0
2024-08-31 09:02:09,237:INFO:             pycaret: 3.3.2
2024-08-31 09:02:09,237:INFO:             IPython: 8.27.0
2024-08-31 09:02:09,238:INFO:          ipywidgets: 8.1.5
2024-08-31 09:02:09,238:INFO:                tqdm: 4.66.5
2024-08-31 09:02:09,238:INFO:               numpy: 1.26.4
2024-08-31 09:02:09,238:INFO:              pandas: 2.1.4
2024-08-31 09:02:09,238:INFO:              jinja2: 3.1.4
2024-08-31 09:02:09,238:INFO:               scipy: 1.11.4
2024-08-31 09:02:09,238:INFO:              joblib: 1.3.2
2024-08-31 09:02:09,238:INFO:             sklearn: 1.4.2
2024-08-31 09:02:09,238:INFO:                pyod: 2.0.1
2024-08-31 09:02:09,238:INFO:            imblearn: 0.12.3
2024-08-31 09:02:09,238:INFO:   category_encoders: 2.6.3
2024-08-31 09:02:09,238:INFO:            lightgbm: 4.5.0
2024-08-31 09:02:09,238:INFO:               numba: 0.60.0
2024-08-31 09:02:09,238:INFO:            requests: 2.32.3
2024-08-31 09:02:09,238:INFO:          matplotlib: 3.7.5
2024-08-31 09:02:09,238:INFO:          scikitplot: 0.3.7
2024-08-31 09:02:09,238:INFO:         yellowbrick: 1.5
2024-08-31 09:02:09,238:INFO:              plotly: 5.24.0
2024-08-31 09:02:09,238:INFO:    plotly-resampler: Not installed
2024-08-31 09:02:09,238:INFO:             kaleido: 0.2.1
2024-08-31 09:02:09,239:INFO:           schemdraw: 0.15
2024-08-31 09:02:09,239:INFO:         statsmodels: 0.14.2
2024-08-31 09:02:09,239:INFO:              sktime: 0.26.0
2024-08-31 09:02:09,239:INFO:               tbats: 1.1.3
2024-08-31 09:02:09,239:INFO:            pmdarima: 2.0.4
2024-08-31 09:02:09,239:INFO:              psutil: 6.0.0
2024-08-31 09:02:09,239:INFO:          markupsafe: 2.1.5
2024-08-31 09:02:09,239:INFO:             pickle5: Not installed
2024-08-31 09:02:09,239:INFO:         cloudpickle: 3.0.0
2024-08-31 09:02:09,239:INFO:         deprecation: 2.1.0
2024-08-31 09:02:09,239:INFO:              xxhash: 3.5.0
2024-08-31 09:02:09,239:INFO:           wurlitzer: Not installed
2024-08-31 09:02:09,239:INFO:PyCaret optional dependencies:
2024-08-31 09:02:09,254:INFO:                shap: Not installed
2024-08-31 09:02:09,254:INFO:           interpret: Not installed
2024-08-31 09:02:09,254:INFO:                umap: Not installed
2024-08-31 09:02:09,254:INFO:     ydata_profiling: Not installed
2024-08-31 09:02:09,254:INFO:  explainerdashboard: Not installed
2024-08-31 09:02:09,254:INFO:             autoviz: Not installed
2024-08-31 09:02:09,254:INFO:           fairlearn: Not installed
2024-08-31 09:02:09,254:INFO:          deepchecks: Not installed
2024-08-31 09:02:09,254:INFO:             xgboost: Not installed
2024-08-31 09:02:09,254:INFO:            catboost: Not installed
2024-08-31 09:02:09,254:INFO:              kmodes: Not installed
2024-08-31 09:02:09,254:INFO:             mlxtend: Not installed
2024-08-31 09:02:09,254:INFO:       statsforecast: Not installed
2024-08-31 09:02:09,254:INFO:        tune_sklearn: Not installed
2024-08-31 09:02:09,254:INFO:                 ray: Not installed
2024-08-31 09:02:09,255:INFO:            hyperopt: Not installed
2024-08-31 09:02:09,255:INFO:              optuna: Not installed
2024-08-31 09:02:09,255:INFO:               skopt: Not installed
2024-08-31 09:02:09,255:INFO:              mlflow: Not installed
2024-08-31 09:02:09,255:INFO:              gradio: Not installed
2024-08-31 09:02:09,255:INFO:             fastapi: Not installed
2024-08-31 09:02:09,255:INFO:             uvicorn: Not installed
2024-08-31 09:02:09,255:INFO:              m2cgen: Not installed
2024-08-31 09:02:09,255:INFO:           evidently: Not installed
2024-08-31 09:02:09,255:INFO:               fugue: Not installed
2024-08-31 09:02:09,255:INFO:           streamlit: Not installed
2024-08-31 09:02:09,255:INFO:             prophet: Not installed
2024-08-31 09:02:09,255:INFO:None
2024-08-31 09:02:09,255:INFO:Set up data.
2024-08-31 09:02:09,259:INFO:Set up folding strategy.
2024-08-31 09:02:09,260:INFO:Set up train/test split.
2024-08-31 09:02:09,266:INFO:Set up index.
2024-08-31 09:02:09,266:INFO:Assigning column types.
2024-08-31 09:02:09,269:INFO:Engine successfully changes for model 'lr' to 'sklearn'.
2024-08-31 09:02:09,310:INFO:Engine for model 'knn' has not been set explicitly, hence returning None.
2024-08-31 09:02:09,320:INFO:Engine for model 'rbfsvm' has not been set explicitly, hence returning None.
2024-08-31 09:02:09,376:WARNING:
'xgboost' is a soft dependency and not included in the pycaret installation. Please run: `pip install xgboost` to install.
Alternately, you can install this by running `pip install pycaret[models]`
2024-08-31 09:02:09,376:WARNING:
'catboost' is a soft dependency and not included in the pycaret installation. Please run: `pip install catboost` to install.
Alternately, you can install this by running `pip install pycaret[models]`
2024-08-31 09:02:09,418:INFO:Engine for model 'knn' has not been set explicitly, hence returning None.
2024-08-31 09:02:09,418:INFO:Engine for model 'rbfsvm' has not been set explicitly, hence returning None.
2024-08-31 09:02:09,444:WARNING:
'xgboost' is a soft dependency and not included in the pycaret installation. Please run: `pip install xgboost` to install.
Alternately, you can install this by running `pip install pycaret[models]`
2024-08-31 09:02:09,444:WARNING:
'catboost' is a soft dependency and not included in the pycaret installation. Please run: `pip install catboost` to install.
Alternately, you can install this by running `pip install pycaret[models]`
2024-08-31 09:02:09,444:INFO:Engine successfully changes for model 'knn' to 'sklearn'.
2024-08-31 09:02:09,487:INFO:Engine for model 'rbfsvm' has not been set explicitly, hence returning None.
2024-08-31 09:02:09,512:WARNING:
'xgboost' is a soft dependency and not included in the pycaret installation. Please run: `pip install xgboost` to install.
Alternately, you can install this by running `pip install pycaret[models]`
2024-08-31 09:02:09,513:WARNING:
'catboost' is a soft dependency and not included in the pycaret installation. Please run: `pip install catboost` to install.
Alternately, you can install this by running `pip install pycaret[models]`
2024-08-31 09:02:09,555:INFO:Engine for model 'rbfsvm' has not been set explicitly, hence returning None.
2024-08-31 09:02:09,581:WARNING:
'xgboost' is a soft dependency and not included in the pycaret installation. Please run: `pip install xgboost` to install.
Alternately, you can install this by running `pip install pycaret[models]`
2024-08-31 09:02:09,581:WARNING:
'catboost' is a soft dependency and not included in the pycaret installation. Please run: `pip install catboost` to install.
Alternately, you can install this by running `pip install pycaret[models]`
2024-08-31 09:02:09,581:INFO:Engine successfully changes for model 'rbfsvm' to 'sklearn'.
2024-08-31 09:02:09,649:WARNING:
'xgboost' is a soft dependency and not included in the pycaret installation. Please run: `pip install xgboost` to install.
Alternately, you can install this by running `pip install pycaret[models]`
2024-08-31 09:02:09,649:WARNING:
'catboost' is a soft dependency and not included in the pycaret installation. Please run: `pip install catboost` to install.
Alternately, you can install this by running `pip install pycaret[models]`
2024-08-31 09:02:09,716:WARNING:
'xgboost' is a soft dependency and not included in the pycaret installation. Please run: `pip install xgboost` to install.
Alternately, you can install this by running `pip install pycaret[models]`
2024-08-31 09:02:09,717:WARNING:
'catboost' is a soft dependency and not included in the pycaret installation. Please run: `pip install catboost` to install.
Alternately, you can install this by running `pip install pycaret[models]`
2024-08-31 09:02:09,718:INFO:Preparing preprocessing pipeline...
2024-08-31 09:02:09,719:INFO:Set up simple imputation.
2024-08-31 09:02:09,720:INFO:Set up column name cleaning.
2024-08-31 09:02:09,753:INFO:Finished creating preprocessing pipeline.
2024-08-31 09:02:09,761:INFO:Pipeline: Pipeline(memory=FastMemory(location=C:\Users\surya\AppData\Local\Temp\joblib),
         steps=[('numerical_imputer',
                 TransformerWrapper(exclude=None,
                                    include=['Number of times pregnant',
                                             'Plasma glucose concentration a 2 '
                                             'hours in an oral glucose '
                                             'tolerance test',
                                             'Diastolic blood pressure (mm Hg)',
                                             'Triceps skin fold thickness (mm)',
                                             '2-Hour serum insulin (mu U/ml)',
                                             'Body mass index (weigh...
                ('categorical_imputer',
                 TransformerWrapper(exclude=None, include=[],
                                    transformer=SimpleImputer(add_indicator=False,
                                                              copy=True,
                                                              fill_value=None,
                                                              keep_empty_features=False,
                                                              missing_values=nan,
                                                              strategy='most_frequent'))),
                ('clean_column_names',
                 TransformerWrapper(exclude=None, include=None,
                                    transformer=CleanColumnNames(match='[\\]\\[\\,\\{\\}\\"\\:]+')))],
         verbose=False)
2024-08-31 09:02:09,761:INFO:Creating final display dataframe.
2024-08-31 09:02:09,819:INFO:Setup _display_container:                     Description             Value
0                    Session id              8366
1                        Target    Class variable
2                   Target type            Binary
3           Original data shape          (768, 9)
4        Transformed data shape          (768, 9)
5   Transformed train set shape          (537, 9)
6    Transformed test set shape          (231, 9)
7              Numeric features                 8
8                    Preprocess              True
9               Imputation type            simple
10           Numeric imputation              mean
11       Categorical imputation              mode
12               Fold Generator   StratifiedKFold
13                  Fold Number                10
14                     CPU Jobs                -1
15                      Use GPU             False
16               Log Experiment             False
17              Experiment Name  clf-default-name
18                          USI              45af
2024-08-31 09:02:09,893:WARNING:
'xgboost' is a soft dependency and not included in the pycaret installation. Please run: `pip install xgboost` to install.
Alternately, you can install this by running `pip install pycaret[models]`
2024-08-31 09:02:09,893:WARNING:
'catboost' is a soft dependency and not included in the pycaret installation. Please run: `pip install catboost` to install.
Alternately, you can install this by running `pip install pycaret[models]`
2024-08-31 09:02:09,962:WARNING:
'xgboost' is a soft dependency and not included in the pycaret installation. Please run: `pip install xgboost` to install.
Alternately, you can install this by running `pip install pycaret[models]`
2024-08-31 09:02:09,962:WARNING:
'catboost' is a soft dependency and not included in the pycaret installation. Please run: `pip install catboost` to install.
Alternately, you can install this by running `pip install pycaret[models]`
2024-08-31 09:02:09,963:INFO:setup() successfully completed in 0.86s...............
2024-08-31 09:05:55,636:WARNING:
'cuml' is a soft dependency and not included in the pycaret installation. Please run: `pip install cuml` to install.
2024-08-31 09:05:55,637:WARNING:
'cuml' is a soft dependency and not included in the pycaret installation. Please run: `pip install cuml` to install.
2024-08-31 09:05:55,637:WARNING:
'cuml' is a soft dependency and not included in the pycaret installation. Please run: `pip install cuml` to install.
2024-08-31 09:05:55,637:WARNING:
'cuml' is a soft dependency and not included in the pycaret installation. Please run: `pip install cuml` to install.
2024-08-31 09:05:56,878:INFO:PyCaret ClassificationExperiment
2024-08-31 09:05:56,879:INFO:Logging name: clf-default-name
2024-08-31 09:05:56,879:INFO:ML Usecase: MLUsecase.CLASSIFICATION
2024-08-31 09:05:56,879:INFO:version 3.3.2
2024-08-31 09:05:56,879:INFO:Initializing setup()
2024-08-31 09:05:56,879:INFO:self.USI: 8f87
2024-08-31 09:05:56,879:INFO:self._variable_keys: {'X_test', 'fold_generator', 'memory', 'target_param', 'html_param', 'gpu_n_jobs_param', 'exp_id', 'data', 'pipeline', 'y_train', '_available_plots', 'n_jobs_param', 'X_train', 'y', 'y_test', 'logging_param', 'gpu_param', 'X', 'exp_name_log', '_ml_usecase', 'log_plots_param', 'USI', 'idx', 'fold_groups_param', 'fold_shuffle_param', 'is_multiclass', 'seed', 'fix_imbalance'}
2024-08-31 09:05:56,879:INFO:Checking environment
2024-08-31 09:05:56,879:INFO:python_version: 3.11.4
2024-08-31 09:05:56,879:INFO:python_build: ('tags/v3.11.4:d2340ef', 'Jun  7 2023 05:45:37')
2024-08-31 09:05:56,879:INFO:machine: AMD64
2024-08-31 09:05:56,921:INFO:platform: Windows-10-10.0.22631-SP0
2024-08-31 09:05:56,926:INFO:Memory: svmem(total=16520773632, available=8404480000, percent=49.1, used=8116293632, free=8404480000)
2024-08-31 09:05:56,927:INFO:Physical Core: 8
2024-08-31 09:05:56,927:INFO:Logical Core: 16
2024-08-31 09:05:56,927:INFO:Checking libraries
2024-08-31 09:05:56,927:INFO:System:
2024-08-31 09:05:56,927:INFO:    python: 3.11.4 (tags/v3.11.4:d2340ef, Jun  7 2023, 05:45:37) [MSC v.1934 64 bit (AMD64)]
2024-08-31 09:05:56,927:INFO:executable: C:\Users\surya\OneDrive\Desktop\Data Science Project\Diabetes analysis\.venv\Scripts\python.exe
2024-08-31 09:05:56,927:INFO:   machine: Windows-10-10.0.22631-SP0
2024-08-31 09:05:56,927:INFO:PyCaret required dependencies:
2024-08-31 09:05:56,954:INFO:                 pip: 23.1.2
2024-08-31 09:05:56,954:INFO:          setuptools: 65.5.0
2024-08-31 09:05:56,955:INFO:             pycaret: 3.3.2
2024-08-31 09:05:56,955:INFO:             IPython: 8.27.0
2024-08-31 09:05:56,955:INFO:          ipywidgets: 8.1.5
2024-08-31 09:05:56,955:INFO:                tqdm: 4.66.5
2024-08-31 09:05:56,955:INFO:               numpy: 1.26.4
2024-08-31 09:05:56,955:INFO:              pandas: 2.1.4
2024-08-31 09:05:56,955:INFO:              jinja2: 3.1.4
2024-08-31 09:05:56,955:INFO:               scipy: 1.11.4
2024-08-31 09:05:56,955:INFO:              joblib: 1.3.2
2024-08-31 09:05:56,955:INFO:             sklearn: 1.4.2
2024-08-31 09:05:56,955:INFO:                pyod: 2.0.1
2024-08-31 09:05:56,955:INFO:            imblearn: 0.12.3
2024-08-31 09:05:56,955:INFO:   category_encoders: 2.6.3
2024-08-31 09:05:56,955:INFO:            lightgbm: 4.5.0
2024-08-31 09:05:56,955:INFO:               numba: 0.60.0
2024-08-31 09:05:56,955:INFO:            requests: 2.32.3
2024-08-31 09:05:56,955:INFO:          matplotlib: 3.7.5
2024-08-31 09:05:56,955:INFO:          scikitplot: 0.3.7
2024-08-31 09:05:56,955:INFO:         yellowbrick: 1.5
2024-08-31 09:05:56,955:INFO:              plotly: 5.24.0
2024-08-31 09:05:56,955:INFO:    plotly-resampler: Not installed
2024-08-31 09:05:56,955:INFO:             kaleido: 0.2.1
2024-08-31 09:05:56,955:INFO:           schemdraw: 0.15
2024-08-31 09:05:56,956:INFO:         statsmodels: 0.14.2
2024-08-31 09:05:56,956:INFO:              sktime: 0.26.0
2024-08-31 09:05:56,956:INFO:               tbats: 1.1.3
2024-08-31 09:05:56,956:INFO:            pmdarima: 2.0.4
2024-08-31 09:05:56,956:INFO:              psutil: 6.0.0
2024-08-31 09:05:56,956:INFO:          markupsafe: 2.1.5
2024-08-31 09:05:56,956:INFO:             pickle5: Not installed
2024-08-31 09:05:56,956:INFO:         cloudpickle: 3.0.0
2024-08-31 09:05:56,956:INFO:         deprecation: 2.1.0
2024-08-31 09:05:56,956:INFO:              xxhash: 3.5.0
2024-08-31 09:05:56,956:INFO:           wurlitzer: Not installed
2024-08-31 09:05:56,956:INFO:PyCaret optional dependencies:
2024-08-31 09:05:56,979:INFO:                shap: Not installed
2024-08-31 09:05:56,979:INFO:           interpret: Not installed
2024-08-31 09:05:56,979:INFO:                umap: Not installed
2024-08-31 09:05:56,979:INFO:     ydata_profiling: Not installed
2024-08-31 09:05:56,979:INFO:  explainerdashboard: Not installed
2024-08-31 09:05:56,979:INFO:             autoviz: Not installed
2024-08-31 09:05:56,979:INFO:           fairlearn: Not installed
2024-08-31 09:05:56,979:INFO:          deepchecks: Not installed
2024-08-31 09:05:56,979:INFO:             xgboost: Not installed
2024-08-31 09:05:56,979:INFO:            catboost: Not installed
2024-08-31 09:05:56,980:INFO:              kmodes: Not installed
2024-08-31 09:05:56,980:INFO:             mlxtend: Not installed
2024-08-31 09:05:56,980:INFO:       statsforecast: Not installed
2024-08-31 09:05:56,980:INFO:        tune_sklearn: Not installed
2024-08-31 09:05:56,980:INFO:                 ray: Not installed
2024-08-31 09:05:56,980:INFO:            hyperopt: Not installed
2024-08-31 09:05:56,980:INFO:              optuna: Not installed
2024-08-31 09:05:56,980:INFO:               skopt: Not installed
2024-08-31 09:05:56,980:INFO:              mlflow: Not installed
2024-08-31 09:05:56,980:INFO:              gradio: Not installed
2024-08-31 09:05:56,980:INFO:             fastapi: Not installed
2024-08-31 09:05:56,980:INFO:             uvicorn: Not installed
2024-08-31 09:05:56,980:INFO:              m2cgen: Not installed
2024-08-31 09:05:56,980:INFO:           evidently: Not installed
2024-08-31 09:05:56,980:INFO:               fugue: Not installed
2024-08-31 09:05:56,980:INFO:           streamlit: Not installed
2024-08-31 09:05:56,981:INFO:             prophet: Not installed
2024-08-31 09:05:56,981:INFO:None
2024-08-31 09:05:56,981:INFO:Set up data.
2024-08-31 09:05:56,984:INFO:Set up folding strategy.
2024-08-31 09:05:56,984:INFO:Set up train/test split.
2024-08-31 09:05:56,988:INFO:Set up index.
2024-08-31 09:05:56,988:INFO:Assigning column types.
2024-08-31 09:05:56,991:INFO:Engine successfully changes for model 'lr' to 'sklearn'.
2024-08-31 09:05:57,042:INFO:Engine for model 'knn' has not been set explicitly, hence returning None.
2024-08-31 09:05:57,045:INFO:Engine for model 'rbfsvm' has not been set explicitly, hence returning None.
2024-08-31 09:05:57,081:WARNING:
'xgboost' is a soft dependency and not included in the pycaret installation. Please run: `pip install xgboost` to install.
Alternately, you can install this by running `pip install pycaret[models]`
2024-08-31 09:05:57,082:WARNING:
'catboost' is a soft dependency and not included in the pycaret installation. Please run: `pip install catboost` to install.
Alternately, you can install this by running `pip install pycaret[models]`
2024-08-31 09:05:57,132:INFO:Engine for model 'knn' has not been set explicitly, hence returning None.
2024-08-31 09:05:57,133:INFO:Engine for model 'rbfsvm' has not been set explicitly, hence returning None.
2024-08-31 09:05:57,164:WARNING:
'xgboost' is a soft dependency and not included in the pycaret installation. Please run: `pip install xgboost` to install.
Alternately, you can install this by running `pip install pycaret[models]`
2024-08-31 09:05:57,164:WARNING:
'catboost' is a soft dependency and not included in the pycaret installation. Please run: `pip install catboost` to install.
Alternately, you can install this by running `pip install pycaret[models]`
2024-08-31 09:05:57,165:INFO:Engine successfully changes for model 'knn' to 'sklearn'.
2024-08-31 09:05:57,216:INFO:Engine for model 'rbfsvm' has not been set explicitly, hence returning None.
2024-08-31 09:05:57,247:WARNING:
'xgboost' is a soft dependency and not included in the pycaret installation. Please run: `pip install xgboost` to install.
Alternately, you can install this by running `pip install pycaret[models]`
2024-08-31 09:05:57,247:WARNING:
'catboost' is a soft dependency and not included in the pycaret installation. Please run: `pip install catboost` to install.
Alternately, you can install this by running `pip install pycaret[models]`
2024-08-31 09:05:57,299:INFO:Engine for model 'rbfsvm' has not been set explicitly, hence returning None.
2024-08-31 09:05:57,330:WARNING:
'xgboost' is a soft dependency and not included in the pycaret installation. Please run: `pip install xgboost` to install.
Alternately, you can install this by running `pip install pycaret[models]`
2024-08-31 09:05:57,331:WARNING:
'catboost' is a soft dependency and not included in the pycaret installation. Please run: `pip install catboost` to install.
Alternately, you can install this by running `pip install pycaret[models]`
2024-08-31 09:05:57,331:INFO:Engine successfully changes for model 'rbfsvm' to 'sklearn'.
2024-08-31 09:05:57,413:WARNING:
'xgboost' is a soft dependency and not included in the pycaret installation. Please run: `pip install xgboost` to install.
Alternately, you can install this by running `pip install pycaret[models]`
2024-08-31 09:05:57,414:WARNING:
'catboost' is a soft dependency and not included in the pycaret installation. Please run: `pip install catboost` to install.
Alternately, you can install this by running `pip install pycaret[models]`
2024-08-31 09:05:57,496:WARNING:
'xgboost' is a soft dependency and not included in the pycaret installation. Please run: `pip install xgboost` to install.
Alternately, you can install this by running `pip install pycaret[models]`
2024-08-31 09:05:57,496:WARNING:
'catboost' is a soft dependency and not included in the pycaret installation. Please run: `pip install catboost` to install.
Alternately, you can install this by running `pip install pycaret[models]`
2024-08-31 09:05:57,498:INFO:Preparing preprocessing pipeline...
2024-08-31 09:05:57,499:INFO:Set up simple imputation.
2024-08-31 09:05:57,500:INFO:Set up column name cleaning.
2024-08-31 09:05:57,522:INFO:Finished creating preprocessing pipeline.
2024-08-31 09:05:57,527:INFO:Pipeline: Pipeline(memory=FastMemory(location=C:\Users\surya\AppData\Local\Temp\joblib),
         steps=[('numerical_imputer',
                 TransformerWrapper(exclude=None,
                                    include=['Number of times pregnant',
                                             'Plasma glucose concentration a 2 '
                                             'hours in an oral glucose '
                                             'tolerance test',
                                             'Diastolic blood pressure (mm Hg)',
                                             'Triceps skin fold thickness (mm)',
                                             '2-Hour serum insulin (mu U/ml)',
                                             'Body mass index (weigh...
                ('categorical_imputer',
                 TransformerWrapper(exclude=None, include=[],
                                    transformer=SimpleImputer(add_indicator=False,
                                                              copy=True,
                                                              fill_value=None,
                                                              keep_empty_features=False,
                                                              missing_values=nan,
                                                              strategy='most_frequent'))),
                ('clean_column_names',
                 TransformerWrapper(exclude=None, include=None,
                                    transformer=CleanColumnNames(match='[\\]\\[\\,\\{\\}\\"\\:]+')))],
         verbose=False)
2024-08-31 09:05:57,527:INFO:Creating final display dataframe.
2024-08-31 09:05:57,588:INFO:Setup _display_container:                     Description             Value
0                    Session id              8740
1                        Target    Class variable
2                   Target type            Binary
3           Original data shape          (768, 9)
4        Transformed data shape          (768, 9)
5   Transformed train set shape          (537, 9)
6    Transformed test set shape          (231, 9)
7              Numeric features                 8
8                    Preprocess              True
9               Imputation type            simple
10           Numeric imputation              mean
11       Categorical imputation              mode
12               Fold Generator   StratifiedKFold
13                  Fold Number                10
14                     CPU Jobs                -1
15                      Use GPU             False
16               Log Experiment             False
17              Experiment Name  clf-default-name
18                          USI              8f87
2024-08-31 09:05:57,678:WARNING:
'xgboost' is a soft dependency and not included in the pycaret installation. Please run: `pip install xgboost` to install.
Alternately, you can install this by running `pip install pycaret[models]`
2024-08-31 09:05:57,678:WARNING:
'catboost' is a soft dependency and not included in the pycaret installation. Please run: `pip install catboost` to install.
Alternately, you can install this by running `pip install pycaret[models]`
2024-08-31 09:05:57,762:WARNING:
'xgboost' is a soft dependency and not included in the pycaret installation. Please run: `pip install xgboost` to install.
Alternately, you can install this by running `pip install pycaret[models]`
2024-08-31 09:05:57,762:WARNING:
'catboost' is a soft dependency and not included in the pycaret installation. Please run: `pip install catboost` to install.
Alternately, you can install this by running `pip install pycaret[models]`
2024-08-31 09:05:57,763:INFO:setup() successfully completed in 0.89s...............
2024-08-31 09:05:57,763:INFO:Initializing compare_models()
2024-08-31 09:05:57,763:INFO:compare_models(self=<pycaret.classification.oop.ClassificationExperiment object at 0x0000017C43E511D0>, include=None, exclude=None, fold=None, round=4, cross_validation=True, sort=Accuracy, n_select=1, budget_time=None, turbo=True, errors=ignore, fit_kwargs=None, groups=None, experiment_custom_tags=None, probability_threshold=None, verbose=True, parallel=None, caller_params={'self': <pycaret.classification.oop.ClassificationExperiment object at 0x0000017C43E511D0>, 'include': None, 'exclude': None, 'fold': None, 'round': 4, 'cross_validation': True, 'sort': 'Accuracy', 'n_select': 1, 'budget_time': None, 'turbo': True, 'errors': 'ignore', 'fit_kwargs': None, 'groups': None, 'experiment_custom_tags': None, 'probability_threshold': None, 'engine': None, 'verbose': True, 'parallel': None, '__class__': <class 'pycaret.classification.oop.ClassificationExperiment'>})
2024-08-31 09:05:57,763:INFO:Checking exceptions
2024-08-31 09:05:57,765:INFO:Preparing display monitor
2024-08-31 09:05:57,770:INFO:Initializing Logistic Regression
2024-08-31 09:05:57,770:INFO:Total runtime is 1.666545867919922e-05 minutes
2024-08-31 09:05:57,770:INFO:SubProcess create_model() called ==================================
2024-08-31 09:05:57,771:INFO:Initializing create_model()
2024-08-31 09:05:57,771:INFO:create_model(self=<pycaret.classification.oop.ClassificationExperiment object at 0x0000017C43E511D0>, estimator=lr, fold=StratifiedKFold(n_splits=10, random_state=None, shuffle=False), round=4, cross_validation=True, predict=True, fit_kwargs={}, groups=None, refit=False, probability_threshold=None, experiment_custom_tags=None, verbose=False, system=False, add_to_model_list=True, metrics=None, display=<pycaret.internal.display.display.CommonDisplay object at 0x0000017C443EBCD0>, model_only=True, return_train_score=False, error_score=0.0, kwargs={})
2024-08-31 09:05:57,771:INFO:Checking exceptions
2024-08-31 09:05:57,771:INFO:Importing libraries
2024-08-31 09:05:57,771:INFO:Copying training dataset
2024-08-31 09:05:57,776:INFO:Defining folds
2024-08-31 09:05:57,776:INFO:Declaring metric variables
2024-08-31 09:05:57,776:INFO:Importing untrained model
2024-08-31 09:05:57,777:INFO:Logistic Regression Imported successfully
2024-08-31 09:05:57,777:INFO:Starting cross validation
2024-08-31 09:05:57,778:INFO:Cross validating with StratifiedKFold(n_splits=10, random_state=None, shuffle=False), n_jobs=-1
2024-08-31 09:06:02,659:INFO:Calculating mean and std
2024-08-31 09:06:02,660:INFO:Creating metrics dataframe
2024-08-31 09:06:02,662:INFO:Uploading results into container
2024-08-31 09:06:02,663:INFO:Uploading model into container now
2024-08-31 09:06:02,663:INFO:_master_model_container: 1
2024-08-31 09:06:02,664:INFO:_display_container: 2
2024-08-31 09:06:02,664:INFO:LogisticRegression(C=1.0, class_weight=None, dual=False, fit_intercept=True,
                   intercept_scaling=1, l1_ratio=None, max_iter=1000,
                   multi_class='auto', n_jobs=None, penalty='l2',
                   random_state=8740, solver='lbfgs', tol=0.0001, verbose=0,
                   warm_start=False)
2024-08-31 09:06:02,664:INFO:create_model() successfully completed......................................
2024-08-31 09:06:02,753:INFO:SubProcess create_model() end ==================================
2024-08-31 09:06:02,753:INFO:Creating metrics dataframe
2024-08-31 09:06:02,755:INFO:Initializing K Neighbors Classifier
2024-08-31 09:06:02,755:INFO:Total runtime is 0.08310123682022096 minutes
2024-08-31 09:06:02,756:INFO:SubProcess create_model() called ==================================
2024-08-31 09:06:02,756:INFO:Initializing create_model()
2024-08-31 09:06:02,756:INFO:create_model(self=<pycaret.classification.oop.ClassificationExperiment object at 0x0000017C43E511D0>, estimator=knn, fold=StratifiedKFold(n_splits=10, random_state=None, shuffle=False), round=4, cross_validation=True, predict=True, fit_kwargs={}, groups=None, refit=False, probability_threshold=None, experiment_custom_tags=None, verbose=False, system=False, add_to_model_list=True, metrics=None, display=<pycaret.internal.display.display.CommonDisplay object at 0x0000017C443EBCD0>, model_only=True, return_train_score=False, error_score=0.0, kwargs={})
2024-08-31 09:06:02,756:INFO:Checking exceptions
2024-08-31 09:06:02,756:INFO:Importing libraries
2024-08-31 09:06:02,756:INFO:Copying training dataset
2024-08-31 09:06:02,759:INFO:Defining folds
2024-08-31 09:06:02,760:INFO:Declaring metric variables
2024-08-31 09:06:02,760:INFO:Importing untrained model
2024-08-31 09:06:02,761:INFO:K Neighbors Classifier Imported successfully
2024-08-31 09:06:02,761:INFO:Starting cross validation
2024-08-31 09:06:02,762:INFO:Cross validating with StratifiedKFold(n_splits=10, random_state=None, shuffle=False), n_jobs=-1
2024-08-31 09:06:05,786:INFO:Calculating mean and std
2024-08-31 09:06:05,787:INFO:Creating metrics dataframe
2024-08-31 09:06:05,789:INFO:Uploading results into container
2024-08-31 09:06:05,790:INFO:Uploading model into container now
2024-08-31 09:06:05,791:INFO:_master_model_container: 2
2024-08-31 09:06:05,791:INFO:_display_container: 2
2024-08-31 09:06:05,792:INFO:KNeighborsClassifier(algorithm='auto', leaf_size=30, metric='minkowski',
                     metric_params=None, n_jobs=-1, n_neighbors=5, p=2,
                     weights='uniform')
2024-08-31 09:06:05,792:INFO:create_model() successfully completed......................................
2024-08-31 09:06:05,881:INFO:SubProcess create_model() end ==================================
2024-08-31 09:06:05,881:INFO:Creating metrics dataframe
2024-08-31 09:06:05,883:INFO:Initializing Naive Bayes
2024-08-31 09:06:05,883:INFO:Total runtime is 0.13523441950480145 minutes
2024-08-31 09:06:05,883:INFO:SubProcess create_model() called ==================================
2024-08-31 09:06:05,883:INFO:Initializing create_model()
2024-08-31 09:06:05,883:INFO:create_model(self=<pycaret.classification.oop.ClassificationExperiment object at 0x0000017C43E511D0>, estimator=nb, fold=StratifiedKFold(n_splits=10, random_state=None, shuffle=False), round=4, cross_validation=True, predict=True, fit_kwargs={}, groups=None, refit=False, probability_threshold=None, experiment_custom_tags=None, verbose=False, system=False, add_to_model_list=True, metrics=None, display=<pycaret.internal.display.display.CommonDisplay object at 0x0000017C443EBCD0>, model_only=True, return_train_score=False, error_score=0.0, kwargs={})
2024-08-31 09:06:05,883:INFO:Checking exceptions
2024-08-31 09:06:05,883:INFO:Importing libraries
2024-08-31 09:06:05,883:INFO:Copying training dataset
2024-08-31 09:06:05,886:INFO:Defining folds
2024-08-31 09:06:05,886:INFO:Declaring metric variables
2024-08-31 09:06:05,886:INFO:Importing untrained model
2024-08-31 09:06:05,886:INFO:Naive Bayes Imported successfully
2024-08-31 09:06:05,886:INFO:Starting cross validation
2024-08-31 09:06:05,887:INFO:Cross validating with StratifiedKFold(n_splits=10, random_state=None, shuffle=False), n_jobs=-1
2024-08-31 09:06:05,956:INFO:Calculating mean and std
2024-08-31 09:06:05,958:INFO:Creating metrics dataframe
2024-08-31 09:06:05,959:INFO:Uploading results into container
2024-08-31 09:06:05,960:INFO:Uploading model into container now
2024-08-31 09:06:05,960:INFO:_master_model_container: 3
2024-08-31 09:06:05,960:INFO:_display_container: 2
2024-08-31 09:06:05,960:INFO:GaussianNB(priors=None, var_smoothing=1e-09)
2024-08-31 09:06:05,960:INFO:create_model() successfully completed......................................
2024-08-31 09:06:06,024:INFO:SubProcess create_model() end ==================================
2024-08-31 09:06:06,024:INFO:Creating metrics dataframe
2024-08-31 09:06:06,026:INFO:Initializing Decision Tree Classifier
2024-08-31 09:06:06,026:INFO:Total runtime is 0.13761891921361288 minutes
2024-08-31 09:06:06,026:INFO:SubProcess create_model() called ==================================
2024-08-31 09:06:06,026:INFO:Initializing create_model()
2024-08-31 09:06:06,026:INFO:create_model(self=<pycaret.classification.oop.ClassificationExperiment object at 0x0000017C43E511D0>, estimator=dt, fold=StratifiedKFold(n_splits=10, random_state=None, shuffle=False), round=4, cross_validation=True, predict=True, fit_kwargs={}, groups=None, refit=False, probability_threshold=None, experiment_custom_tags=None, verbose=False, system=False, add_to_model_list=True, metrics=None, display=<pycaret.internal.display.display.CommonDisplay object at 0x0000017C443EBCD0>, model_only=True, return_train_score=False, error_score=0.0, kwargs={})
2024-08-31 09:06:06,026:INFO:Checking exceptions
2024-08-31 09:06:06,026:INFO:Importing libraries
2024-08-31 09:06:06,026:INFO:Copying training dataset
2024-08-31 09:06:06,028:INFO:Defining folds
2024-08-31 09:06:06,028:INFO:Declaring metric variables
2024-08-31 09:06:06,029:INFO:Importing untrained model
2024-08-31 09:06:06,029:INFO:Decision Tree Classifier Imported successfully
2024-08-31 09:06:06,029:INFO:Starting cross validation
2024-08-31 09:06:06,029:INFO:Cross validating with StratifiedKFold(n_splits=10, random_state=None, shuffle=False), n_jobs=-1
2024-08-31 09:06:06,089:INFO:Calculating mean and std
2024-08-31 09:06:06,095:INFO:Creating metrics dataframe
2024-08-31 09:06:06,096:INFO:Uploading results into container
2024-08-31 09:06:06,097:INFO:Uploading model into container now
2024-08-31 09:06:06,097:INFO:_master_model_container: 4
2024-08-31 09:06:06,097:INFO:_display_container: 2
2024-08-31 09:06:06,097:INFO:DecisionTreeClassifier(ccp_alpha=0.0, class_weight=None, criterion='gini',
                       max_depth=None, max_features=None, max_leaf_nodes=None,
                       min_impurity_decrease=0.0, min_samples_leaf=1,
                       min_samples_split=2, min_weight_fraction_leaf=0.0,
                       monotonic_cst=None, random_state=8740, splitter='best')
2024-08-31 09:06:06,097:INFO:create_model() successfully completed......................................
2024-08-31 09:06:06,163:INFO:SubProcess create_model() end ==================================
2024-08-31 09:06:06,163:INFO:Creating metrics dataframe
2024-08-31 09:06:06,164:INFO:Initializing SVM - Linear Kernel
2024-08-31 09:06:06,164:INFO:Total runtime is 0.13990692297617596 minutes
2024-08-31 09:06:06,165:INFO:SubProcess create_model() called ==================================
2024-08-31 09:06:06,165:INFO:Initializing create_model()
2024-08-31 09:06:06,165:INFO:create_model(self=<pycaret.classification.oop.ClassificationExperiment object at 0x0000017C43E511D0>, estimator=svm, fold=StratifiedKFold(n_splits=10, random_state=None, shuffle=False), round=4, cross_validation=True, predict=True, fit_kwargs={}, groups=None, refit=False, probability_threshold=None, experiment_custom_tags=None, verbose=False, system=False, add_to_model_list=True, metrics=None, display=<pycaret.internal.display.display.CommonDisplay object at 0x0000017C443EBCD0>, model_only=True, return_train_score=False, error_score=0.0, kwargs={})
2024-08-31 09:06:06,165:INFO:Checking exceptions
2024-08-31 09:06:06,165:INFO:Importing libraries
2024-08-31 09:06:06,165:INFO:Copying training dataset
2024-08-31 09:06:06,168:INFO:Defining folds
2024-08-31 09:06:06,168:INFO:Declaring metric variables
2024-08-31 09:06:06,168:INFO:Importing untrained model
2024-08-31 09:06:06,169:INFO:SVM - Linear Kernel Imported successfully
2024-08-31 09:06:06,169:INFO:Starting cross validation
2024-08-31 09:06:06,169:INFO:Cross validating with StratifiedKFold(n_splits=10, random_state=None, shuffle=False), n_jobs=-1
2024-08-31 09:06:06,222:WARNING:C:\Users\surya\OneDrive\Desktop\Data Science Project\Diabetes analysis\.venv\Lib\site-packages\sklearn\metrics\_classification.py:1509: UndefinedMetricWarning: Precision is ill-defined and being set to 0.0 due to no predicted samples. Use `zero_division` parameter to control this behavior.
  _warn_prf(average, modifier, f"{metric.capitalize()} is", len(result))

2024-08-31 09:06:06,229:INFO:Calculating mean and std
2024-08-31 09:06:06,229:INFO:Creating metrics dataframe
2024-08-31 09:06:06,231:INFO:Uploading results into container
2024-08-31 09:06:06,231:INFO:Uploading model into container now
2024-08-31 09:06:06,231:INFO:_master_model_container: 5
2024-08-31 09:06:06,231:INFO:_display_container: 2
2024-08-31 09:06:06,232:INFO:SGDClassifier(alpha=0.0001, average=False, class_weight=None,
              early_stopping=False, epsilon=0.1, eta0=0.001, fit_intercept=True,
              l1_ratio=0.15, learning_rate='optimal', loss='hinge',
              max_iter=1000, n_iter_no_change=5, n_jobs=-1, penalty='l2',
              power_t=0.5, random_state=8740, shuffle=True, tol=0.001,
              validation_fraction=0.1, verbose=0, warm_start=False)
2024-08-31 09:06:06,232:INFO:create_model() successfully completed......................................
2024-08-31 09:06:06,297:INFO:SubProcess create_model() end ==================================
2024-08-31 09:06:06,297:INFO:Creating metrics dataframe
2024-08-31 09:06:06,299:INFO:Initializing Ridge Classifier
2024-08-31 09:06:06,299:INFO:Total runtime is 0.14216185410817467 minutes
2024-08-31 09:06:06,299:INFO:SubProcess create_model() called ==================================
2024-08-31 09:06:06,300:INFO:Initializing create_model()
2024-08-31 09:06:06,300:INFO:create_model(self=<pycaret.classification.oop.ClassificationExperiment object at 0x0000017C43E511D0>, estimator=ridge, fold=StratifiedKFold(n_splits=10, random_state=None, shuffle=False), round=4, cross_validation=True, predict=True, fit_kwargs={}, groups=None, refit=False, probability_threshold=None, experiment_custom_tags=None, verbose=False, system=False, add_to_model_list=True, metrics=None, display=<pycaret.internal.display.display.CommonDisplay object at 0x0000017C443EBCD0>, model_only=True, return_train_score=False, error_score=0.0, kwargs={})
2024-08-31 09:06:06,300:INFO:Checking exceptions
2024-08-31 09:06:06,300:INFO:Importing libraries
2024-08-31 09:06:06,300:INFO:Copying training dataset
2024-08-31 09:06:06,303:INFO:Defining folds
2024-08-31 09:06:06,303:INFO:Declaring metric variables
2024-08-31 09:06:06,303:INFO:Importing untrained model
2024-08-31 09:06:06,303:INFO:Ridge Classifier Imported successfully
2024-08-31 09:06:06,303:INFO:Starting cross validation
2024-08-31 09:06:06,304:INFO:Cross validating with StratifiedKFold(n_splits=10, random_state=None, shuffle=False), n_jobs=-1
2024-08-31 09:06:06,363:INFO:Calculating mean and std
2024-08-31 09:06:06,364:INFO:Creating metrics dataframe
2024-08-31 09:06:06,366:INFO:Uploading results into container
2024-08-31 09:06:06,366:INFO:Uploading model into container now
2024-08-31 09:06:06,367:INFO:_master_model_container: 6
2024-08-31 09:06:06,367:INFO:_display_container: 2
2024-08-31 09:06:06,367:INFO:RidgeClassifier(alpha=1.0, class_weight=None, copy_X=True, fit_intercept=True,
                max_iter=None, positive=False, random_state=8740, solver='auto',
                tol=0.0001)
2024-08-31 09:06:06,367:INFO:create_model() successfully completed......................................
2024-08-31 09:06:06,433:INFO:SubProcess create_model() end ==================================
2024-08-31 09:06:06,434:INFO:Creating metrics dataframe
2024-08-31 09:06:06,435:INFO:Initializing Random Forest Classifier
2024-08-31 09:06:06,436:INFO:Total runtime is 0.14444924195607506 minutes
2024-08-31 09:06:06,436:INFO:SubProcess create_model() called ==================================
2024-08-31 09:06:06,436:INFO:Initializing create_model()
2024-08-31 09:06:06,436:INFO:create_model(self=<pycaret.classification.oop.ClassificationExperiment object at 0x0000017C43E511D0>, estimator=rf, fold=StratifiedKFold(n_splits=10, random_state=None, shuffle=False), round=4, cross_validation=True, predict=True, fit_kwargs={}, groups=None, refit=False, probability_threshold=None, experiment_custom_tags=None, verbose=False, system=False, add_to_model_list=True, metrics=None, display=<pycaret.internal.display.display.CommonDisplay object at 0x0000017C443EBCD0>, model_only=True, return_train_score=False, error_score=0.0, kwargs={})
2024-08-31 09:06:06,436:INFO:Checking exceptions
2024-08-31 09:06:06,436:INFO:Importing libraries
2024-08-31 09:06:06,436:INFO:Copying training dataset
2024-08-31 09:06:06,439:INFO:Defining folds
2024-08-31 09:06:06,439:INFO:Declaring metric variables
2024-08-31 09:06:06,439:INFO:Importing untrained model
2024-08-31 09:06:06,439:INFO:Random Forest Classifier Imported successfully
2024-08-31 09:06:06,439:INFO:Starting cross validation
2024-08-31 09:06:06,440:INFO:Cross validating with StratifiedKFold(n_splits=10, random_state=None, shuffle=False), n_jobs=-1
2024-08-31 09:06:06,862:INFO:Calculating mean and std
2024-08-31 09:06:06,863:INFO:Creating metrics dataframe
2024-08-31 09:06:06,865:INFO:Uploading results into container
2024-08-31 09:06:06,865:INFO:Uploading model into container now
2024-08-31 09:06:06,865:INFO:_master_model_container: 7
2024-08-31 09:06:06,865:INFO:_display_container: 2
2024-08-31 09:06:06,866:INFO:RandomForestClassifier(bootstrap=True, ccp_alpha=0.0, class_weight=None,
                       criterion='gini', max_depth=None, max_features='sqrt',
                       max_leaf_nodes=None, max_samples=None,
                       min_impurity_decrease=0.0, min_samples_leaf=1,
                       min_samples_split=2, min_weight_fraction_leaf=0.0,
                       monotonic_cst=None, n_estimators=100, n_jobs=-1,
                       oob_score=False, random_state=8740, verbose=0,
                       warm_start=False)
2024-08-31 09:06:06,866:INFO:create_model() successfully completed......................................
2024-08-31 09:06:06,934:INFO:SubProcess create_model() end ==================================
2024-08-31 09:06:06,934:INFO:Creating metrics dataframe
2024-08-31 09:06:06,936:INFO:Initializing Quadratic Discriminant Analysis
2024-08-31 09:06:06,936:INFO:Total runtime is 0.1527798652648926 minutes
2024-08-31 09:06:06,936:INFO:SubProcess create_model() called ==================================
2024-08-31 09:06:06,936:INFO:Initializing create_model()
2024-08-31 09:06:06,936:INFO:create_model(self=<pycaret.classification.oop.ClassificationExperiment object at 0x0000017C43E511D0>, estimator=qda, fold=StratifiedKFold(n_splits=10, random_state=None, shuffle=False), round=4, cross_validation=True, predict=True, fit_kwargs={}, groups=None, refit=False, probability_threshold=None, experiment_custom_tags=None, verbose=False, system=False, add_to_model_list=True, metrics=None, display=<pycaret.internal.display.display.CommonDisplay object at 0x0000017C443EBCD0>, model_only=True, return_train_score=False, error_score=0.0, kwargs={})
2024-08-31 09:06:06,936:INFO:Checking exceptions
2024-08-31 09:06:06,936:INFO:Importing libraries
2024-08-31 09:06:06,936:INFO:Copying training dataset
2024-08-31 09:06:06,939:INFO:Defining folds
2024-08-31 09:06:06,939:INFO:Declaring metric variables
2024-08-31 09:06:06,939:INFO:Importing untrained model
2024-08-31 09:06:06,939:INFO:Quadratic Discriminant Analysis Imported successfully
2024-08-31 09:06:06,939:INFO:Starting cross validation
2024-08-31 09:06:06,940:INFO:Cross validating with StratifiedKFold(n_splits=10, random_state=None, shuffle=False), n_jobs=-1
2024-08-31 09:06:06,998:INFO:Calculating mean and std
2024-08-31 09:06:06,999:INFO:Creating metrics dataframe
2024-08-31 09:06:07,000:INFO:Uploading results into container
2024-08-31 09:06:07,000:INFO:Uploading model into container now
2024-08-31 09:06:07,001:INFO:_master_model_container: 8
2024-08-31 09:06:07,001:INFO:_display_container: 2
2024-08-31 09:06:07,001:INFO:QuadraticDiscriminantAnalysis(priors=None, reg_param=0.0,
                              store_covariance=False, tol=0.0001)
2024-08-31 09:06:07,001:INFO:create_model() successfully completed......................................
2024-08-31 09:06:07,065:INFO:SubProcess create_model() end ==================================
2024-08-31 09:06:07,065:INFO:Creating metrics dataframe
2024-08-31 09:06:07,067:INFO:Initializing Ada Boost Classifier
2024-08-31 09:06:07,067:INFO:Total runtime is 0.15496918360392253 minutes
2024-08-31 09:06:07,067:INFO:SubProcess create_model() called ==================================
2024-08-31 09:06:07,067:INFO:Initializing create_model()
2024-08-31 09:06:07,067:INFO:create_model(self=<pycaret.classification.oop.ClassificationExperiment object at 0x0000017C43E511D0>, estimator=ada, fold=StratifiedKFold(n_splits=10, random_state=None, shuffle=False), round=4, cross_validation=True, predict=True, fit_kwargs={}, groups=None, refit=False, probability_threshold=None, experiment_custom_tags=None, verbose=False, system=False, add_to_model_list=True, metrics=None, display=<pycaret.internal.display.display.CommonDisplay object at 0x0000017C443EBCD0>, model_only=True, return_train_score=False, error_score=0.0, kwargs={})
2024-08-31 09:06:07,067:INFO:Checking exceptions
2024-08-31 09:06:07,067:INFO:Importing libraries
2024-08-31 09:06:07,067:INFO:Copying training dataset
2024-08-31 09:06:07,070:INFO:Defining folds
2024-08-31 09:06:07,070:INFO:Declaring metric variables
2024-08-31 09:06:07,070:INFO:Importing untrained model
2024-08-31 09:06:07,070:INFO:Ada Boost Classifier Imported successfully
2024-08-31 09:06:07,070:INFO:Starting cross validation
2024-08-31 09:06:07,071:INFO:Cross validating with StratifiedKFold(n_splits=10, random_state=None, shuffle=False), n_jobs=-1
2024-08-31 09:06:07,091:WARNING:C:\Users\surya\OneDrive\Desktop\Data Science Project\Diabetes analysis\.venv\Lib\site-packages\sklearn\ensemble\_weight_boosting.py:519: FutureWarning: The SAMME.R algorithm (the default) is deprecated and will be removed in 1.6. Use the SAMME algorithm to circumvent this warning.
  warnings.warn(

2024-08-31 09:06:07,094:WARNING:C:\Users\surya\OneDrive\Desktop\Data Science Project\Diabetes analysis\.venv\Lib\site-packages\sklearn\ensemble\_weight_boosting.py:519: FutureWarning: The SAMME.R algorithm (the default) is deprecated and will be removed in 1.6. Use the SAMME algorithm to circumvent this warning.
  warnings.warn(

2024-08-31 09:06:07,095:WARNING:C:\Users\surya\OneDrive\Desktop\Data Science Project\Diabetes analysis\.venv\Lib\site-packages\sklearn\ensemble\_weight_boosting.py:519: FutureWarning: The SAMME.R algorithm (the default) is deprecated and will be removed in 1.6. Use the SAMME algorithm to circumvent this warning.
  warnings.warn(

2024-08-31 09:06:07,095:WARNING:C:\Users\surya\OneDrive\Desktop\Data Science Project\Diabetes analysis\.venv\Lib\site-packages\sklearn\ensemble\_weight_boosting.py:519: FutureWarning: The SAMME.R algorithm (the default) is deprecated and will be removed in 1.6. Use the SAMME algorithm to circumvent this warning.
  warnings.warn(

2024-08-31 09:06:07,095:WARNING:C:\Users\surya\OneDrive\Desktop\Data Science Project\Diabetes analysis\.venv\Lib\site-packages\sklearn\ensemble\_weight_boosting.py:519: FutureWarning: The SAMME.R algorithm (the default) is deprecated and will be removed in 1.6. Use the SAMME algorithm to circumvent this warning.
  warnings.warn(

2024-08-31 09:06:07,098:WARNING:C:\Users\surya\OneDrive\Desktop\Data Science Project\Diabetes analysis\.venv\Lib\site-packages\sklearn\ensemble\_weight_boosting.py:519: FutureWarning: The SAMME.R algorithm (the default) is deprecated and will be removed in 1.6. Use the SAMME algorithm to circumvent this warning.
  warnings.warn(

2024-08-31 09:06:07,100:WARNING:C:\Users\surya\OneDrive\Desktop\Data Science Project\Diabetes analysis\.venv\Lib\site-packages\sklearn\ensemble\_weight_boosting.py:519: FutureWarning: The SAMME.R algorithm (the default) is deprecated and will be removed in 1.6. Use the SAMME algorithm to circumvent this warning.
  warnings.warn(

2024-08-31 09:06:07,102:WARNING:C:\Users\surya\OneDrive\Desktop\Data Science Project\Diabetes analysis\.venv\Lib\site-packages\sklearn\ensemble\_weight_boosting.py:519: FutureWarning: The SAMME.R algorithm (the default) is deprecated and will be removed in 1.6. Use the SAMME algorithm to circumvent this warning.
  warnings.warn(

2024-08-31 09:06:07,104:WARNING:C:\Users\surya\OneDrive\Desktop\Data Science Project\Diabetes analysis\.venv\Lib\site-packages\sklearn\ensemble\_weight_boosting.py:519: FutureWarning: The SAMME.R algorithm (the default) is deprecated and will be removed in 1.6. Use the SAMME algorithm to circumvent this warning.
  warnings.warn(

2024-08-31 09:06:07,105:WARNING:C:\Users\surya\OneDrive\Desktop\Data Science Project\Diabetes analysis\.venv\Lib\site-packages\sklearn\ensemble\_weight_boosting.py:519: FutureWarning: The SAMME.R algorithm (the default) is deprecated and will be removed in 1.6. Use the SAMME algorithm to circumvent this warning.
  warnings.warn(

2024-08-31 09:06:07,287:INFO:Calculating mean and std
2024-08-31 09:06:07,288:INFO:Creating metrics dataframe
2024-08-31 09:06:07,290:INFO:Uploading results into container
2024-08-31 09:06:07,290:INFO:Uploading model into container now
2024-08-31 09:06:07,290:INFO:_master_model_container: 9
2024-08-31 09:06:07,290:INFO:_display_container: 2
2024-08-31 09:06:07,291:INFO:AdaBoostClassifier(algorithm='SAMME.R', estimator=None, learning_rate=1.0,
                   n_estimators=50, random_state=8740)
2024-08-31 09:06:07,291:INFO:create_model() successfully completed......................................
2024-08-31 09:06:07,356:INFO:SubProcess create_model() end ==================================
2024-08-31 09:06:07,356:INFO:Creating metrics dataframe
2024-08-31 09:06:07,358:INFO:Initializing Gradient Boosting Classifier
2024-08-31 09:06:07,358:INFO:Total runtime is 0.15981569687525432 minutes
2024-08-31 09:06:07,358:INFO:SubProcess create_model() called ==================================
2024-08-31 09:06:07,358:INFO:Initializing create_model()
2024-08-31 09:06:07,358:INFO:create_model(self=<pycaret.classification.oop.ClassificationExperiment object at 0x0000017C43E511D0>, estimator=gbc, fold=StratifiedKFold(n_splits=10, random_state=None, shuffle=False), round=4, cross_validation=True, predict=True, fit_kwargs={}, groups=None, refit=False, probability_threshold=None, experiment_custom_tags=None, verbose=False, system=False, add_to_model_list=True, metrics=None, display=<pycaret.internal.display.display.CommonDisplay object at 0x0000017C443EBCD0>, model_only=True, return_train_score=False, error_score=0.0, kwargs={})
2024-08-31 09:06:07,358:INFO:Checking exceptions
2024-08-31 09:06:07,358:INFO:Importing libraries
2024-08-31 09:06:07,358:INFO:Copying training dataset
2024-08-31 09:06:07,360:INFO:Defining folds
2024-08-31 09:06:07,360:INFO:Declaring metric variables
2024-08-31 09:06:07,361:INFO:Importing untrained model
2024-08-31 09:06:07,361:INFO:Gradient Boosting Classifier Imported successfully
2024-08-31 09:06:07,361:INFO:Starting cross validation
2024-08-31 09:06:07,361:INFO:Cross validating with StratifiedKFold(n_splits=10, random_state=None, shuffle=False), n_jobs=-1
2024-08-31 09:06:07,648:INFO:Calculating mean and std
2024-08-31 09:06:07,649:INFO:Creating metrics dataframe
2024-08-31 09:06:07,651:INFO:Uploading results into container
2024-08-31 09:06:07,651:INFO:Uploading model into container now
2024-08-31 09:06:07,652:INFO:_master_model_container: 10
2024-08-31 09:06:07,652:INFO:_display_container: 2
2024-08-31 09:06:07,652:INFO:GradientBoostingClassifier(ccp_alpha=0.0, criterion='friedman_mse', init=None,
                           learning_rate=0.1, loss='log_loss', max_depth=3,
                           max_features=None, max_leaf_nodes=None,
                           min_impurity_decrease=0.0, min_samples_leaf=1,
                           min_samples_split=2, min_weight_fraction_leaf=0.0,
                           n_estimators=100, n_iter_no_change=None,
                           random_state=8740, subsample=1.0, tol=0.0001,
                           validation_fraction=0.1, verbose=0,
                           warm_start=False)
2024-08-31 09:06:07,652:INFO:create_model() successfully completed......................................
2024-08-31 09:06:07,716:INFO:SubProcess create_model() end ==================================
2024-08-31 09:06:07,716:INFO:Creating metrics dataframe
2024-08-31 09:06:07,718:INFO:Initializing Linear Discriminant Analysis
2024-08-31 09:06:07,718:INFO:Total runtime is 0.1658171892166138 minutes
2024-08-31 09:06:07,718:INFO:SubProcess create_model() called ==================================
2024-08-31 09:06:07,719:INFO:Initializing create_model()
2024-08-31 09:06:07,719:INFO:create_model(self=<pycaret.classification.oop.ClassificationExperiment object at 0x0000017C43E511D0>, estimator=lda, fold=StratifiedKFold(n_splits=10, random_state=None, shuffle=False), round=4, cross_validation=True, predict=True, fit_kwargs={}, groups=None, refit=False, probability_threshold=None, experiment_custom_tags=None, verbose=False, system=False, add_to_model_list=True, metrics=None, display=<pycaret.internal.display.display.CommonDisplay object at 0x0000017C443EBCD0>, model_only=True, return_train_score=False, error_score=0.0, kwargs={})
2024-08-31 09:06:07,719:INFO:Checking exceptions
2024-08-31 09:06:07,719:INFO:Importing libraries
2024-08-31 09:06:07,719:INFO:Copying training dataset
2024-08-31 09:06:07,721:INFO:Defining folds
2024-08-31 09:06:07,721:INFO:Declaring metric variables
2024-08-31 09:06:07,721:INFO:Importing untrained model
2024-08-31 09:06:07,721:INFO:Linear Discriminant Analysis Imported successfully
2024-08-31 09:06:07,721:INFO:Starting cross validation
2024-08-31 09:06:07,722:INFO:Cross validating with StratifiedKFold(n_splits=10, random_state=None, shuffle=False), n_jobs=-1
2024-08-31 09:06:07,781:INFO:Calculating mean and std
2024-08-31 09:06:07,783:INFO:Creating metrics dataframe
2024-08-31 09:06:07,785:INFO:Uploading results into container
2024-08-31 09:06:07,786:INFO:Uploading model into container now
2024-08-31 09:06:07,786:INFO:_master_model_container: 11
2024-08-31 09:06:07,786:INFO:_display_container: 2
2024-08-31 09:06:07,786:INFO:LinearDiscriminantAnalysis(covariance_estimator=None, n_components=None,
                           priors=None, shrinkage=None, solver='svd',
                           store_covariance=False, tol=0.0001)
2024-08-31 09:06:07,786:INFO:create_model() successfully completed......................................
2024-08-31 09:06:07,850:INFO:SubProcess create_model() end ==================================
2024-08-31 09:06:07,850:INFO:Creating metrics dataframe
2024-08-31 09:06:07,852:INFO:Initializing Extra Trees Classifier
2024-08-31 09:06:07,852:INFO:Total runtime is 0.16804506381352743 minutes
2024-08-31 09:06:07,852:INFO:SubProcess create_model() called ==================================
2024-08-31 09:06:07,852:INFO:Initializing create_model()
2024-08-31 09:06:07,853:INFO:create_model(self=<pycaret.classification.oop.ClassificationExperiment object at 0x0000017C43E511D0>, estimator=et, fold=StratifiedKFold(n_splits=10, random_state=None, shuffle=False), round=4, cross_validation=True, predict=True, fit_kwargs={}, groups=None, refit=False, probability_threshold=None, experiment_custom_tags=None, verbose=False, system=False, add_to_model_list=True, metrics=None, display=<pycaret.internal.display.display.CommonDisplay object at 0x0000017C443EBCD0>, model_only=True, return_train_score=False, error_score=0.0, kwargs={})
2024-08-31 09:06:07,853:INFO:Checking exceptions
2024-08-31 09:06:07,853:INFO:Importing libraries
2024-08-31 09:06:07,853:INFO:Copying training dataset
2024-08-31 09:06:07,855:INFO:Defining folds
2024-08-31 09:06:07,855:INFO:Declaring metric variables
2024-08-31 09:06:07,855:INFO:Importing untrained model
2024-08-31 09:06:07,856:INFO:Extra Trees Classifier Imported successfully
2024-08-31 09:06:07,856:INFO:Starting cross validation
2024-08-31 09:06:07,856:INFO:Cross validating with StratifiedKFold(n_splits=10, random_state=None, shuffle=False), n_jobs=-1
2024-08-31 09:06:08,206:INFO:Calculating mean and std
2024-08-31 09:06:08,207:INFO:Creating metrics dataframe
2024-08-31 09:06:08,209:INFO:Uploading results into container
2024-08-31 09:06:08,209:INFO:Uploading model into container now
2024-08-31 09:06:08,210:INFO:_master_model_container: 12
2024-08-31 09:06:08,210:INFO:_display_container: 2
2024-08-31 09:06:08,210:INFO:ExtraTreesClassifier(bootstrap=False, ccp_alpha=0.0, class_weight=None,
                     criterion='gini', max_depth=None, max_features='sqrt',
                     max_leaf_nodes=None, max_samples=None,
                     min_impurity_decrease=0.0, min_samples_leaf=1,
                     min_samples_split=2, min_weight_fraction_leaf=0.0,
                     monotonic_cst=None, n_estimators=100, n_jobs=-1,
                     oob_score=False, random_state=8740, verbose=0,
                     warm_start=False)
2024-08-31 09:06:08,210:INFO:create_model() successfully completed......................................
2024-08-31 09:06:08,276:INFO:SubProcess create_model() end ==================================
2024-08-31 09:06:08,276:INFO:Creating metrics dataframe
2024-08-31 09:06:08,278:INFO:Initializing Light Gradient Boosting Machine
2024-08-31 09:06:08,278:INFO:Total runtime is 0.17514919042587282 minutes
2024-08-31 09:06:08,278:INFO:SubProcess create_model() called ==================================
2024-08-31 09:06:08,279:INFO:Initializing create_model()
2024-08-31 09:06:08,279:INFO:create_model(self=<pycaret.classification.oop.ClassificationExperiment object at 0x0000017C43E511D0>, estimator=lightgbm, fold=StratifiedKFold(n_splits=10, random_state=None, shuffle=False), round=4, cross_validation=True, predict=True, fit_kwargs={}, groups=None, refit=False, probability_threshold=None, experiment_custom_tags=None, verbose=False, system=False, add_to_model_list=True, metrics=None, display=<pycaret.internal.display.display.CommonDisplay object at 0x0000017C443EBCD0>, model_only=True, return_train_score=False, error_score=0.0, kwargs={})
2024-08-31 09:06:08,279:INFO:Checking exceptions
2024-08-31 09:06:08,279:INFO:Importing libraries
2024-08-31 09:06:08,279:INFO:Copying training dataset
2024-08-31 09:06:08,281:INFO:Defining folds
2024-08-31 09:06:08,282:INFO:Declaring metric variables
2024-08-31 09:06:08,282:INFO:Importing untrained model
2024-08-31 09:06:08,282:INFO:Light Gradient Boosting Machine Imported successfully
2024-08-31 09:06:08,282:INFO:Starting cross validation
2024-08-31 09:06:08,283:INFO:Cross validating with StratifiedKFold(n_splits=10, random_state=None, shuffle=False), n_jobs=-1
2024-08-31 09:06:08,970:INFO:Calculating mean and std
2024-08-31 09:06:08,971:INFO:Creating metrics dataframe
2024-08-31 09:06:08,973:INFO:Uploading results into container
2024-08-31 09:06:08,974:INFO:Uploading model into container now
2024-08-31 09:06:08,974:INFO:_master_model_container: 13
2024-08-31 09:06:08,974:INFO:_display_container: 2
2024-08-31 09:06:08,975:INFO:LGBMClassifier(boosting_type='gbdt', class_weight=None, colsample_bytree=1.0,
               importance_type='split', learning_rate=0.1, max_depth=-1,
               min_child_samples=20, min_child_weight=0.001, min_split_gain=0.0,
               n_estimators=100, n_jobs=-1, num_leaves=31, objective=None,
               random_state=8740, reg_alpha=0.0, reg_lambda=0.0, subsample=1.0,
               subsample_for_bin=200000, subsample_freq=0)
2024-08-31 09:06:08,975:INFO:create_model() successfully completed......................................
2024-08-31 09:06:09,059:INFO:SubProcess create_model() end ==================================
2024-08-31 09:06:09,059:INFO:Creating metrics dataframe
2024-08-31 09:06:09,061:INFO:Initializing Dummy Classifier
2024-08-31 09:06:09,061:INFO:Total runtime is 0.1881991783777873 minutes
2024-08-31 09:06:09,061:INFO:SubProcess create_model() called ==================================
2024-08-31 09:06:09,061:INFO:Initializing create_model()
2024-08-31 09:06:09,061:INFO:create_model(self=<pycaret.classification.oop.ClassificationExperiment object at 0x0000017C43E511D0>, estimator=dummy, fold=StratifiedKFold(n_splits=10, random_state=None, shuffle=False), round=4, cross_validation=True, predict=True, fit_kwargs={}, groups=None, refit=False, probability_threshold=None, experiment_custom_tags=None, verbose=False, system=False, add_to_model_list=True, metrics=None, display=<pycaret.internal.display.display.CommonDisplay object at 0x0000017C443EBCD0>, model_only=True, return_train_score=False, error_score=0.0, kwargs={})
2024-08-31 09:06:09,062:INFO:Checking exceptions
2024-08-31 09:06:09,062:INFO:Importing libraries
2024-08-31 09:06:09,062:INFO:Copying training dataset
2024-08-31 09:06:09,064:INFO:Defining folds
2024-08-31 09:06:09,064:INFO:Declaring metric variables
2024-08-31 09:06:09,065:INFO:Importing untrained model
2024-08-31 09:06:09,065:INFO:Dummy Classifier Imported successfully
2024-08-31 09:06:09,065:INFO:Starting cross validation
2024-08-31 09:06:09,065:INFO:Cross validating with StratifiedKFold(n_splits=10, random_state=None, shuffle=False), n_jobs=-1
2024-08-31 09:06:09,098:WARNING:C:\Users\surya\OneDrive\Desktop\Data Science Project\Diabetes analysis\.venv\Lib\site-packages\sklearn\metrics\_classification.py:1509: UndefinedMetricWarning: Precision is ill-defined and being set to 0.0 due to no predicted samples. Use `zero_division` parameter to control this behavior.
  _warn_prf(average, modifier, f"{metric.capitalize()} is", len(result))

2024-08-31 09:06:09,100:WARNING:C:\Users\surya\OneDrive\Desktop\Data Science Project\Diabetes analysis\.venv\Lib\site-packages\sklearn\metrics\_classification.py:1509: UndefinedMetricWarning: Precision is ill-defined and being set to 0.0 due to no predicted samples. Use `zero_division` parameter to control this behavior.
  _warn_prf(average, modifier, f"{metric.capitalize()} is", len(result))

2024-08-31 09:06:09,101:WARNING:C:\Users\surya\OneDrive\Desktop\Data Science Project\Diabetes analysis\.venv\Lib\site-packages\sklearn\metrics\_classification.py:1509: UndefinedMetricWarning: Precision is ill-defined and being set to 0.0 due to no predicted samples. Use `zero_division` parameter to control this behavior.
  _warn_prf(average, modifier, f"{metric.capitalize()} is", len(result))

2024-08-31 09:06:09,104:WARNING:C:\Users\surya\OneDrive\Desktop\Data Science Project\Diabetes analysis\.venv\Lib\site-packages\sklearn\metrics\_classification.py:1509: UndefinedMetricWarning: Precision is ill-defined and being set to 0.0 due to no predicted samples. Use `zero_division` parameter to control this behavior.
  _warn_prf(average, modifier, f"{metric.capitalize()} is", len(result))

2024-08-31 09:06:09,105:WARNING:C:\Users\surya\OneDrive\Desktop\Data Science Project\Diabetes analysis\.venv\Lib\site-packages\sklearn\metrics\_classification.py:1509: UndefinedMetricWarning: Precision is ill-defined and being set to 0.0 due to no predicted samples. Use `zero_division` parameter to control this behavior.
  _warn_prf(average, modifier, f"{metric.capitalize()} is", len(result))

2024-08-31 09:06:09,106:WARNING:C:\Users\surya\OneDrive\Desktop\Data Science Project\Diabetes analysis\.venv\Lib\site-packages\sklearn\metrics\_classification.py:1509: UndefinedMetricWarning: Precision is ill-defined and being set to 0.0 due to no predicted samples. Use `zero_division` parameter to control this behavior.
  _warn_prf(average, modifier, f"{metric.capitalize()} is", len(result))

2024-08-31 09:06:09,111:WARNING:C:\Users\surya\OneDrive\Desktop\Data Science Project\Diabetes analysis\.venv\Lib\site-packages\sklearn\metrics\_classification.py:1509: UndefinedMetricWarning: Precision is ill-defined and being set to 0.0 due to no predicted samples. Use `zero_division` parameter to control this behavior.
  _warn_prf(average, modifier, f"{metric.capitalize()} is", len(result))

2024-08-31 09:06:09,113:WARNING:C:\Users\surya\OneDrive\Desktop\Data Science Project\Diabetes analysis\.venv\Lib\site-packages\sklearn\metrics\_classification.py:1509: UndefinedMetricWarning: Precision is ill-defined and being set to 0.0 due to no predicted samples. Use `zero_division` parameter to control this behavior.
  _warn_prf(average, modifier, f"{metric.capitalize()} is", len(result))

2024-08-31 09:06:09,114:WARNING:C:\Users\surya\OneDrive\Desktop\Data Science Project\Diabetes analysis\.venv\Lib\site-packages\sklearn\metrics\_classification.py:1509: UndefinedMetricWarning: Precision is ill-defined and being set to 0.0 due to no predicted samples. Use `zero_division` parameter to control this behavior.
  _warn_prf(average, modifier, f"{metric.capitalize()} is", len(result))

2024-08-31 09:06:09,114:WARNING:C:\Users\surya\OneDrive\Desktop\Data Science Project\Diabetes analysis\.venv\Lib\site-packages\sklearn\metrics\_classification.py:1509: UndefinedMetricWarning: Precision is ill-defined and being set to 0.0 due to no predicted samples. Use `zero_division` parameter to control this behavior.
  _warn_prf(average, modifier, f"{metric.capitalize()} is", len(result))

2024-08-31 09:06:09,125:INFO:Calculating mean and std
2024-08-31 09:06:09,126:INFO:Creating metrics dataframe
2024-08-31 09:06:09,127:INFO:Uploading results into container
2024-08-31 09:06:09,127:INFO:Uploading model into container now
2024-08-31 09:06:09,128:INFO:_master_model_container: 14
2024-08-31 09:06:09,128:INFO:_display_container: 2
2024-08-31 09:06:09,128:INFO:DummyClassifier(constant=None, random_state=8740, strategy='prior')
2024-08-31 09:06:09,128:INFO:create_model() successfully completed......................................
2024-08-31 09:06:09,195:INFO:SubProcess create_model() end ==================================
2024-08-31 09:06:09,195:INFO:Creating metrics dataframe
2024-08-31 09:06:09,198:WARNING:C:\Users\surya\OneDrive\Desktop\Data Science Project\Diabetes analysis\.venv\Lib\site-packages\pycaret\internal\pycaret_experiment\supervised_experiment.py:339: FutureWarning: Styler.applymap has been deprecated. Use Styler.map instead.
  .applymap(highlight_cols, subset=["TT (Sec)"])

2024-08-31 09:06:09,199:INFO:Initializing create_model()
2024-08-31 09:06:09,199:INFO:create_model(self=<pycaret.classification.oop.ClassificationExperiment object at 0x0000017C43E511D0>, estimator=LinearDiscriminantAnalysis(covariance_estimator=None, n_components=None,
                           priors=None, shrinkage=None, solver='svd',
                           store_covariance=False, tol=0.0001), fold=StratifiedKFold(n_splits=10, random_state=None, shuffle=False), round=4, cross_validation=False, predict=False, fit_kwargs={}, groups=None, refit=True, probability_threshold=None, experiment_custom_tags=None, verbose=False, system=False, add_to_model_list=True, metrics=None, display=None, model_only=True, return_train_score=False, error_score=0.0, kwargs={})
2024-08-31 09:06:09,199:INFO:Checking exceptions
2024-08-31 09:06:09,200:INFO:Importing libraries
2024-08-31 09:06:09,200:INFO:Copying training dataset
2024-08-31 09:06:09,202:INFO:Defining folds
2024-08-31 09:06:09,202:INFO:Declaring metric variables
2024-08-31 09:06:09,202:INFO:Importing untrained model
2024-08-31 09:06:09,202:INFO:Declaring custom model
2024-08-31 09:06:09,203:INFO:Linear Discriminant Analysis Imported successfully
2024-08-31 09:06:09,203:INFO:Cross validation set to False
2024-08-31 09:06:09,203:INFO:Fitting Model
2024-08-31 09:06:09,210:INFO:LinearDiscriminantAnalysis(covariance_estimator=None, n_components=None,
                           priors=None, shrinkage=None, solver='svd',
                           store_covariance=False, tol=0.0001)
2024-08-31 09:06:09,210:INFO:create_model() successfully completed......................................
2024-08-31 09:06:09,288:INFO:_master_model_container: 14
2024-08-31 09:06:09,288:INFO:_display_container: 2
2024-08-31 09:06:09,288:INFO:LinearDiscriminantAnalysis(covariance_estimator=None, n_components=None,
                           priors=None, shrinkage=None, solver='svd',
                           store_covariance=False, tol=0.0001)
2024-08-31 09:06:09,288:INFO:compare_models() successfully completed......................................
2024-08-31 09:09:12,011:WARNING:
'cuml' is a soft dependency and not included in the pycaret installation. Please run: `pip install cuml` to install.
2024-08-31 09:09:12,011:WARNING:
'cuml' is a soft dependency and not included in the pycaret installation. Please run: `pip install cuml` to install.
2024-08-31 09:09:12,011:WARNING:
'cuml' is a soft dependency and not included in the pycaret installation. Please run: `pip install cuml` to install.
2024-08-31 09:09:12,011:WARNING:
'cuml' is a soft dependency and not included in the pycaret installation. Please run: `pip install cuml` to install.
2024-08-31 09:09:13,840:INFO:PyCaret ClassificationExperiment
2024-08-31 09:09:13,840:INFO:Logging name: clf-default-name
2024-08-31 09:09:13,840:INFO:ML Usecase: MLUsecase.CLASSIFICATION
2024-08-31 09:09:13,841:INFO:version 3.3.2
2024-08-31 09:09:13,841:INFO:Initializing setup()
2024-08-31 09:09:13,841:INFO:self.USI: 6d45
2024-08-31 09:09:13,841:INFO:self._variable_keys: {'memory', 'seed', 'pipeline', 'X_train', 'USI', 'gpu_n_jobs_param', 'target_param', '_available_plots', 'fold_groups_param', 'is_multiclass', 'n_jobs_param', 'log_plots_param', 'exp_name_log', 'fix_imbalance', 'html_param', 'y', 'X', 'fold_generator', 'data', 'idx', 'X_test', 'exp_id', 'y_test', 'fold_shuffle_param', 'logging_param', 'gpu_param', 'y_train', '_ml_usecase'}
2024-08-31 09:09:13,841:INFO:Checking environment
2024-08-31 09:09:13,841:INFO:python_version: 3.11.4
2024-08-31 09:09:13,841:INFO:python_build: ('tags/v3.11.4:d2340ef', 'Jun  7 2023 05:45:37')
2024-08-31 09:09:13,841:INFO:machine: AMD64
2024-08-31 09:09:13,881:INFO:platform: Windows-10-10.0.22631-SP0
2024-08-31 09:09:13,886:INFO:Memory: svmem(total=16520773632, available=8362946560, percent=49.4, used=8157827072, free=8362946560)
2024-08-31 09:09:13,886:INFO:Physical Core: 8
2024-08-31 09:09:13,886:INFO:Logical Core: 16
2024-08-31 09:09:13,886:INFO:Checking libraries
2024-08-31 09:09:13,886:INFO:System:
2024-08-31 09:09:13,886:INFO:    python: 3.11.4 (tags/v3.11.4:d2340ef, Jun  7 2023, 05:45:37) [MSC v.1934 64 bit (AMD64)]
2024-08-31 09:09:13,886:INFO:executable: C:\Users\surya\OneDrive\Desktop\Data Science Project\Diabetes analysis\.venv\Scripts\python.exe
2024-08-31 09:09:13,887:INFO:   machine: Windows-10-10.0.22631-SP0
2024-08-31 09:09:13,887:INFO:PyCaret required dependencies:
2024-08-31 09:09:13,913:INFO:                 pip: 23.1.2
2024-08-31 09:09:13,914:INFO:          setuptools: 65.5.0
2024-08-31 09:09:13,914:INFO:             pycaret: 3.3.2
2024-08-31 09:09:13,914:INFO:             IPython: 8.27.0
2024-08-31 09:09:13,914:INFO:          ipywidgets: 8.1.5
2024-08-31 09:09:13,914:INFO:                tqdm: 4.66.5
2024-08-31 09:09:13,914:INFO:               numpy: 1.26.4
2024-08-31 09:09:13,914:INFO:              pandas: 2.1.4
2024-08-31 09:09:13,914:INFO:              jinja2: 3.1.4
2024-08-31 09:09:13,914:INFO:               scipy: 1.11.4
2024-08-31 09:09:13,914:INFO:              joblib: 1.3.2
2024-08-31 09:09:13,914:INFO:             sklearn: 1.4.2
2024-08-31 09:09:13,914:INFO:                pyod: 2.0.1
2024-08-31 09:09:13,914:INFO:            imblearn: 0.12.3
2024-08-31 09:09:13,914:INFO:   category_encoders: 2.6.3
2024-08-31 09:09:13,914:INFO:            lightgbm: 4.5.0
2024-08-31 09:09:13,914:INFO:               numba: 0.60.0
2024-08-31 09:09:13,914:INFO:            requests: 2.32.3
2024-08-31 09:09:13,914:INFO:          matplotlib: 3.7.5
2024-08-31 09:09:13,914:INFO:          scikitplot: 0.3.7
2024-08-31 09:09:13,914:INFO:         yellowbrick: 1.5
2024-08-31 09:09:13,914:INFO:              plotly: 5.24.0
2024-08-31 09:09:13,914:INFO:    plotly-resampler: Not installed
2024-08-31 09:09:13,914:INFO:             kaleido: 0.2.1
2024-08-31 09:09:13,914:INFO:           schemdraw: 0.15
2024-08-31 09:09:13,914:INFO:         statsmodels: 0.14.2
2024-08-31 09:09:13,914:INFO:              sktime: 0.26.0
2024-08-31 09:09:13,914:INFO:               tbats: 1.1.3
2024-08-31 09:09:13,915:INFO:            pmdarima: 2.0.4
2024-08-31 09:09:13,915:INFO:              psutil: 6.0.0
2024-08-31 09:09:13,915:INFO:          markupsafe: 2.1.5
2024-08-31 09:09:13,915:INFO:             pickle5: Not installed
2024-08-31 09:09:13,915:INFO:         cloudpickle: 3.0.0
2024-08-31 09:09:13,915:INFO:         deprecation: 2.1.0
2024-08-31 09:09:13,915:INFO:              xxhash: 3.5.0
2024-08-31 09:09:13,915:INFO:           wurlitzer: Not installed
2024-08-31 09:09:13,915:INFO:PyCaret optional dependencies:
2024-08-31 09:09:13,932:INFO:                shap: Not installed
2024-08-31 09:09:13,932:INFO:           interpret: Not installed
2024-08-31 09:09:13,932:INFO:                umap: Not installed
2024-08-31 09:09:13,932:INFO:     ydata_profiling: Not installed
2024-08-31 09:09:13,932:INFO:  explainerdashboard: Not installed
2024-08-31 09:09:13,933:INFO:             autoviz: Not installed
2024-08-31 09:09:13,933:INFO:           fairlearn: Not installed
2024-08-31 09:09:13,933:INFO:          deepchecks: Not installed
2024-08-31 09:09:13,933:INFO:             xgboost: Not installed
2024-08-31 09:09:13,933:INFO:            catboost: Not installed
2024-08-31 09:09:13,933:INFO:              kmodes: Not installed
2024-08-31 09:09:13,933:INFO:             mlxtend: Not installed
2024-08-31 09:09:13,933:INFO:       statsforecast: Not installed
2024-08-31 09:09:13,933:INFO:        tune_sklearn: Not installed
2024-08-31 09:09:13,933:INFO:                 ray: Not installed
2024-08-31 09:09:13,933:INFO:            hyperopt: Not installed
2024-08-31 09:09:13,933:INFO:              optuna: Not installed
2024-08-31 09:09:13,933:INFO:               skopt: Not installed
2024-08-31 09:09:13,933:INFO:              mlflow: Not installed
2024-08-31 09:09:13,933:INFO:              gradio: Not installed
2024-08-31 09:09:13,933:INFO:             fastapi: Not installed
2024-08-31 09:09:13,933:INFO:             uvicorn: Not installed
2024-08-31 09:09:13,933:INFO:              m2cgen: Not installed
2024-08-31 09:09:13,933:INFO:           evidently: Not installed
2024-08-31 09:09:13,933:INFO:               fugue: Not installed
2024-08-31 09:09:13,933:INFO:           streamlit: Not installed
2024-08-31 09:09:13,933:INFO:             prophet: Not installed
2024-08-31 09:09:13,933:INFO:None
2024-08-31 09:09:13,933:INFO:Set up data.
2024-08-31 09:09:13,937:INFO:Set up folding strategy.
2024-08-31 09:09:13,937:INFO:Set up train/test split.
2024-08-31 09:09:13,941:INFO:Set up index.
2024-08-31 09:09:13,941:INFO:Assigning column types.
2024-08-31 09:09:13,944:INFO:Engine successfully changes for model 'lr' to 'sklearn'.
2024-08-31 09:09:13,996:INFO:Engine for model 'knn' has not been set explicitly, hence returning None.
2024-08-31 09:09:13,999:INFO:Engine for model 'rbfsvm' has not been set explicitly, hence returning None.
2024-08-31 09:09:14,037:WARNING:
'xgboost' is a soft dependency and not included in the pycaret installation. Please run: `pip install xgboost` to install.
Alternately, you can install this by running `pip install pycaret[models]`
2024-08-31 09:09:14,037:WARNING:
'catboost' is a soft dependency and not included in the pycaret installation. Please run: `pip install catboost` to install.
Alternately, you can install this by running `pip install pycaret[models]`
2024-08-31 09:09:14,088:INFO:Engine for model 'knn' has not been set explicitly, hence returning None.
2024-08-31 09:09:14,089:INFO:Engine for model 'rbfsvm' has not been set explicitly, hence returning None.
2024-08-31 09:09:14,121:WARNING:
'xgboost' is a soft dependency and not included in the pycaret installation. Please run: `pip install xgboost` to install.
Alternately, you can install this by running `pip install pycaret[models]`
2024-08-31 09:09:14,122:WARNING:
'catboost' is a soft dependency and not included in the pycaret installation. Please run: `pip install catboost` to install.
Alternately, you can install this by running `pip install pycaret[models]`
2024-08-31 09:09:14,122:INFO:Engine successfully changes for model 'knn' to 'sklearn'.
2024-08-31 09:09:14,174:INFO:Engine for model 'rbfsvm' has not been set explicitly, hence returning None.
2024-08-31 09:09:14,206:WARNING:
'xgboost' is a soft dependency and not included in the pycaret installation. Please run: `pip install xgboost` to install.
Alternately, you can install this by running `pip install pycaret[models]`
2024-08-31 09:09:14,206:WARNING:
'catboost' is a soft dependency and not included in the pycaret installation. Please run: `pip install catboost` to install.
Alternately, you can install this by running `pip install pycaret[models]`
2024-08-31 09:09:14,257:INFO:Engine for model 'rbfsvm' has not been set explicitly, hence returning None.
2024-08-31 09:09:14,289:WARNING:
'xgboost' is a soft dependency and not included in the pycaret installation. Please run: `pip install xgboost` to install.
Alternately, you can install this by running `pip install pycaret[models]`
2024-08-31 09:09:14,289:WARNING:
'catboost' is a soft dependency and not included in the pycaret installation. Please run: `pip install catboost` to install.
Alternately, you can install this by running `pip install pycaret[models]`
2024-08-31 09:09:14,289:INFO:Engine successfully changes for model 'rbfsvm' to 'sklearn'.
2024-08-31 09:09:14,372:WARNING:
'xgboost' is a soft dependency and not included in the pycaret installation. Please run: `pip install xgboost` to install.
Alternately, you can install this by running `pip install pycaret[models]`
2024-08-31 09:09:14,373:WARNING:
'catboost' is a soft dependency and not included in the pycaret installation. Please run: `pip install catboost` to install.
Alternately, you can install this by running `pip install pycaret[models]`
2024-08-31 09:09:14,456:WARNING:
'xgboost' is a soft dependency and not included in the pycaret installation. Please run: `pip install xgboost` to install.
Alternately, you can install this by running `pip install pycaret[models]`
2024-08-31 09:09:14,457:WARNING:
'catboost' is a soft dependency and not included in the pycaret installation. Please run: `pip install catboost` to install.
Alternately, you can install this by running `pip install pycaret[models]`
2024-08-31 09:09:14,458:INFO:Preparing preprocessing pipeline...
2024-08-31 09:09:14,459:INFO:Set up simple imputation.
2024-08-31 09:09:14,460:INFO:Set up column name cleaning.
2024-08-31 09:09:14,480:INFO:Finished creating preprocessing pipeline.
2024-08-31 09:09:14,485:INFO:Pipeline: Pipeline(memory=FastMemory(location=C:\Users\surya\AppData\Local\Temp\joblib),
         steps=[('numerical_imputer',
                 TransformerWrapper(exclude=None,
                                    include=['Number of times pregnant',
                                             'Plasma glucose concentration a 2 '
                                             'hours in an oral glucose '
                                             'tolerance test',
                                             'Diastolic blood pressure (mm Hg)',
                                             'Triceps skin fold thickness (mm)',
                                             '2-Hour serum insulin (mu U/ml)',
                                             'Body mass index (weigh...
                ('categorical_imputer',
                 TransformerWrapper(exclude=None, include=[],
                                    transformer=SimpleImputer(add_indicator=False,
                                                              copy=True,
                                                              fill_value=None,
                                                              keep_empty_features=False,
                                                              missing_values=nan,
                                                              strategy='most_frequent'))),
                ('clean_column_names',
                 TransformerWrapper(exclude=None, include=None,
                                    transformer=CleanColumnNames(match='[\\]\\[\\,\\{\\}\\"\\:]+')))],
         verbose=False)
2024-08-31 09:09:14,485:INFO:Creating final display dataframe.
2024-08-31 09:09:14,545:INFO:Setup _display_container:                     Description             Value
0                    Session id              7377
1                        Target    Class variable
2                   Target type            Binary
3           Original data shape          (768, 9)
4        Transformed data shape          (768, 9)
5   Transformed train set shape          (537, 9)
6    Transformed test set shape          (231, 9)
7              Numeric features                 8
8                    Preprocess              True
9               Imputation type            simple
10           Numeric imputation              mean
11       Categorical imputation              mode
12               Fold Generator   StratifiedKFold
13                  Fold Number                10
14                     CPU Jobs                -1
15                      Use GPU             False
16               Log Experiment             False
17              Experiment Name  clf-default-name
18                          USI              6d45
2024-08-31 09:09:14,634:WARNING:
'xgboost' is a soft dependency and not included in the pycaret installation. Please run: `pip install xgboost` to install.
Alternately, you can install this by running `pip install pycaret[models]`
2024-08-31 09:09:14,634:WARNING:
'catboost' is a soft dependency and not included in the pycaret installation. Please run: `pip install catboost` to install.
Alternately, you can install this by running `pip install pycaret[models]`
2024-08-31 09:09:14,718:WARNING:
'xgboost' is a soft dependency and not included in the pycaret installation. Please run: `pip install xgboost` to install.
Alternately, you can install this by running `pip install pycaret[models]`
2024-08-31 09:09:14,718:WARNING:
'catboost' is a soft dependency and not included in the pycaret installation. Please run: `pip install catboost` to install.
Alternately, you can install this by running `pip install pycaret[models]`
2024-08-31 09:09:14,719:INFO:setup() successfully completed in 0.88s...............
2024-08-31 09:09:14,719:INFO:Initializing compare_models()
2024-08-31 09:09:14,719:INFO:compare_models(self=<pycaret.classification.oop.ClassificationExperiment object at 0x00000215FCEDC290>, include=None, exclude=None, fold=None, round=4, cross_validation=True, sort=Accuracy, n_select=1, budget_time=None, turbo=True, errors=ignore, fit_kwargs=None, groups=None, experiment_custom_tags=None, probability_threshold=None, verbose=True, parallel=None, caller_params={'self': <pycaret.classification.oop.ClassificationExperiment object at 0x00000215FCEDC290>, 'include': None, 'exclude': None, 'fold': None, 'round': 4, 'cross_validation': True, 'sort': 'Accuracy', 'n_select': 1, 'budget_time': None, 'turbo': True, 'errors': 'ignore', 'fit_kwargs': None, 'groups': None, 'experiment_custom_tags': None, 'probability_threshold': None, 'engine': None, 'verbose': True, 'parallel': None, '__class__': <class 'pycaret.classification.oop.ClassificationExperiment'>})
2024-08-31 09:09:14,719:INFO:Checking exceptions
2024-08-31 09:09:14,721:INFO:Preparing display monitor
2024-08-31 09:09:14,725:INFO:Initializing Logistic Regression
2024-08-31 09:09:14,725:INFO:Total runtime is 0.0 minutes
2024-08-31 09:09:14,725:INFO:SubProcess create_model() called ==================================
2024-08-31 09:09:14,726:INFO:Initializing create_model()
2024-08-31 09:09:14,726:INFO:create_model(self=<pycaret.classification.oop.ClassificationExperiment object at 0x00000215FCEDC290>, estimator=lr, fold=StratifiedKFold(n_splits=10, random_state=None, shuffle=False), round=4, cross_validation=True, predict=True, fit_kwargs={}, groups=None, refit=False, probability_threshold=None, experiment_custom_tags=None, verbose=False, system=False, add_to_model_list=True, metrics=None, display=<pycaret.internal.display.display.CommonDisplay object at 0x00000215FD16B8D0>, model_only=True, return_train_score=False, error_score=0.0, kwargs={})
2024-08-31 09:09:14,726:INFO:Checking exceptions
2024-08-31 09:09:14,726:INFO:Importing libraries
2024-08-31 09:09:14,726:INFO:Copying training dataset
2024-08-31 09:09:14,732:INFO:Defining folds
2024-08-31 09:09:14,732:INFO:Declaring metric variables
2024-08-31 09:09:14,732:INFO:Importing untrained model
2024-08-31 09:09:14,732:INFO:Logistic Regression Imported successfully
2024-08-31 09:09:14,732:INFO:Starting cross validation
2024-08-31 09:09:14,733:INFO:Cross validating with StratifiedKFold(n_splits=10, random_state=None, shuffle=False), n_jobs=-1
2024-08-31 09:09:18,850:INFO:Calculating mean and std
2024-08-31 09:09:18,851:INFO:Creating metrics dataframe
2024-08-31 09:09:18,854:INFO:Uploading results into container
2024-08-31 09:09:18,855:INFO:Uploading model into container now
2024-08-31 09:09:18,856:INFO:_master_model_container: 1
2024-08-31 09:09:18,856:INFO:_display_container: 2
2024-08-31 09:09:18,856:INFO:LogisticRegression(C=1.0, class_weight=None, dual=False, fit_intercept=True,
                   intercept_scaling=1, l1_ratio=None, max_iter=1000,
                   multi_class='auto', n_jobs=None, penalty='l2',
                   random_state=7377, solver='lbfgs', tol=0.0001, verbose=0,
                   warm_start=False)
2024-08-31 09:09:18,856:INFO:create_model() successfully completed......................................
2024-08-31 09:09:18,958:INFO:SubProcess create_model() end ==================================
2024-08-31 09:09:18,958:INFO:Creating metrics dataframe
2024-08-31 09:09:18,960:INFO:Initializing K Neighbors Classifier
2024-08-31 09:09:18,960:INFO:Total runtime is 0.07058216333389282 minutes
2024-08-31 09:09:18,960:INFO:SubProcess create_model() called ==================================
2024-08-31 09:09:18,960:INFO:Initializing create_model()
2024-08-31 09:09:18,960:INFO:create_model(self=<pycaret.classification.oop.ClassificationExperiment object at 0x00000215FCEDC290>, estimator=knn, fold=StratifiedKFold(n_splits=10, random_state=None, shuffle=False), round=4, cross_validation=True, predict=True, fit_kwargs={}, groups=None, refit=False, probability_threshold=None, experiment_custom_tags=None, verbose=False, system=False, add_to_model_list=True, metrics=None, display=<pycaret.internal.display.display.CommonDisplay object at 0x00000215FD16B8D0>, model_only=True, return_train_score=False, error_score=0.0, kwargs={})
2024-08-31 09:09:18,960:INFO:Checking exceptions
2024-08-31 09:09:18,960:INFO:Importing libraries
2024-08-31 09:09:18,960:INFO:Copying training dataset
2024-08-31 09:09:18,963:INFO:Defining folds
2024-08-31 09:09:18,964:INFO:Declaring metric variables
2024-08-31 09:09:18,964:INFO:Importing untrained model
2024-08-31 09:09:18,964:INFO:K Neighbors Classifier Imported successfully
2024-08-31 09:09:18,964:INFO:Starting cross validation
2024-08-31 09:09:18,965:INFO:Cross validating with StratifiedKFold(n_splits=10, random_state=None, shuffle=False), n_jobs=-1
2024-08-31 09:09:21,564:INFO:Calculating mean and std
2024-08-31 09:09:21,565:INFO:Creating metrics dataframe
2024-08-31 09:09:21,567:INFO:Uploading results into container
2024-08-31 09:09:21,568:INFO:Uploading model into container now
2024-08-31 09:09:21,568:INFO:_master_model_container: 2
2024-08-31 09:09:21,568:INFO:_display_container: 2
2024-08-31 09:09:21,568:INFO:KNeighborsClassifier(algorithm='auto', leaf_size=30, metric='minkowski',
                     metric_params=None, n_jobs=-1, n_neighbors=5, p=2,
                     weights='uniform')
2024-08-31 09:09:21,568:INFO:create_model() successfully completed......................................
2024-08-31 09:09:21,677:INFO:SubProcess create_model() end ==================================
2024-08-31 09:09:21,677:INFO:Creating metrics dataframe
2024-08-31 09:09:21,679:INFO:Initializing Naive Bayes
2024-08-31 09:09:21,679:INFO:Total runtime is 0.11589622497558594 minutes
2024-08-31 09:09:21,679:INFO:SubProcess create_model() called ==================================
2024-08-31 09:09:21,679:INFO:Initializing create_model()
2024-08-31 09:09:21,679:INFO:create_model(self=<pycaret.classification.oop.ClassificationExperiment object at 0x00000215FCEDC290>, estimator=nb, fold=StratifiedKFold(n_splits=10, random_state=None, shuffle=False), round=4, cross_validation=True, predict=True, fit_kwargs={}, groups=None, refit=False, probability_threshold=None, experiment_custom_tags=None, verbose=False, system=False, add_to_model_list=True, metrics=None, display=<pycaret.internal.display.display.CommonDisplay object at 0x00000215FD16B8D0>, model_only=True, return_train_score=False, error_score=0.0, kwargs={})
2024-08-31 09:09:21,679:INFO:Checking exceptions
2024-08-31 09:09:21,680:INFO:Importing libraries
2024-08-31 09:09:21,680:INFO:Copying training dataset
2024-08-31 09:09:21,682:INFO:Defining folds
2024-08-31 09:09:21,682:INFO:Declaring metric variables
2024-08-31 09:09:21,682:INFO:Importing untrained model
2024-08-31 09:09:21,683:INFO:Naive Bayes Imported successfully
2024-08-31 09:09:21,683:INFO:Starting cross validation
2024-08-31 09:09:21,685:INFO:Cross validating with StratifiedKFold(n_splits=10, random_state=None, shuffle=False), n_jobs=-1
2024-08-31 09:09:21,743:INFO:Calculating mean and std
2024-08-31 09:09:21,744:INFO:Creating metrics dataframe
2024-08-31 09:09:21,746:INFO:Uploading results into container
2024-08-31 09:09:21,746:INFO:Uploading model into container now
2024-08-31 09:09:21,746:INFO:_master_model_container: 3
2024-08-31 09:09:21,746:INFO:_display_container: 2
2024-08-31 09:09:21,746:INFO:GaussianNB(priors=None, var_smoothing=1e-09)
2024-08-31 09:09:21,746:INFO:create_model() successfully completed......................................
2024-08-31 09:09:21,812:INFO:SubProcess create_model() end ==================================
2024-08-31 09:09:21,812:INFO:Creating metrics dataframe
2024-08-31 09:09:21,813:INFO:Initializing Decision Tree Classifier
2024-08-31 09:09:21,814:INFO:Total runtime is 0.11814756393432617 minutes
2024-08-31 09:09:21,814:INFO:SubProcess create_model() called ==================================
2024-08-31 09:09:21,814:INFO:Initializing create_model()
2024-08-31 09:09:21,814:INFO:create_model(self=<pycaret.classification.oop.ClassificationExperiment object at 0x00000215FCEDC290>, estimator=dt, fold=StratifiedKFold(n_splits=10, random_state=None, shuffle=False), round=4, cross_validation=True, predict=True, fit_kwargs={}, groups=None, refit=False, probability_threshold=None, experiment_custom_tags=None, verbose=False, system=False, add_to_model_list=True, metrics=None, display=<pycaret.internal.display.display.CommonDisplay object at 0x00000215FD16B8D0>, model_only=True, return_train_score=False, error_score=0.0, kwargs={})
2024-08-31 09:09:21,814:INFO:Checking exceptions
2024-08-31 09:09:21,814:INFO:Importing libraries
2024-08-31 09:09:21,814:INFO:Copying training dataset
2024-08-31 09:09:21,817:INFO:Defining folds
2024-08-31 09:09:21,817:INFO:Declaring metric variables
2024-08-31 09:09:21,817:INFO:Importing untrained model
2024-08-31 09:09:21,818:INFO:Decision Tree Classifier Imported successfully
2024-08-31 09:09:21,818:INFO:Starting cross validation
2024-08-31 09:09:21,819:INFO:Cross validating with StratifiedKFold(n_splits=10, random_state=None, shuffle=False), n_jobs=-1
2024-08-31 09:09:21,888:INFO:Calculating mean and std
2024-08-31 09:09:21,890:INFO:Creating metrics dataframe
2024-08-31 09:09:21,891:INFO:Uploading results into container
2024-08-31 09:09:21,892:INFO:Uploading model into container now
2024-08-31 09:09:21,892:INFO:_master_model_container: 4
2024-08-31 09:09:21,892:INFO:_display_container: 2
2024-08-31 09:09:21,892:INFO:DecisionTreeClassifier(ccp_alpha=0.0, class_weight=None, criterion='gini',
                       max_depth=None, max_features=None, max_leaf_nodes=None,
                       min_impurity_decrease=0.0, min_samples_leaf=1,
                       min_samples_split=2, min_weight_fraction_leaf=0.0,
                       monotonic_cst=None, random_state=7377, splitter='best')
2024-08-31 09:09:21,892:INFO:create_model() successfully completed......................................
2024-08-31 09:09:21,960:INFO:SubProcess create_model() end ==================================
2024-08-31 09:09:21,960:INFO:Creating metrics dataframe
2024-08-31 09:09:21,962:INFO:Initializing SVM - Linear Kernel
2024-08-31 09:09:21,962:INFO:Total runtime is 0.12062029838562012 minutes
2024-08-31 09:09:21,962:INFO:SubProcess create_model() called ==================================
2024-08-31 09:09:21,962:INFO:Initializing create_model()
2024-08-31 09:09:21,962:INFO:create_model(self=<pycaret.classification.oop.ClassificationExperiment object at 0x00000215FCEDC290>, estimator=svm, fold=StratifiedKFold(n_splits=10, random_state=None, shuffle=False), round=4, cross_validation=True, predict=True, fit_kwargs={}, groups=None, refit=False, probability_threshold=None, experiment_custom_tags=None, verbose=False, system=False, add_to_model_list=True, metrics=None, display=<pycaret.internal.display.display.CommonDisplay object at 0x00000215FD16B8D0>, model_only=True, return_train_score=False, error_score=0.0, kwargs={})
2024-08-31 09:09:21,962:INFO:Checking exceptions
2024-08-31 09:09:21,962:INFO:Importing libraries
2024-08-31 09:09:21,962:INFO:Copying training dataset
2024-08-31 09:09:21,965:INFO:Defining folds
2024-08-31 09:09:21,965:INFO:Declaring metric variables
2024-08-31 09:09:21,966:INFO:Importing untrained model
2024-08-31 09:09:21,966:INFO:SVM - Linear Kernel Imported successfully
2024-08-31 09:09:21,967:INFO:Starting cross validation
2024-08-31 09:09:21,968:INFO:Cross validating with StratifiedKFold(n_splits=10, random_state=None, shuffle=False), n_jobs=-1
2024-08-31 09:09:22,029:INFO:Calculating mean and std
2024-08-31 09:09:22,029:INFO:Creating metrics dataframe
2024-08-31 09:09:22,030:INFO:Uploading results into container
2024-08-31 09:09:22,030:INFO:Uploading model into container now
2024-08-31 09:09:22,030:INFO:_master_model_container: 5
2024-08-31 09:09:22,030:INFO:_display_container: 2
2024-08-31 09:09:22,031:INFO:SGDClassifier(alpha=0.0001, average=False, class_weight=None,
              early_stopping=False, epsilon=0.1, eta0=0.001, fit_intercept=True,
              l1_ratio=0.15, learning_rate='optimal', loss='hinge',
              max_iter=1000, n_iter_no_change=5, n_jobs=-1, penalty='l2',
              power_t=0.5, random_state=7377, shuffle=True, tol=0.001,
              validation_fraction=0.1, verbose=0, warm_start=False)
2024-08-31 09:09:22,031:INFO:create_model() successfully completed......................................
2024-08-31 09:09:22,097:INFO:SubProcess create_model() end ==================================
2024-08-31 09:09:22,097:INFO:Creating metrics dataframe
2024-08-31 09:09:22,099:INFO:Initializing Ridge Classifier
2024-08-31 09:09:22,099:INFO:Total runtime is 0.12289531230926513 minutes
2024-08-31 09:09:22,099:INFO:SubProcess create_model() called ==================================
2024-08-31 09:09:22,099:INFO:Initializing create_model()
2024-08-31 09:09:22,099:INFO:create_model(self=<pycaret.classification.oop.ClassificationExperiment object at 0x00000215FCEDC290>, estimator=ridge, fold=StratifiedKFold(n_splits=10, random_state=None, shuffle=False), round=4, cross_validation=True, predict=True, fit_kwargs={}, groups=None, refit=False, probability_threshold=None, experiment_custom_tags=None, verbose=False, system=False, add_to_model_list=True, metrics=None, display=<pycaret.internal.display.display.CommonDisplay object at 0x00000215FD16B8D0>, model_only=True, return_train_score=False, error_score=0.0, kwargs={})
2024-08-31 09:09:22,099:INFO:Checking exceptions
2024-08-31 09:09:22,099:INFO:Importing libraries
2024-08-31 09:09:22,099:INFO:Copying training dataset
2024-08-31 09:09:22,102:INFO:Defining folds
2024-08-31 09:09:22,102:INFO:Declaring metric variables
2024-08-31 09:09:22,102:INFO:Importing untrained model
2024-08-31 09:09:22,102:INFO:Ridge Classifier Imported successfully
2024-08-31 09:09:22,102:INFO:Starting cross validation
2024-08-31 09:09:22,103:INFO:Cross validating with StratifiedKFold(n_splits=10, random_state=None, shuffle=False), n_jobs=-1
2024-08-31 09:09:22,171:INFO:Calculating mean and std
2024-08-31 09:09:22,172:INFO:Creating metrics dataframe
2024-08-31 09:09:22,174:INFO:Uploading results into container
2024-08-31 09:09:22,175:INFO:Uploading model into container now
2024-08-31 09:09:22,175:INFO:_master_model_container: 6
2024-08-31 09:09:22,175:INFO:_display_container: 2
2024-08-31 09:09:22,175:INFO:RidgeClassifier(alpha=1.0, class_weight=None, copy_X=True, fit_intercept=True,
                max_iter=None, positive=False, random_state=7377, solver='auto',
                tol=0.0001)
2024-08-31 09:09:22,175:INFO:create_model() successfully completed......................................
2024-08-31 09:09:22,241:INFO:SubProcess create_model() end ==================================
2024-08-31 09:09:22,241:INFO:Creating metrics dataframe
2024-08-31 09:09:22,243:INFO:Initializing Random Forest Classifier
2024-08-31 09:09:22,244:INFO:Total runtime is 0.12531092564264934 minutes
2024-08-31 09:09:22,244:INFO:SubProcess create_model() called ==================================
2024-08-31 09:09:22,244:INFO:Initializing create_model()
2024-08-31 09:09:22,244:INFO:create_model(self=<pycaret.classification.oop.ClassificationExperiment object at 0x00000215FCEDC290>, estimator=rf, fold=StratifiedKFold(n_splits=10, random_state=None, shuffle=False), round=4, cross_validation=True, predict=True, fit_kwargs={}, groups=None, refit=False, probability_threshold=None, experiment_custom_tags=None, verbose=False, system=False, add_to_model_list=True, metrics=None, display=<pycaret.internal.display.display.CommonDisplay object at 0x00000215FD16B8D0>, model_only=True, return_train_score=False, error_score=0.0, kwargs={})
2024-08-31 09:09:22,244:INFO:Checking exceptions
2024-08-31 09:09:22,244:INFO:Importing libraries
2024-08-31 09:09:22,244:INFO:Copying training dataset
2024-08-31 09:09:22,247:INFO:Defining folds
2024-08-31 09:09:22,247:INFO:Declaring metric variables
2024-08-31 09:09:22,247:INFO:Importing untrained model
2024-08-31 09:09:22,247:INFO:Random Forest Classifier Imported successfully
2024-08-31 09:09:22,247:INFO:Starting cross validation
2024-08-31 09:09:22,248:INFO:Cross validating with StratifiedKFold(n_splits=10, random_state=None, shuffle=False), n_jobs=-1
2024-08-31 09:09:22,659:INFO:Calculating mean and std
2024-08-31 09:09:22,660:INFO:Creating metrics dataframe
2024-08-31 09:09:22,663:INFO:Uploading results into container
2024-08-31 09:09:22,663:INFO:Uploading model into container now
2024-08-31 09:09:22,664:INFO:_master_model_container: 7
2024-08-31 09:09:22,664:INFO:_display_container: 2
2024-08-31 09:09:22,664:INFO:RandomForestClassifier(bootstrap=True, ccp_alpha=0.0, class_weight=None,
                       criterion='gini', max_depth=None, max_features='sqrt',
                       max_leaf_nodes=None, max_samples=None,
                       min_impurity_decrease=0.0, min_samples_leaf=1,
                       min_samples_split=2, min_weight_fraction_leaf=0.0,
                       monotonic_cst=None, n_estimators=100, n_jobs=-1,
                       oob_score=False, random_state=7377, verbose=0,
                       warm_start=False)
2024-08-31 09:09:22,664:INFO:create_model() successfully completed......................................
2024-08-31 09:09:22,729:INFO:SubProcess create_model() end ==================================
2024-08-31 09:09:22,729:INFO:Creating metrics dataframe
2024-08-31 09:09:22,731:INFO:Initializing Quadratic Discriminant Analysis
2024-08-31 09:09:22,731:INFO:Total runtime is 0.13343182802200318 minutes
2024-08-31 09:09:22,731:INFO:SubProcess create_model() called ==================================
2024-08-31 09:09:22,731:INFO:Initializing create_model()
2024-08-31 09:09:22,731:INFO:create_model(self=<pycaret.classification.oop.ClassificationExperiment object at 0x00000215FCEDC290>, estimator=qda, fold=StratifiedKFold(n_splits=10, random_state=None, shuffle=False), round=4, cross_validation=True, predict=True, fit_kwargs={}, groups=None, refit=False, probability_threshold=None, experiment_custom_tags=None, verbose=False, system=False, add_to_model_list=True, metrics=None, display=<pycaret.internal.display.display.CommonDisplay object at 0x00000215FD16B8D0>, model_only=True, return_train_score=False, error_score=0.0, kwargs={})
2024-08-31 09:09:22,731:INFO:Checking exceptions
2024-08-31 09:09:22,731:INFO:Importing libraries
2024-08-31 09:09:22,731:INFO:Copying training dataset
2024-08-31 09:09:22,734:INFO:Defining folds
2024-08-31 09:09:22,734:INFO:Declaring metric variables
2024-08-31 09:09:22,734:INFO:Importing untrained model
2024-08-31 09:09:22,734:INFO:Quadratic Discriminant Analysis Imported successfully
2024-08-31 09:09:22,734:INFO:Starting cross validation
2024-08-31 09:09:22,735:INFO:Cross validating with StratifiedKFold(n_splits=10, random_state=None, shuffle=False), n_jobs=-1
2024-08-31 09:09:22,804:INFO:Calculating mean and std
2024-08-31 09:09:22,805:INFO:Creating metrics dataframe
2024-08-31 09:09:22,807:INFO:Uploading results into container
2024-08-31 09:09:22,808:INFO:Uploading model into container now
2024-08-31 09:09:22,808:INFO:_master_model_container: 8
2024-08-31 09:09:22,808:INFO:_display_container: 2
2024-08-31 09:09:22,808:INFO:QuadraticDiscriminantAnalysis(priors=None, reg_param=0.0,
                              store_covariance=False, tol=0.0001)
2024-08-31 09:09:22,808:INFO:create_model() successfully completed......................................
2024-08-31 09:09:22,875:INFO:SubProcess create_model() end ==================================
2024-08-31 09:09:22,876:INFO:Creating metrics dataframe
2024-08-31 09:09:22,877:INFO:Initializing Ada Boost Classifier
2024-08-31 09:09:22,877:INFO:Total runtime is 0.13586976925532024 minutes
2024-08-31 09:09:22,877:INFO:SubProcess create_model() called ==================================
2024-08-31 09:09:22,878:INFO:Initializing create_model()
2024-08-31 09:09:22,878:INFO:create_model(self=<pycaret.classification.oop.ClassificationExperiment object at 0x00000215FCEDC290>, estimator=ada, fold=StratifiedKFold(n_splits=10, random_state=None, shuffle=False), round=4, cross_validation=True, predict=True, fit_kwargs={}, groups=None, refit=False, probability_threshold=None, experiment_custom_tags=None, verbose=False, system=False, add_to_model_list=True, metrics=None, display=<pycaret.internal.display.display.CommonDisplay object at 0x00000215FD16B8D0>, model_only=True, return_train_score=False, error_score=0.0, kwargs={})
2024-08-31 09:09:22,878:INFO:Checking exceptions
2024-08-31 09:09:22,878:INFO:Importing libraries
2024-08-31 09:09:22,878:INFO:Copying training dataset
2024-08-31 09:09:22,881:INFO:Defining folds
2024-08-31 09:09:22,881:INFO:Declaring metric variables
2024-08-31 09:09:22,881:INFO:Importing untrained model
2024-08-31 09:09:22,881:INFO:Ada Boost Classifier Imported successfully
2024-08-31 09:09:22,881:INFO:Starting cross validation
2024-08-31 09:09:22,882:INFO:Cross validating with StratifiedKFold(n_splits=10, random_state=None, shuffle=False), n_jobs=-1
2024-08-31 09:09:22,901:WARNING:C:\Users\surya\OneDrive\Desktop\Data Science Project\Diabetes analysis\.venv\Lib\site-packages\sklearn\ensemble\_weight_boosting.py:519: FutureWarning: The SAMME.R algorithm (the default) is deprecated and will be removed in 1.6. Use the SAMME algorithm to circumvent this warning.
  warnings.warn(

2024-08-31 09:09:22,903:WARNING:C:\Users\surya\OneDrive\Desktop\Data Science Project\Diabetes analysis\.venv\Lib\site-packages\sklearn\ensemble\_weight_boosting.py:519: FutureWarning: The SAMME.R algorithm (the default) is deprecated and will be removed in 1.6. Use the SAMME algorithm to circumvent this warning.
  warnings.warn(

2024-08-31 09:09:22,904:WARNING:C:\Users\surya\OneDrive\Desktop\Data Science Project\Diabetes analysis\.venv\Lib\site-packages\sklearn\ensemble\_weight_boosting.py:519: FutureWarning: The SAMME.R algorithm (the default) is deprecated and will be removed in 1.6. Use the SAMME algorithm to circumvent this warning.
  warnings.warn(

2024-08-31 09:09:22,906:WARNING:C:\Users\surya\OneDrive\Desktop\Data Science Project\Diabetes analysis\.venv\Lib\site-packages\sklearn\ensemble\_weight_boosting.py:519: FutureWarning: The SAMME.R algorithm (the default) is deprecated and will be removed in 1.6. Use the SAMME algorithm to circumvent this warning.
  warnings.warn(

2024-08-31 09:09:22,906:WARNING:C:\Users\surya\OneDrive\Desktop\Data Science Project\Diabetes analysis\.venv\Lib\site-packages\sklearn\ensemble\_weight_boosting.py:519: FutureWarning: The SAMME.R algorithm (the default) is deprecated and will be removed in 1.6. Use the SAMME algorithm to circumvent this warning.
  warnings.warn(

2024-08-31 09:09:22,907:WARNING:C:\Users\surya\OneDrive\Desktop\Data Science Project\Diabetes analysis\.venv\Lib\site-packages\sklearn\ensemble\_weight_boosting.py:519: FutureWarning: The SAMME.R algorithm (the default) is deprecated and will be removed in 1.6. Use the SAMME algorithm to circumvent this warning.
  warnings.warn(

2024-08-31 09:09:22,913:WARNING:C:\Users\surya\OneDrive\Desktop\Data Science Project\Diabetes analysis\.venv\Lib\site-packages\sklearn\ensemble\_weight_boosting.py:519: FutureWarning: The SAMME.R algorithm (the default) is deprecated and will be removed in 1.6. Use the SAMME algorithm to circumvent this warning.
  warnings.warn(

2024-08-31 09:09:22,914:WARNING:C:\Users\surya\OneDrive\Desktop\Data Science Project\Diabetes analysis\.venv\Lib\site-packages\sklearn\ensemble\_weight_boosting.py:519: FutureWarning: The SAMME.R algorithm (the default) is deprecated and will be removed in 1.6. Use the SAMME algorithm to circumvent this warning.
  warnings.warn(

2024-08-31 09:09:22,916:WARNING:C:\Users\surya\OneDrive\Desktop\Data Science Project\Diabetes analysis\.venv\Lib\site-packages\sklearn\ensemble\_weight_boosting.py:519: FutureWarning: The SAMME.R algorithm (the default) is deprecated and will be removed in 1.6. Use the SAMME algorithm to circumvent this warning.
  warnings.warn(

2024-08-31 09:09:22,916:WARNING:C:\Users\surya\OneDrive\Desktop\Data Science Project\Diabetes analysis\.venv\Lib\site-packages\sklearn\ensemble\_weight_boosting.py:519: FutureWarning: The SAMME.R algorithm (the default) is deprecated and will be removed in 1.6. Use the SAMME algorithm to circumvent this warning.
  warnings.warn(

2024-08-31 09:09:23,087:INFO:Calculating mean and std
2024-08-31 09:09:23,089:INFO:Creating metrics dataframe
2024-08-31 09:09:23,091:INFO:Uploading results into container
2024-08-31 09:09:23,091:INFO:Uploading model into container now
2024-08-31 09:09:23,091:INFO:_master_model_container: 9
2024-08-31 09:09:23,092:INFO:_display_container: 2
2024-08-31 09:09:23,092:INFO:AdaBoostClassifier(algorithm='SAMME.R', estimator=None, learning_rate=1.0,
                   n_estimators=50, random_state=7377)
2024-08-31 09:09:23,092:INFO:create_model() successfully completed......................................
2024-08-31 09:09:23,159:INFO:SubProcess create_model() end ==================================
2024-08-31 09:09:23,159:INFO:Creating metrics dataframe
2024-08-31 09:09:23,160:INFO:Initializing Gradient Boosting Classifier
2024-08-31 09:09:23,161:INFO:Total runtime is 0.14060889879862468 minutes
2024-08-31 09:09:23,161:INFO:SubProcess create_model() called ==================================
2024-08-31 09:09:23,161:INFO:Initializing create_model()
2024-08-31 09:09:23,161:INFO:create_model(self=<pycaret.classification.oop.ClassificationExperiment object at 0x00000215FCEDC290>, estimator=gbc, fold=StratifiedKFold(n_splits=10, random_state=None, shuffle=False), round=4, cross_validation=True, predict=True, fit_kwargs={}, groups=None, refit=False, probability_threshold=None, experiment_custom_tags=None, verbose=False, system=False, add_to_model_list=True, metrics=None, display=<pycaret.internal.display.display.CommonDisplay object at 0x00000215FD16B8D0>, model_only=True, return_train_score=False, error_score=0.0, kwargs={})
2024-08-31 09:09:23,161:INFO:Checking exceptions
2024-08-31 09:09:23,161:INFO:Importing libraries
2024-08-31 09:09:23,161:INFO:Copying training dataset
2024-08-31 09:09:23,164:INFO:Defining folds
2024-08-31 09:09:23,164:INFO:Declaring metric variables
2024-08-31 09:09:23,164:INFO:Importing untrained model
2024-08-31 09:09:23,164:INFO:Gradient Boosting Classifier Imported successfully
2024-08-31 09:09:23,165:INFO:Starting cross validation
2024-08-31 09:09:23,165:INFO:Cross validating with StratifiedKFold(n_splits=10, random_state=None, shuffle=False), n_jobs=-1
2024-08-31 09:09:23,455:INFO:Calculating mean and std
2024-08-31 09:09:23,456:INFO:Creating metrics dataframe
2024-08-31 09:09:23,458:INFO:Uploading results into container
2024-08-31 09:09:23,458:INFO:Uploading model into container now
2024-08-31 09:09:23,459:INFO:_master_model_container: 10
2024-08-31 09:09:23,459:INFO:_display_container: 2
2024-08-31 09:09:23,459:INFO:GradientBoostingClassifier(ccp_alpha=0.0, criterion='friedman_mse', init=None,
                           learning_rate=0.1, loss='log_loss', max_depth=3,
                           max_features=None, max_leaf_nodes=None,
                           min_impurity_decrease=0.0, min_samples_leaf=1,
                           min_samples_split=2, min_weight_fraction_leaf=0.0,
                           n_estimators=100, n_iter_no_change=None,
                           random_state=7377, subsample=1.0, tol=0.0001,
                           validation_fraction=0.1, verbose=0,
                           warm_start=False)
2024-08-31 09:09:23,459:INFO:create_model() successfully completed......................................
2024-08-31 09:09:23,528:INFO:SubProcess create_model() end ==================================
2024-08-31 09:09:23,528:INFO:Creating metrics dataframe
2024-08-31 09:09:23,530:INFO:Initializing Linear Discriminant Analysis
2024-08-31 09:09:23,530:INFO:Total runtime is 0.14674771626790364 minutes
2024-08-31 09:09:23,530:INFO:SubProcess create_model() called ==================================
2024-08-31 09:09:23,530:INFO:Initializing create_model()
2024-08-31 09:09:23,530:INFO:create_model(self=<pycaret.classification.oop.ClassificationExperiment object at 0x00000215FCEDC290>, estimator=lda, fold=StratifiedKFold(n_splits=10, random_state=None, shuffle=False), round=4, cross_validation=True, predict=True, fit_kwargs={}, groups=None, refit=False, probability_threshold=None, experiment_custom_tags=None, verbose=False, system=False, add_to_model_list=True, metrics=None, display=<pycaret.internal.display.display.CommonDisplay object at 0x00000215FD16B8D0>, model_only=True, return_train_score=False, error_score=0.0, kwargs={})
2024-08-31 09:09:23,530:INFO:Checking exceptions
2024-08-31 09:09:23,530:INFO:Importing libraries
2024-08-31 09:09:23,530:INFO:Copying training dataset
2024-08-31 09:09:23,533:INFO:Defining folds
2024-08-31 09:09:23,533:INFO:Declaring metric variables
2024-08-31 09:09:23,533:INFO:Importing untrained model
2024-08-31 09:09:23,533:INFO:Linear Discriminant Analysis Imported successfully
2024-08-31 09:09:23,533:INFO:Starting cross validation
2024-08-31 09:09:23,534:INFO:Cross validating with StratifiedKFold(n_splits=10, random_state=None, shuffle=False), n_jobs=-1
2024-08-31 09:09:23,593:INFO:Calculating mean and std
2024-08-31 09:09:23,594:INFO:Creating metrics dataframe
2024-08-31 09:09:23,596:INFO:Uploading results into container
2024-08-31 09:09:23,596:INFO:Uploading model into container now
2024-08-31 09:09:23,597:INFO:_master_model_container: 11
2024-08-31 09:09:23,597:INFO:_display_container: 2
2024-08-31 09:09:23,597:INFO:LinearDiscriminantAnalysis(covariance_estimator=None, n_components=None,
                           priors=None, shrinkage=None, solver='svd',
                           store_covariance=False, tol=0.0001)
2024-08-31 09:09:23,597:INFO:create_model() successfully completed......................................
2024-08-31 09:09:23,665:INFO:SubProcess create_model() end ==================================
2024-08-31 09:09:23,665:INFO:Creating metrics dataframe
2024-08-31 09:09:23,667:INFO:Initializing Extra Trees Classifier
2024-08-31 09:09:23,667:INFO:Total runtime is 0.1490342140197754 minutes
2024-08-31 09:09:23,667:INFO:SubProcess create_model() called ==================================
2024-08-31 09:09:23,667:INFO:Initializing create_model()
2024-08-31 09:09:23,667:INFO:create_model(self=<pycaret.classification.oop.ClassificationExperiment object at 0x00000215FCEDC290>, estimator=et, fold=StratifiedKFold(n_splits=10, random_state=None, shuffle=False), round=4, cross_validation=True, predict=True, fit_kwargs={}, groups=None, refit=False, probability_threshold=None, experiment_custom_tags=None, verbose=False, system=False, add_to_model_list=True, metrics=None, display=<pycaret.internal.display.display.CommonDisplay object at 0x00000215FD16B8D0>, model_only=True, return_train_score=False, error_score=0.0, kwargs={})
2024-08-31 09:09:23,667:INFO:Checking exceptions
2024-08-31 09:09:23,667:INFO:Importing libraries
2024-08-31 09:09:23,667:INFO:Copying training dataset
2024-08-31 09:09:23,670:INFO:Defining folds
2024-08-31 09:09:23,670:INFO:Declaring metric variables
2024-08-31 09:09:23,670:INFO:Importing untrained model
2024-08-31 09:09:23,671:INFO:Extra Trees Classifier Imported successfully
2024-08-31 09:09:23,671:INFO:Starting cross validation
2024-08-31 09:09:23,671:INFO:Cross validating with StratifiedKFold(n_splits=10, random_state=None, shuffle=False), n_jobs=-1
2024-08-31 09:09:24,042:INFO:Calculating mean and std
2024-08-31 09:09:24,043:INFO:Creating metrics dataframe
2024-08-31 09:09:24,045:INFO:Uploading results into container
2024-08-31 09:09:24,046:INFO:Uploading model into container now
2024-08-31 09:09:24,046:INFO:_master_model_container: 12
2024-08-31 09:09:24,046:INFO:_display_container: 2
2024-08-31 09:09:24,046:INFO:ExtraTreesClassifier(bootstrap=False, ccp_alpha=0.0, class_weight=None,
                     criterion='gini', max_depth=None, max_features='sqrt',
                     max_leaf_nodes=None, max_samples=None,
                     min_impurity_decrease=0.0, min_samples_leaf=1,
                     min_samples_split=2, min_weight_fraction_leaf=0.0,
                     monotonic_cst=None, n_estimators=100, n_jobs=-1,
                     oob_score=False, random_state=7377, verbose=0,
                     warm_start=False)
2024-08-31 09:09:24,046:INFO:create_model() successfully completed......................................
2024-08-31 09:09:24,114:INFO:SubProcess create_model() end ==================================
2024-08-31 09:09:24,114:INFO:Creating metrics dataframe
2024-08-31 09:09:24,116:INFO:Initializing Light Gradient Boosting Machine
2024-08-31 09:09:24,116:INFO:Total runtime is 0.15651992559432984 minutes
2024-08-31 09:09:24,116:INFO:SubProcess create_model() called ==================================
2024-08-31 09:09:24,116:INFO:Initializing create_model()
2024-08-31 09:09:24,116:INFO:create_model(self=<pycaret.classification.oop.ClassificationExperiment object at 0x00000215FCEDC290>, estimator=lightgbm, fold=StratifiedKFold(n_splits=10, random_state=None, shuffle=False), round=4, cross_validation=True, predict=True, fit_kwargs={}, groups=None, refit=False, probability_threshold=None, experiment_custom_tags=None, verbose=False, system=False, add_to_model_list=True, metrics=None, display=<pycaret.internal.display.display.CommonDisplay object at 0x00000215FD16B8D0>, model_only=True, return_train_score=False, error_score=0.0, kwargs={})
2024-08-31 09:09:24,116:INFO:Checking exceptions
2024-08-31 09:09:24,117:INFO:Importing libraries
2024-08-31 09:09:24,117:INFO:Copying training dataset
2024-08-31 09:09:24,119:INFO:Defining folds
2024-08-31 09:09:24,119:INFO:Declaring metric variables
2024-08-31 09:09:24,119:INFO:Importing untrained model
2024-08-31 09:09:24,120:INFO:Light Gradient Boosting Machine Imported successfully
2024-08-31 09:09:24,120:INFO:Starting cross validation
2024-08-31 09:09:24,120:INFO:Cross validating with StratifiedKFold(n_splits=10, random_state=None, shuffle=False), n_jobs=-1
2024-08-31 09:09:24,746:INFO:Calculating mean and std
2024-08-31 09:09:24,746:INFO:Creating metrics dataframe
2024-08-31 09:09:24,748:INFO:Uploading results into container
2024-08-31 09:09:24,749:INFO:Uploading model into container now
2024-08-31 09:09:24,749:INFO:_master_model_container: 13
2024-08-31 09:09:24,749:INFO:_display_container: 2
2024-08-31 09:09:24,750:INFO:LGBMClassifier(boosting_type='gbdt', class_weight=None, colsample_bytree=1.0,
               importance_type='split', learning_rate=0.1, max_depth=-1,
               min_child_samples=20, min_child_weight=0.001, min_split_gain=0.0,
               n_estimators=100, n_jobs=-1, num_leaves=31, objective=None,
               random_state=7377, reg_alpha=0.0, reg_lambda=0.0, subsample=1.0,
               subsample_for_bin=200000, subsample_freq=0)
2024-08-31 09:09:24,750:INFO:create_model() successfully completed......................................
2024-08-31 09:09:24,836:INFO:SubProcess create_model() end ==================================
2024-08-31 09:09:24,836:INFO:Creating metrics dataframe
2024-08-31 09:09:24,838:INFO:Initializing Dummy Classifier
2024-08-31 09:09:24,838:INFO:Total runtime is 0.16854758659998575 minutes
2024-08-31 09:09:24,839:INFO:SubProcess create_model() called ==================================
2024-08-31 09:09:24,839:INFO:Initializing create_model()
2024-08-31 09:09:24,839:INFO:create_model(self=<pycaret.classification.oop.ClassificationExperiment object at 0x00000215FCEDC290>, estimator=dummy, fold=StratifiedKFold(n_splits=10, random_state=None, shuffle=False), round=4, cross_validation=True, predict=True, fit_kwargs={}, groups=None, refit=False, probability_threshold=None, experiment_custom_tags=None, verbose=False, system=False, add_to_model_list=True, metrics=None, display=<pycaret.internal.display.display.CommonDisplay object at 0x00000215FD16B8D0>, model_only=True, return_train_score=False, error_score=0.0, kwargs={})
2024-08-31 09:09:24,839:INFO:Checking exceptions
2024-08-31 09:09:24,839:INFO:Importing libraries
2024-08-31 09:09:24,839:INFO:Copying training dataset
2024-08-31 09:09:24,841:INFO:Defining folds
2024-08-31 09:09:24,843:INFO:Declaring metric variables
2024-08-31 09:09:24,843:INFO:Importing untrained model
2024-08-31 09:09:24,843:INFO:Dummy Classifier Imported successfully
2024-08-31 09:09:24,843:INFO:Starting cross validation
2024-08-31 09:09:24,844:INFO:Cross validating with StratifiedKFold(n_splits=10, random_state=None, shuffle=False), n_jobs=-1
2024-08-31 09:09:24,875:WARNING:C:\Users\surya\OneDrive\Desktop\Data Science Project\Diabetes analysis\.venv\Lib\site-packages\sklearn\metrics\_classification.py:1509: UndefinedMetricWarning: Precision is ill-defined and being set to 0.0 due to no predicted samples. Use `zero_division` parameter to control this behavior.
  _warn_prf(average, modifier, f"{metric.capitalize()} is", len(result))

2024-08-31 09:09:24,877:WARNING:C:\Users\surya\OneDrive\Desktop\Data Science Project\Diabetes analysis\.venv\Lib\site-packages\sklearn\metrics\_classification.py:1509: UndefinedMetricWarning: Precision is ill-defined and being set to 0.0 due to no predicted samples. Use `zero_division` parameter to control this behavior.
  _warn_prf(average, modifier, f"{metric.capitalize()} is", len(result))

2024-08-31 09:09:24,880:WARNING:C:\Users\surya\OneDrive\Desktop\Data Science Project\Diabetes analysis\.venv\Lib\site-packages\sklearn\metrics\_classification.py:1509: UndefinedMetricWarning: Precision is ill-defined and being set to 0.0 due to no predicted samples. Use `zero_division` parameter to control this behavior.
  _warn_prf(average, modifier, f"{metric.capitalize()} is", len(result))

2024-08-31 09:09:24,881:WARNING:C:\Users\surya\OneDrive\Desktop\Data Science Project\Diabetes analysis\.venv\Lib\site-packages\sklearn\metrics\_classification.py:1509: UndefinedMetricWarning: Precision is ill-defined and being set to 0.0 due to no predicted samples. Use `zero_division` parameter to control this behavior.
  _warn_prf(average, modifier, f"{metric.capitalize()} is", len(result))

2024-08-31 09:09:24,884:WARNING:C:\Users\surya\OneDrive\Desktop\Data Science Project\Diabetes analysis\.venv\Lib\site-packages\sklearn\metrics\_classification.py:1509: UndefinedMetricWarning: Precision is ill-defined and being set to 0.0 due to no predicted samples. Use `zero_division` parameter to control this behavior.
  _warn_prf(average, modifier, f"{metric.capitalize()} is", len(result))

2024-08-31 09:09:24,885:WARNING:C:\Users\surya\OneDrive\Desktop\Data Science Project\Diabetes analysis\.venv\Lib\site-packages\sklearn\metrics\_classification.py:1509: UndefinedMetricWarning: Precision is ill-defined and being set to 0.0 due to no predicted samples. Use `zero_division` parameter to control this behavior.
  _warn_prf(average, modifier, f"{metric.capitalize()} is", len(result))

2024-08-31 09:09:24,887:WARNING:C:\Users\surya\OneDrive\Desktop\Data Science Project\Diabetes analysis\.venv\Lib\site-packages\sklearn\metrics\_classification.py:1509: UndefinedMetricWarning: Precision is ill-defined and being set to 0.0 due to no predicted samples. Use `zero_division` parameter to control this behavior.
  _warn_prf(average, modifier, f"{metric.capitalize()} is", len(result))

2024-08-31 09:09:24,889:WARNING:C:\Users\surya\OneDrive\Desktop\Data Science Project\Diabetes analysis\.venv\Lib\site-packages\sklearn\metrics\_classification.py:1509: UndefinedMetricWarning: Precision is ill-defined and being set to 0.0 due to no predicted samples. Use `zero_division` parameter to control this behavior.
  _warn_prf(average, modifier, f"{metric.capitalize()} is", len(result))

2024-08-31 09:09:24,891:WARNING:C:\Users\surya\OneDrive\Desktop\Data Science Project\Diabetes analysis\.venv\Lib\site-packages\sklearn\metrics\_classification.py:1509: UndefinedMetricWarning: Precision is ill-defined and being set to 0.0 due to no predicted samples. Use `zero_division` parameter to control this behavior.
  _warn_prf(average, modifier, f"{metric.capitalize()} is", len(result))

2024-08-31 09:09:24,894:WARNING:C:\Users\surya\OneDrive\Desktop\Data Science Project\Diabetes analysis\.venv\Lib\site-packages\sklearn\metrics\_classification.py:1509: UndefinedMetricWarning: Precision is ill-defined and being set to 0.0 due to no predicted samples. Use `zero_division` parameter to control this behavior.
  _warn_prf(average, modifier, f"{metric.capitalize()} is", len(result))

2024-08-31 09:09:24,903:INFO:Calculating mean and std
2024-08-31 09:09:24,904:INFO:Creating metrics dataframe
2024-08-31 09:09:24,905:INFO:Uploading results into container
2024-08-31 09:09:24,906:INFO:Uploading model into container now
2024-08-31 09:09:24,906:INFO:_master_model_container: 14
2024-08-31 09:09:24,906:INFO:_display_container: 2
2024-08-31 09:09:24,906:INFO:DummyClassifier(constant=None, random_state=7377, strategy='prior')
2024-08-31 09:09:24,906:INFO:create_model() successfully completed......................................
2024-08-31 09:09:24,976:INFO:SubProcess create_model() end ==================================
2024-08-31 09:09:24,976:INFO:Creating metrics dataframe
2024-08-31 09:09:24,978:WARNING:C:\Users\surya\OneDrive\Desktop\Data Science Project\Diabetes analysis\.venv\Lib\site-packages\pycaret\internal\pycaret_experiment\supervised_experiment.py:339: FutureWarning: Styler.applymap has been deprecated. Use Styler.map instead.
  .applymap(highlight_cols, subset=["TT (Sec)"])

2024-08-31 09:09:24,980:INFO:Initializing create_model()
2024-08-31 09:09:24,980:INFO:create_model(self=<pycaret.classification.oop.ClassificationExperiment object at 0x00000215FCEDC290>, estimator=LinearDiscriminantAnalysis(covariance_estimator=None, n_components=None,
                           priors=None, shrinkage=None, solver='svd',
                           store_covariance=False, tol=0.0001), fold=StratifiedKFold(n_splits=10, random_state=None, shuffle=False), round=4, cross_validation=False, predict=False, fit_kwargs={}, groups=None, refit=True, probability_threshold=None, experiment_custom_tags=None, verbose=False, system=False, add_to_model_list=True, metrics=None, display=None, model_only=True, return_train_score=False, error_score=0.0, kwargs={})
2024-08-31 09:09:24,980:INFO:Checking exceptions
2024-08-31 09:09:24,981:INFO:Importing libraries
2024-08-31 09:09:24,981:INFO:Copying training dataset
2024-08-31 09:09:24,983:INFO:Defining folds
2024-08-31 09:09:24,983:INFO:Declaring metric variables
2024-08-31 09:09:24,983:INFO:Importing untrained model
2024-08-31 09:09:24,983:INFO:Declaring custom model
2024-08-31 09:09:24,984:INFO:Linear Discriminant Analysis Imported successfully
2024-08-31 09:09:24,984:INFO:Cross validation set to False
2024-08-31 09:09:24,984:INFO:Fitting Model
2024-08-31 09:09:24,991:INFO:LinearDiscriminantAnalysis(covariance_estimator=None, n_components=None,
                           priors=None, shrinkage=None, solver='svd',
                           store_covariance=False, tol=0.0001)
2024-08-31 09:09:24,991:INFO:create_model() successfully completed......................................
2024-08-31 09:09:25,070:INFO:_master_model_container: 14
2024-08-31 09:09:25,070:INFO:_display_container: 2
2024-08-31 09:09:25,071:INFO:LinearDiscriminantAnalysis(covariance_estimator=None, n_components=None,
                           priors=None, shrinkage=None, solver='svd',
                           store_covariance=False, tol=0.0001)
2024-08-31 09:09:25,071:INFO:compare_models() successfully completed......................................
2024-08-31 09:09:25,071:INFO:Initializing create_model()
2024-08-31 09:09:25,071:INFO:create_model(self=<pycaret.classification.oop.ClassificationExperiment object at 0x00000215FCEDC290>, estimator=lda, fold=None, round=4, cross_validation=True, predict=True, fit_kwargs=None, groups=None, refit=True, probability_threshold=None, experiment_custom_tags=None, verbose=True, system=True, add_to_model_list=True, metrics=None, display=None, model_only=True, return_train_score=False, error_score=0.0, kwargs={})
2024-08-31 09:09:25,071:INFO:Checking exceptions
2024-08-31 09:09:25,072:INFO:Importing libraries
2024-08-31 09:09:25,072:INFO:Copying training dataset
2024-08-31 09:09:25,075:INFO:Defining folds
2024-08-31 09:09:25,075:INFO:Declaring metric variables
2024-08-31 09:09:25,075:INFO:Importing untrained model
2024-08-31 09:09:25,076:INFO:Linear Discriminant Analysis Imported successfully
2024-08-31 09:09:25,076:INFO:Starting cross validation
2024-08-31 09:09:25,076:INFO:Cross validating with StratifiedKFold(n_splits=10, random_state=None, shuffle=False), n_jobs=-1
2024-08-31 09:09:25,135:INFO:Calculating mean and std
2024-08-31 09:09:25,136:INFO:Creating metrics dataframe
2024-08-31 09:09:25,137:INFO:Finalizing model
2024-08-31 09:09:25,143:INFO:Uploading results into container
2024-08-31 09:09:25,144:INFO:Uploading model into container now
2024-08-31 09:09:25,151:INFO:_master_model_container: 15
2024-08-31 09:09:25,152:INFO:_display_container: 3
2024-08-31 09:09:25,152:INFO:LinearDiscriminantAnalysis(covariance_estimator=None, n_components=None,
                           priors=None, shrinkage=None, solver='svd',
                           store_covariance=False, tol=0.0001)
2024-08-31 09:09:25,152:INFO:create_model() successfully completed......................................
2024-08-31 09:14:36,399:WARNING:
'cuml' is a soft dependency and not included in the pycaret installation. Please run: `pip install cuml` to install.
2024-08-31 09:14:36,399:WARNING:
'cuml' is a soft dependency and not included in the pycaret installation. Please run: `pip install cuml` to install.
2024-08-31 09:14:36,399:WARNING:
'cuml' is a soft dependency and not included in the pycaret installation. Please run: `pip install cuml` to install.
2024-08-31 09:14:36,400:WARNING:
'cuml' is a soft dependency and not included in the pycaret installation. Please run: `pip install cuml` to install.
2024-08-31 09:14:39,600:INFO:PyCaret ClassificationExperiment
2024-08-31 09:14:39,601:INFO:Logging name: clf-default-name
2024-08-31 09:14:39,601:INFO:ML Usecase: MLUsecase.CLASSIFICATION
2024-08-31 09:14:39,601:INFO:version 3.3.2
2024-08-31 09:14:39,601:INFO:Initializing setup()
2024-08-31 09:14:39,601:INFO:self.USI: 9ec7
2024-08-31 09:14:39,601:INFO:self._variable_keys: {'exp_id', 'y', 'X', '_ml_usecase', 'is_multiclass', 'seed', 'target_param', 'fix_imbalance', 'y_train', 'fold_groups_param', 'y_test', 'log_plots_param', 'X_train', 'pipeline', 'idx', 'logging_param', '_available_plots', 'exp_name_log', 'html_param', 'gpu_n_jobs_param', 'fold_shuffle_param', 'memory', 'data', 'n_jobs_param', 'fold_generator', 'X_test', 'gpu_param', 'USI'}
2024-08-31 09:14:39,601:INFO:Checking environment
2024-08-31 09:14:39,601:INFO:python_version: 3.11.4
2024-08-31 09:14:39,601:INFO:python_build: ('tags/v3.11.4:d2340ef', 'Jun  7 2023 05:45:37')
2024-08-31 09:14:39,601:INFO:machine: AMD64
2024-08-31 09:14:39,648:INFO:platform: Windows-10-10.0.22631-SP0
2024-08-31 09:14:39,657:INFO:Memory: svmem(total=16520773632, available=8326533120, percent=49.6, used=8194240512, free=8326533120)
2024-08-31 09:14:39,657:INFO:Physical Core: 8
2024-08-31 09:14:39,657:INFO:Logical Core: 16
2024-08-31 09:14:39,657:INFO:Checking libraries
2024-08-31 09:14:39,657:INFO:System:
2024-08-31 09:14:39,657:INFO:    python: 3.11.4 (tags/v3.11.4:d2340ef, Jun  7 2023, 05:45:37) [MSC v.1934 64 bit (AMD64)]
2024-08-31 09:14:39,657:INFO:executable: C:\Users\surya\OneDrive\Desktop\Data Science Project\Diabetes analysis\.venv\Scripts\python.exe
2024-08-31 09:14:39,657:INFO:   machine: Windows-10-10.0.22631-SP0
2024-08-31 09:14:39,658:INFO:PyCaret required dependencies:
2024-08-31 09:14:39,685:INFO:                 pip: 23.1.2
2024-08-31 09:14:39,685:INFO:          setuptools: 65.5.0
2024-08-31 09:14:39,685:INFO:             pycaret: 3.3.2
2024-08-31 09:14:39,685:INFO:             IPython: 8.27.0
2024-08-31 09:14:39,685:INFO:          ipywidgets: 8.1.5
2024-08-31 09:14:39,685:INFO:                tqdm: 4.66.5
2024-08-31 09:14:39,685:INFO:               numpy: 1.26.4
2024-08-31 09:14:39,686:INFO:              pandas: 2.1.4
2024-08-31 09:14:39,686:INFO:              jinja2: 3.1.4
2024-08-31 09:14:39,686:INFO:               scipy: 1.11.4
2024-08-31 09:14:39,686:INFO:              joblib: 1.3.2
2024-08-31 09:14:39,686:INFO:             sklearn: 1.4.2
2024-08-31 09:14:39,686:INFO:                pyod: 2.0.1
2024-08-31 09:14:39,686:INFO:            imblearn: 0.12.3
2024-08-31 09:14:39,686:INFO:   category_encoders: 2.6.3
2024-08-31 09:14:39,686:INFO:            lightgbm: 4.5.0
2024-08-31 09:14:39,686:INFO:               numba: 0.60.0
2024-08-31 09:14:39,686:INFO:            requests: 2.32.3
2024-08-31 09:14:39,686:INFO:          matplotlib: 3.7.5
2024-08-31 09:14:39,686:INFO:          scikitplot: 0.3.7
2024-08-31 09:14:39,686:INFO:         yellowbrick: 1.5
2024-08-31 09:14:39,686:INFO:              plotly: 5.24.0
2024-08-31 09:14:39,686:INFO:    plotly-resampler: Not installed
2024-08-31 09:14:39,686:INFO:             kaleido: 0.2.1
2024-08-31 09:14:39,686:INFO:           schemdraw: 0.15
2024-08-31 09:14:39,686:INFO:         statsmodels: 0.14.2
2024-08-31 09:14:39,686:INFO:              sktime: 0.26.0
2024-08-31 09:14:39,686:INFO:               tbats: 1.1.3
2024-08-31 09:14:39,686:INFO:            pmdarima: 2.0.4
2024-08-31 09:14:39,686:INFO:              psutil: 6.0.0
2024-08-31 09:14:39,686:INFO:          markupsafe: 2.1.5
2024-08-31 09:14:39,686:INFO:             pickle5: Not installed
2024-08-31 09:14:39,686:INFO:         cloudpickle: 3.0.0
2024-08-31 09:14:39,687:INFO:         deprecation: 2.1.0
2024-08-31 09:14:39,687:INFO:              xxhash: 3.5.0
2024-08-31 09:14:39,687:INFO:           wurlitzer: Not installed
2024-08-31 09:14:39,687:INFO:PyCaret optional dependencies:
2024-08-31 09:14:39,701:INFO:                shap: Not installed
2024-08-31 09:14:39,701:INFO:           interpret: Not installed
2024-08-31 09:14:39,701:INFO:                umap: Not installed
2024-08-31 09:14:39,701:INFO:     ydata_profiling: Not installed
2024-08-31 09:14:39,701:INFO:  explainerdashboard: Not installed
2024-08-31 09:14:39,701:INFO:             autoviz: Not installed
2024-08-31 09:14:39,702:INFO:           fairlearn: Not installed
2024-08-31 09:14:39,702:INFO:          deepchecks: Not installed
2024-08-31 09:14:39,702:INFO:             xgboost: Not installed
2024-08-31 09:14:39,702:INFO:            catboost: Not installed
2024-08-31 09:14:39,702:INFO:              kmodes: Not installed
2024-08-31 09:14:39,702:INFO:             mlxtend: Not installed
2024-08-31 09:14:39,702:INFO:       statsforecast: Not installed
2024-08-31 09:14:39,702:INFO:        tune_sklearn: Not installed
2024-08-31 09:14:39,702:INFO:                 ray: Not installed
2024-08-31 09:14:39,702:INFO:            hyperopt: Not installed
2024-08-31 09:14:39,702:INFO:              optuna: Not installed
2024-08-31 09:14:39,703:INFO:               skopt: Not installed
2024-08-31 09:14:39,703:INFO:              mlflow: Not installed
2024-08-31 09:14:39,703:INFO:              gradio: Not installed
2024-08-31 09:14:39,703:INFO:             fastapi: Not installed
2024-08-31 09:14:39,703:INFO:             uvicorn: Not installed
2024-08-31 09:14:39,703:INFO:              m2cgen: Not installed
2024-08-31 09:14:39,703:INFO:           evidently: Not installed
2024-08-31 09:14:39,703:INFO:               fugue: Not installed
2024-08-31 09:14:39,703:INFO:           streamlit: Not installed
2024-08-31 09:14:39,703:INFO:             prophet: Not installed
2024-08-31 09:14:39,703:INFO:None
2024-08-31 09:14:39,703:INFO:Set up data.
2024-08-31 09:14:39,707:INFO:Set up folding strategy.
2024-08-31 09:14:39,707:INFO:Set up train/test split.
2024-08-31 09:14:39,711:INFO:Set up index.
2024-08-31 09:14:39,711:INFO:Assigning column types.
2024-08-31 09:14:39,714:INFO:Engine successfully changes for model 'lr' to 'sklearn'.
2024-08-31 09:14:39,766:INFO:Engine for model 'knn' has not been set explicitly, hence returning None.
2024-08-31 09:14:39,769:INFO:Engine for model 'rbfsvm' has not been set explicitly, hence returning None.
2024-08-31 09:14:39,807:WARNING:
'xgboost' is a soft dependency and not included in the pycaret installation. Please run: `pip install xgboost` to install.
Alternately, you can install this by running `pip install pycaret[models]`
2024-08-31 09:14:39,807:WARNING:
'catboost' is a soft dependency and not included in the pycaret installation. Please run: `pip install catboost` to install.
Alternately, you can install this by running `pip install pycaret[models]`
2024-08-31 09:14:39,859:INFO:Engine for model 'knn' has not been set explicitly, hence returning None.
2024-08-31 09:14:39,860:INFO:Engine for model 'rbfsvm' has not been set explicitly, hence returning None.
2024-08-31 09:14:39,892:WARNING:
'xgboost' is a soft dependency and not included in the pycaret installation. Please run: `pip install xgboost` to install.
Alternately, you can install this by running `pip install pycaret[models]`
2024-08-31 09:14:39,892:WARNING:
'catboost' is a soft dependency and not included in the pycaret installation. Please run: `pip install catboost` to install.
Alternately, you can install this by running `pip install pycaret[models]`
2024-08-31 09:14:39,893:INFO:Engine successfully changes for model 'knn' to 'sklearn'.
2024-08-31 09:14:39,944:INFO:Engine for model 'rbfsvm' has not been set explicitly, hence returning None.
2024-08-31 09:14:39,975:WARNING:
'xgboost' is a soft dependency and not included in the pycaret installation. Please run: `pip install xgboost` to install.
Alternately, you can install this by running `pip install pycaret[models]`
2024-08-31 09:14:39,976:WARNING:
'catboost' is a soft dependency and not included in the pycaret installation. Please run: `pip install catboost` to install.
Alternately, you can install this by running `pip install pycaret[models]`
2024-08-31 09:14:40,027:INFO:Engine for model 'rbfsvm' has not been set explicitly, hence returning None.
2024-08-31 09:14:40,059:WARNING:
'xgboost' is a soft dependency and not included in the pycaret installation. Please run: `pip install xgboost` to install.
Alternately, you can install this by running `pip install pycaret[models]`
2024-08-31 09:14:40,060:WARNING:
'catboost' is a soft dependency and not included in the pycaret installation. Please run: `pip install catboost` to install.
Alternately, you can install this by running `pip install pycaret[models]`
2024-08-31 09:14:40,060:INFO:Engine successfully changes for model 'rbfsvm' to 'sklearn'.
2024-08-31 09:14:40,143:WARNING:
'xgboost' is a soft dependency and not included in the pycaret installation. Please run: `pip install xgboost` to install.
Alternately, you can install this by running `pip install pycaret[models]`
2024-08-31 09:14:40,144:WARNING:
'catboost' is a soft dependency and not included in the pycaret installation. Please run: `pip install catboost` to install.
Alternately, you can install this by running `pip install pycaret[models]`
2024-08-31 09:14:40,227:WARNING:
'xgboost' is a soft dependency and not included in the pycaret installation. Please run: `pip install xgboost` to install.
Alternately, you can install this by running `pip install pycaret[models]`
2024-08-31 09:14:40,228:WARNING:
'catboost' is a soft dependency and not included in the pycaret installation. Please run: `pip install catboost` to install.
Alternately, you can install this by running `pip install pycaret[models]`
2024-08-31 09:14:40,230:INFO:Preparing preprocessing pipeline...
2024-08-31 09:14:40,231:INFO:Set up simple imputation.
2024-08-31 09:14:40,232:INFO:Set up column name cleaning.
2024-08-31 09:14:40,257:INFO:Finished creating preprocessing pipeline.
2024-08-31 09:14:40,262:INFO:Pipeline: Pipeline(memory=FastMemory(location=C:\Users\surya\AppData\Local\Temp\joblib),
         steps=[('numerical_imputer',
                 TransformerWrapper(exclude=None,
                                    include=['Number of times pregnant',
                                             'Plasma glucose concentration a 2 '
                                             'hours in an oral glucose '
                                             'tolerance test',
                                             'Diastolic blood pressure (mm Hg)',
                                             'Triceps skin fold thickness (mm)',
                                             '2-Hour serum insulin (mu U/ml)',
                                             'Body mass index (weigh...
                ('categorical_imputer',
                 TransformerWrapper(exclude=None, include=[],
                                    transformer=SimpleImputer(add_indicator=False,
                                                              copy=True,
                                                              fill_value=None,
                                                              keep_empty_features=False,
                                                              missing_values=nan,
                                                              strategy='most_frequent'))),
                ('clean_column_names',
                 TransformerWrapper(exclude=None, include=None,
                                    transformer=CleanColumnNames(match='[\\]\\[\\,\\{\\}\\"\\:]+')))],
         verbose=False)
2024-08-31 09:14:40,262:INFO:Creating final display dataframe.
2024-08-31 09:14:40,340:INFO:Setup _display_container:                     Description             Value
0                    Session id              2789
1                        Target    Class variable
2                   Target type            Binary
3           Original data shape          (768, 9)
4        Transformed data shape          (768, 9)
5   Transformed train set shape          (537, 9)
6    Transformed test set shape          (231, 9)
7              Numeric features                 8
8                    Preprocess              True
9               Imputation type            simple
10           Numeric imputation              mean
11       Categorical imputation              mode
12               Fold Generator   StratifiedKFold
13                  Fold Number                10
14                     CPU Jobs                -1
15                      Use GPU             False
16               Log Experiment             False
17              Experiment Name  clf-default-name
18                          USI              9ec7
2024-08-31 09:14:40,433:WARNING:
'xgboost' is a soft dependency and not included in the pycaret installation. Please run: `pip install xgboost` to install.
Alternately, you can install this by running `pip install pycaret[models]`
2024-08-31 09:14:40,433:WARNING:
'catboost' is a soft dependency and not included in the pycaret installation. Please run: `pip install catboost` to install.
Alternately, you can install this by running `pip install pycaret[models]`
2024-08-31 09:14:40,517:WARNING:
'xgboost' is a soft dependency and not included in the pycaret installation. Please run: `pip install xgboost` to install.
Alternately, you can install this by running `pip install pycaret[models]`
2024-08-31 09:14:40,517:WARNING:
'catboost' is a soft dependency and not included in the pycaret installation. Please run: `pip install catboost` to install.
Alternately, you can install this by running `pip install pycaret[models]`
2024-08-31 09:14:40,518:INFO:setup() successfully completed in 0.92s...............
2024-08-31 09:14:40,518:INFO:Initializing compare_models()
2024-08-31 09:14:40,518:INFO:compare_models(self=<pycaret.classification.oop.ClassificationExperiment object at 0x0000022F244716D0>, include=None, exclude=None, fold=None, round=4, cross_validation=True, sort=Accuracy, n_select=1, budget_time=None, turbo=True, errors=ignore, fit_kwargs=None, groups=None, experiment_custom_tags=None, probability_threshold=None, verbose=True, parallel=None, caller_params={'self': <pycaret.classification.oop.ClassificationExperiment object at 0x0000022F244716D0>, 'include': None, 'exclude': None, 'fold': None, 'round': 4, 'cross_validation': True, 'sort': 'Accuracy', 'n_select': 1, 'budget_time': None, 'turbo': True, 'errors': 'ignore', 'fit_kwargs': None, 'groups': None, 'experiment_custom_tags': None, 'probability_threshold': None, 'engine': None, 'verbose': True, 'parallel': None, '__class__': <class 'pycaret.classification.oop.ClassificationExperiment'>})
2024-08-31 09:14:40,518:INFO:Checking exceptions
2024-08-31 09:14:40,521:INFO:Preparing display monitor
2024-08-31 09:14:40,525:INFO:Initializing Logistic Regression
2024-08-31 09:14:40,526:INFO:Total runtime is 1.659393310546875e-05 minutes
2024-08-31 09:14:40,526:INFO:SubProcess create_model() called ==================================
2024-08-31 09:14:40,527:INFO:Initializing create_model()
2024-08-31 09:14:40,527:INFO:create_model(self=<pycaret.classification.oop.ClassificationExperiment object at 0x0000022F244716D0>, estimator=lr, fold=StratifiedKFold(n_splits=10, random_state=None, shuffle=False), round=4, cross_validation=True, predict=True, fit_kwargs={}, groups=None, refit=False, probability_threshold=None, experiment_custom_tags=None, verbose=False, system=False, add_to_model_list=True, metrics=None, display=<pycaret.internal.display.display.CommonDisplay object at 0x0000022F249A7850>, model_only=True, return_train_score=False, error_score=0.0, kwargs={})
2024-08-31 09:14:40,527:INFO:Checking exceptions
2024-08-31 09:14:40,527:INFO:Importing libraries
2024-08-31 09:14:40,527:INFO:Copying training dataset
2024-08-31 09:14:40,535:INFO:Defining folds
2024-08-31 09:14:40,535:INFO:Declaring metric variables
2024-08-31 09:14:40,535:INFO:Importing untrained model
2024-08-31 09:14:40,535:INFO:Logistic Regression Imported successfully
2024-08-31 09:14:40,536:INFO:Starting cross validation
2024-08-31 09:14:40,536:INFO:Cross validating with StratifiedKFold(n_splits=10, random_state=None, shuffle=False), n_jobs=-1
2024-08-31 09:14:44,464:INFO:Calculating mean and std
2024-08-31 09:14:44,465:INFO:Creating metrics dataframe
2024-08-31 09:14:44,467:INFO:Uploading results into container
2024-08-31 09:14:44,468:INFO:Uploading model into container now
2024-08-31 09:14:44,468:INFO:_master_model_container: 1
2024-08-31 09:14:44,469:INFO:_display_container: 2
2024-08-31 09:14:44,469:INFO:LogisticRegression(C=1.0, class_weight=None, dual=False, fit_intercept=True,
                   intercept_scaling=1, l1_ratio=None, max_iter=1000,
                   multi_class='auto', n_jobs=None, penalty='l2',
                   random_state=2789, solver='lbfgs', tol=0.0001, verbose=0,
                   warm_start=False)
2024-08-31 09:14:44,469:INFO:create_model() successfully completed......................................
2024-08-31 09:14:44,559:INFO:SubProcess create_model() end ==================================
2024-08-31 09:14:44,559:INFO:Creating metrics dataframe
2024-08-31 09:14:44,561:INFO:Initializing K Neighbors Classifier
2024-08-31 09:14:44,561:INFO:Total runtime is 0.06725439230600992 minutes
2024-08-31 09:14:44,561:INFO:SubProcess create_model() called ==================================
2024-08-31 09:14:44,561:INFO:Initializing create_model()
2024-08-31 09:14:44,561:INFO:create_model(self=<pycaret.classification.oop.ClassificationExperiment object at 0x0000022F244716D0>, estimator=knn, fold=StratifiedKFold(n_splits=10, random_state=None, shuffle=False), round=4, cross_validation=True, predict=True, fit_kwargs={}, groups=None, refit=False, probability_threshold=None, experiment_custom_tags=None, verbose=False, system=False, add_to_model_list=True, metrics=None, display=<pycaret.internal.display.display.CommonDisplay object at 0x0000022F249A7850>, model_only=True, return_train_score=False, error_score=0.0, kwargs={})
2024-08-31 09:14:44,561:INFO:Checking exceptions
2024-08-31 09:14:44,561:INFO:Importing libraries
2024-08-31 09:14:44,562:INFO:Copying training dataset
2024-08-31 09:14:44,565:INFO:Defining folds
2024-08-31 09:14:44,565:INFO:Declaring metric variables
2024-08-31 09:14:44,565:INFO:Importing untrained model
2024-08-31 09:14:44,566:INFO:K Neighbors Classifier Imported successfully
2024-08-31 09:14:44,566:INFO:Starting cross validation
2024-08-31 09:14:44,568:INFO:Cross validating with StratifiedKFold(n_splits=10, random_state=None, shuffle=False), n_jobs=-1
2024-08-31 09:14:47,050:INFO:Calculating mean and std
2024-08-31 09:14:47,052:INFO:Creating metrics dataframe
2024-08-31 09:14:47,054:INFO:Uploading results into container
2024-08-31 09:14:47,054:INFO:Uploading model into container now
2024-08-31 09:14:47,054:INFO:_master_model_container: 2
2024-08-31 09:14:47,054:INFO:_display_container: 2
2024-08-31 09:14:47,056:INFO:KNeighborsClassifier(algorithm='auto', leaf_size=30, metric='minkowski',
                     metric_params=None, n_jobs=-1, n_neighbors=5, p=2,
                     weights='uniform')
2024-08-31 09:14:47,056:INFO:create_model() successfully completed......................................
2024-08-31 09:14:47,149:INFO:SubProcess create_model() end ==================================
2024-08-31 09:14:47,150:INFO:Creating metrics dataframe
2024-08-31 09:14:47,152:INFO:Initializing Naive Bayes
2024-08-31 09:14:47,152:INFO:Total runtime is 0.11043447256088257 minutes
2024-08-31 09:14:47,152:INFO:SubProcess create_model() called ==================================
2024-08-31 09:14:47,152:INFO:Initializing create_model()
2024-08-31 09:14:47,152:INFO:create_model(self=<pycaret.classification.oop.ClassificationExperiment object at 0x0000022F244716D0>, estimator=nb, fold=StratifiedKFold(n_splits=10, random_state=None, shuffle=False), round=4, cross_validation=True, predict=True, fit_kwargs={}, groups=None, refit=False, probability_threshold=None, experiment_custom_tags=None, verbose=False, system=False, add_to_model_list=True, metrics=None, display=<pycaret.internal.display.display.CommonDisplay object at 0x0000022F249A7850>, model_only=True, return_train_score=False, error_score=0.0, kwargs={})
2024-08-31 09:14:47,152:INFO:Checking exceptions
2024-08-31 09:14:47,152:INFO:Importing libraries
2024-08-31 09:14:47,152:INFO:Copying training dataset
2024-08-31 09:14:47,155:INFO:Defining folds
2024-08-31 09:14:47,156:INFO:Declaring metric variables
2024-08-31 09:14:47,156:INFO:Importing untrained model
2024-08-31 09:14:47,156:INFO:Naive Bayes Imported successfully
2024-08-31 09:14:47,157:INFO:Starting cross validation
2024-08-31 09:14:47,158:INFO:Cross validating with StratifiedKFold(n_splits=10, random_state=None, shuffle=False), n_jobs=-1
2024-08-31 09:14:47,218:INFO:Calculating mean and std
2024-08-31 09:14:47,219:INFO:Creating metrics dataframe
2024-08-31 09:14:47,220:INFO:Uploading results into container
2024-08-31 09:14:47,220:INFO:Uploading model into container now
2024-08-31 09:14:47,221:INFO:_master_model_container: 3
2024-08-31 09:14:47,221:INFO:_display_container: 2
2024-08-31 09:14:47,221:INFO:GaussianNB(priors=None, var_smoothing=1e-09)
2024-08-31 09:14:47,221:INFO:create_model() successfully completed......................................
2024-08-31 09:14:47,286:INFO:SubProcess create_model() end ==================================
2024-08-31 09:14:47,286:INFO:Creating metrics dataframe
2024-08-31 09:14:47,288:INFO:Initializing Decision Tree Classifier
2024-08-31 09:14:47,288:INFO:Total runtime is 0.11270453135172526 minutes
2024-08-31 09:14:47,288:INFO:SubProcess create_model() called ==================================
2024-08-31 09:14:47,288:INFO:Initializing create_model()
2024-08-31 09:14:47,288:INFO:create_model(self=<pycaret.classification.oop.ClassificationExperiment object at 0x0000022F244716D0>, estimator=dt, fold=StratifiedKFold(n_splits=10, random_state=None, shuffle=False), round=4, cross_validation=True, predict=True, fit_kwargs={}, groups=None, refit=False, probability_threshold=None, experiment_custom_tags=None, verbose=False, system=False, add_to_model_list=True, metrics=None, display=<pycaret.internal.display.display.CommonDisplay object at 0x0000022F249A7850>, model_only=True, return_train_score=False, error_score=0.0, kwargs={})
2024-08-31 09:14:47,288:INFO:Checking exceptions
2024-08-31 09:14:47,288:INFO:Importing libraries
2024-08-31 09:14:47,288:INFO:Copying training dataset
2024-08-31 09:14:47,291:INFO:Defining folds
2024-08-31 09:14:47,291:INFO:Declaring metric variables
2024-08-31 09:14:47,292:INFO:Importing untrained model
2024-08-31 09:14:47,292:INFO:Decision Tree Classifier Imported successfully
2024-08-31 09:14:47,293:INFO:Starting cross validation
2024-08-31 09:14:47,294:INFO:Cross validating with StratifiedKFold(n_splits=10, random_state=None, shuffle=False), n_jobs=-1
2024-08-31 09:14:47,354:INFO:Calculating mean and std
2024-08-31 09:14:47,355:INFO:Creating metrics dataframe
2024-08-31 09:14:47,357:INFO:Uploading results into container
2024-08-31 09:14:47,358:INFO:Uploading model into container now
2024-08-31 09:14:47,358:INFO:_master_model_container: 4
2024-08-31 09:14:47,358:INFO:_display_container: 2
2024-08-31 09:14:47,358:INFO:DecisionTreeClassifier(ccp_alpha=0.0, class_weight=None, criterion='gini',
                       max_depth=None, max_features=None, max_leaf_nodes=None,
                       min_impurity_decrease=0.0, min_samples_leaf=1,
                       min_samples_split=2, min_weight_fraction_leaf=0.0,
                       monotonic_cst=None, random_state=2789, splitter='best')
2024-08-31 09:14:47,358:INFO:create_model() successfully completed......................................
2024-08-31 09:14:47,423:INFO:SubProcess create_model() end ==================================
2024-08-31 09:14:47,423:INFO:Creating metrics dataframe
2024-08-31 09:14:47,425:INFO:Initializing SVM - Linear Kernel
2024-08-31 09:14:47,425:INFO:Total runtime is 0.11499466896057128 minutes
2024-08-31 09:14:47,425:INFO:SubProcess create_model() called ==================================
2024-08-31 09:14:47,425:INFO:Initializing create_model()
2024-08-31 09:14:47,425:INFO:create_model(self=<pycaret.classification.oop.ClassificationExperiment object at 0x0000022F244716D0>, estimator=svm, fold=StratifiedKFold(n_splits=10, random_state=None, shuffle=False), round=4, cross_validation=True, predict=True, fit_kwargs={}, groups=None, refit=False, probability_threshold=None, experiment_custom_tags=None, verbose=False, system=False, add_to_model_list=True, metrics=None, display=<pycaret.internal.display.display.CommonDisplay object at 0x0000022F249A7850>, model_only=True, return_train_score=False, error_score=0.0, kwargs={})
2024-08-31 09:14:47,425:INFO:Checking exceptions
2024-08-31 09:14:47,425:INFO:Importing libraries
2024-08-31 09:14:47,425:INFO:Copying training dataset
2024-08-31 09:14:47,429:INFO:Defining folds
2024-08-31 09:14:47,429:INFO:Declaring metric variables
2024-08-31 09:14:47,429:INFO:Importing untrained model
2024-08-31 09:14:47,429:INFO:SVM - Linear Kernel Imported successfully
2024-08-31 09:14:47,429:INFO:Starting cross validation
2024-08-31 09:14:47,430:INFO:Cross validating with StratifiedKFold(n_splits=10, random_state=None, shuffle=False), n_jobs=-1
2024-08-31 09:14:47,490:INFO:Calculating mean and std
2024-08-31 09:14:47,490:INFO:Creating metrics dataframe
2024-08-31 09:14:47,492:INFO:Uploading results into container
2024-08-31 09:14:47,493:INFO:Uploading model into container now
2024-08-31 09:14:47,493:INFO:_master_model_container: 5
2024-08-31 09:14:47,493:INFO:_display_container: 2
2024-08-31 09:14:47,493:INFO:SGDClassifier(alpha=0.0001, average=False, class_weight=None,
              early_stopping=False, epsilon=0.1, eta0=0.001, fit_intercept=True,
              l1_ratio=0.15, learning_rate='optimal', loss='hinge',
              max_iter=1000, n_iter_no_change=5, n_jobs=-1, penalty='l2',
              power_t=0.5, random_state=2789, shuffle=True, tol=0.001,
              validation_fraction=0.1, verbose=0, warm_start=False)
2024-08-31 09:14:47,493:INFO:create_model() successfully completed......................................
2024-08-31 09:14:47,560:INFO:SubProcess create_model() end ==================================
2024-08-31 09:14:47,560:INFO:Creating metrics dataframe
2024-08-31 09:14:47,562:INFO:Initializing Ridge Classifier
2024-08-31 09:14:47,562:INFO:Total runtime is 0.117271622021993 minutes
2024-08-31 09:14:47,562:INFO:SubProcess create_model() called ==================================
2024-08-31 09:14:47,562:INFO:Initializing create_model()
2024-08-31 09:14:47,563:INFO:create_model(self=<pycaret.classification.oop.ClassificationExperiment object at 0x0000022F244716D0>, estimator=ridge, fold=StratifiedKFold(n_splits=10, random_state=None, shuffle=False), round=4, cross_validation=True, predict=True, fit_kwargs={}, groups=None, refit=False, probability_threshold=None, experiment_custom_tags=None, verbose=False, system=False, add_to_model_list=True, metrics=None, display=<pycaret.internal.display.display.CommonDisplay object at 0x0000022F249A7850>, model_only=True, return_train_score=False, error_score=0.0, kwargs={})
2024-08-31 09:14:47,563:INFO:Checking exceptions
2024-08-31 09:14:47,563:INFO:Importing libraries
2024-08-31 09:14:47,563:INFO:Copying training dataset
2024-08-31 09:14:47,565:INFO:Defining folds
2024-08-31 09:14:47,565:INFO:Declaring metric variables
2024-08-31 09:14:47,565:INFO:Importing untrained model
2024-08-31 09:14:47,566:INFO:Ridge Classifier Imported successfully
2024-08-31 09:14:47,566:INFO:Starting cross validation
2024-08-31 09:14:47,566:INFO:Cross validating with StratifiedKFold(n_splits=10, random_state=None, shuffle=False), n_jobs=-1
2024-08-31 09:14:47,626:INFO:Calculating mean and std
2024-08-31 09:14:47,626:INFO:Creating metrics dataframe
2024-08-31 09:14:47,627:INFO:Uploading results into container
2024-08-31 09:14:47,628:INFO:Uploading model into container now
2024-08-31 09:14:47,628:INFO:_master_model_container: 6
2024-08-31 09:14:47,628:INFO:_display_container: 2
2024-08-31 09:14:47,628:INFO:RidgeClassifier(alpha=1.0, class_weight=None, copy_X=True, fit_intercept=True,
                max_iter=None, positive=False, random_state=2789, solver='auto',
                tol=0.0001)
2024-08-31 09:14:47,628:INFO:create_model() successfully completed......................................
2024-08-31 09:14:47,693:INFO:SubProcess create_model() end ==================================
2024-08-31 09:14:47,693:INFO:Creating metrics dataframe
2024-08-31 09:14:47,695:INFO:Initializing Random Forest Classifier
2024-08-31 09:14:47,695:INFO:Total runtime is 0.11948719422022501 minutes
2024-08-31 09:14:47,695:INFO:SubProcess create_model() called ==================================
2024-08-31 09:14:47,695:INFO:Initializing create_model()
2024-08-31 09:14:47,695:INFO:create_model(self=<pycaret.classification.oop.ClassificationExperiment object at 0x0000022F244716D0>, estimator=rf, fold=StratifiedKFold(n_splits=10, random_state=None, shuffle=False), round=4, cross_validation=True, predict=True, fit_kwargs={}, groups=None, refit=False, probability_threshold=None, experiment_custom_tags=None, verbose=False, system=False, add_to_model_list=True, metrics=None, display=<pycaret.internal.display.display.CommonDisplay object at 0x0000022F249A7850>, model_only=True, return_train_score=False, error_score=0.0, kwargs={})
2024-08-31 09:14:47,695:INFO:Checking exceptions
2024-08-31 09:14:47,695:INFO:Importing libraries
2024-08-31 09:14:47,695:INFO:Copying training dataset
2024-08-31 09:14:47,698:INFO:Defining folds
2024-08-31 09:14:47,698:INFO:Declaring metric variables
2024-08-31 09:14:47,698:INFO:Importing untrained model
2024-08-31 09:14:47,698:INFO:Random Forest Classifier Imported successfully
2024-08-31 09:14:47,698:INFO:Starting cross validation
2024-08-31 09:14:47,699:INFO:Cross validating with StratifiedKFold(n_splits=10, random_state=None, shuffle=False), n_jobs=-1
2024-08-31 09:14:48,122:INFO:Calculating mean and std
2024-08-31 09:14:48,123:INFO:Creating metrics dataframe
2024-08-31 09:14:48,126:INFO:Uploading results into container
2024-08-31 09:14:48,126:INFO:Uploading model into container now
2024-08-31 09:14:48,126:INFO:_master_model_container: 7
2024-08-31 09:14:48,126:INFO:_display_container: 2
2024-08-31 09:14:48,127:INFO:RandomForestClassifier(bootstrap=True, ccp_alpha=0.0, class_weight=None,
                       criterion='gini', max_depth=None, max_features='sqrt',
                       max_leaf_nodes=None, max_samples=None,
                       min_impurity_decrease=0.0, min_samples_leaf=1,
                       min_samples_split=2, min_weight_fraction_leaf=0.0,
                       monotonic_cst=None, n_estimators=100, n_jobs=-1,
                       oob_score=False, random_state=2789, verbose=0,
                       warm_start=False)
2024-08-31 09:14:48,127:INFO:create_model() successfully completed......................................
2024-08-31 09:14:48,196:INFO:SubProcess create_model() end ==================================
2024-08-31 09:14:48,196:INFO:Creating metrics dataframe
2024-08-31 09:14:48,198:INFO:Initializing Quadratic Discriminant Analysis
2024-08-31 09:14:48,198:INFO:Total runtime is 0.12786974906921386 minutes
2024-08-31 09:14:48,198:INFO:SubProcess create_model() called ==================================
2024-08-31 09:14:48,198:INFO:Initializing create_model()
2024-08-31 09:14:48,198:INFO:create_model(self=<pycaret.classification.oop.ClassificationExperiment object at 0x0000022F244716D0>, estimator=qda, fold=StratifiedKFold(n_splits=10, random_state=None, shuffle=False), round=4, cross_validation=True, predict=True, fit_kwargs={}, groups=None, refit=False, probability_threshold=None, experiment_custom_tags=None, verbose=False, system=False, add_to_model_list=True, metrics=None, display=<pycaret.internal.display.display.CommonDisplay object at 0x0000022F249A7850>, model_only=True, return_train_score=False, error_score=0.0, kwargs={})
2024-08-31 09:14:48,198:INFO:Checking exceptions
2024-08-31 09:14:48,198:INFO:Importing libraries
2024-08-31 09:14:48,198:INFO:Copying training dataset
2024-08-31 09:14:48,201:INFO:Defining folds
2024-08-31 09:14:48,201:INFO:Declaring metric variables
2024-08-31 09:14:48,201:INFO:Importing untrained model
2024-08-31 09:14:48,202:INFO:Quadratic Discriminant Analysis Imported successfully
2024-08-31 09:14:48,202:INFO:Starting cross validation
2024-08-31 09:14:48,202:INFO:Cross validating with StratifiedKFold(n_splits=10, random_state=None, shuffle=False), n_jobs=-1
2024-08-31 09:14:48,271:INFO:Calculating mean and std
2024-08-31 09:14:48,272:INFO:Creating metrics dataframe
2024-08-31 09:14:48,273:INFO:Uploading results into container
2024-08-31 09:14:48,274:INFO:Uploading model into container now
2024-08-31 09:14:48,274:INFO:_master_model_container: 8
2024-08-31 09:14:48,274:INFO:_display_container: 2
2024-08-31 09:14:48,274:INFO:QuadraticDiscriminantAnalysis(priors=None, reg_param=0.0,
                              store_covariance=False, tol=0.0001)
2024-08-31 09:14:48,274:INFO:create_model() successfully completed......................................
2024-08-31 09:14:48,340:INFO:SubProcess create_model() end ==================================
2024-08-31 09:14:48,340:INFO:Creating metrics dataframe
2024-08-31 09:14:48,342:INFO:Initializing Ada Boost Classifier
2024-08-31 09:14:48,342:INFO:Total runtime is 0.1302758812904358 minutes
2024-08-31 09:14:48,342:INFO:SubProcess create_model() called ==================================
2024-08-31 09:14:48,342:INFO:Initializing create_model()
2024-08-31 09:14:48,342:INFO:create_model(self=<pycaret.classification.oop.ClassificationExperiment object at 0x0000022F244716D0>, estimator=ada, fold=StratifiedKFold(n_splits=10, random_state=None, shuffle=False), round=4, cross_validation=True, predict=True, fit_kwargs={}, groups=None, refit=False, probability_threshold=None, experiment_custom_tags=None, verbose=False, system=False, add_to_model_list=True, metrics=None, display=<pycaret.internal.display.display.CommonDisplay object at 0x0000022F249A7850>, model_only=True, return_train_score=False, error_score=0.0, kwargs={})
2024-08-31 09:14:48,342:INFO:Checking exceptions
2024-08-31 09:14:48,342:INFO:Importing libraries
2024-08-31 09:14:48,342:INFO:Copying training dataset
2024-08-31 09:14:48,344:INFO:Defining folds
2024-08-31 09:14:48,345:INFO:Declaring metric variables
2024-08-31 09:14:48,345:INFO:Importing untrained model
2024-08-31 09:14:48,345:INFO:Ada Boost Classifier Imported successfully
2024-08-31 09:14:48,345:INFO:Starting cross validation
2024-08-31 09:14:48,346:INFO:Cross validating with StratifiedKFold(n_splits=10, random_state=None, shuffle=False), n_jobs=-1
2024-08-31 09:14:48,367:WARNING:C:\Users\surya\OneDrive\Desktop\Data Science Project\Diabetes analysis\.venv\Lib\site-packages\sklearn\ensemble\_weight_boosting.py:519: FutureWarning: The SAMME.R algorithm (the default) is deprecated and will be removed in 1.6. Use the SAMME algorithm to circumvent this warning.
  warnings.warn(

2024-08-31 09:14:48,368:WARNING:C:\Users\surya\OneDrive\Desktop\Data Science Project\Diabetes analysis\.venv\Lib\site-packages\sklearn\ensemble\_weight_boosting.py:519: FutureWarning: The SAMME.R algorithm (the default) is deprecated and will be removed in 1.6. Use the SAMME algorithm to circumvent this warning.
  warnings.warn(

2024-08-31 09:14:48,368:WARNING:C:\Users\surya\OneDrive\Desktop\Data Science Project\Diabetes analysis\.venv\Lib\site-packages\sklearn\ensemble\_weight_boosting.py:519: FutureWarning: The SAMME.R algorithm (the default) is deprecated and will be removed in 1.6. Use the SAMME algorithm to circumvent this warning.
  warnings.warn(

2024-08-31 09:14:48,368:WARNING:C:\Users\surya\OneDrive\Desktop\Data Science Project\Diabetes analysis\.venv\Lib\site-packages\sklearn\ensemble\_weight_boosting.py:519: FutureWarning: The SAMME.R algorithm (the default) is deprecated and will be removed in 1.6. Use the SAMME algorithm to circumvent this warning.
  warnings.warn(

2024-08-31 09:14:48,371:WARNING:C:\Users\surya\OneDrive\Desktop\Data Science Project\Diabetes analysis\.venv\Lib\site-packages\sklearn\ensemble\_weight_boosting.py:519: FutureWarning: The SAMME.R algorithm (the default) is deprecated and will be removed in 1.6. Use the SAMME algorithm to circumvent this warning.
  warnings.warn(

2024-08-31 09:14:48,371:WARNING:C:\Users\surya\OneDrive\Desktop\Data Science Project\Diabetes analysis\.venv\Lib\site-packages\sklearn\ensemble\_weight_boosting.py:519: FutureWarning: The SAMME.R algorithm (the default) is deprecated and will be removed in 1.6. Use the SAMME algorithm to circumvent this warning.
  warnings.warn(

2024-08-31 09:14:48,374:WARNING:C:\Users\surya\OneDrive\Desktop\Data Science Project\Diabetes analysis\.venv\Lib\site-packages\sklearn\ensemble\_weight_boosting.py:519: FutureWarning: The SAMME.R algorithm (the default) is deprecated and will be removed in 1.6. Use the SAMME algorithm to circumvent this warning.
  warnings.warn(

2024-08-31 09:14:48,375:WARNING:C:\Users\surya\OneDrive\Desktop\Data Science Project\Diabetes analysis\.venv\Lib\site-packages\sklearn\ensemble\_weight_boosting.py:519: FutureWarning: The SAMME.R algorithm (the default) is deprecated and will be removed in 1.6. Use the SAMME algorithm to circumvent this warning.
  warnings.warn(

2024-08-31 09:14:48,377:WARNING:C:\Users\surya\OneDrive\Desktop\Data Science Project\Diabetes analysis\.venv\Lib\site-packages\sklearn\ensemble\_weight_boosting.py:519: FutureWarning: The SAMME.R algorithm (the default) is deprecated and will be removed in 1.6. Use the SAMME algorithm to circumvent this warning.
  warnings.warn(

2024-08-31 09:14:48,380:WARNING:C:\Users\surya\OneDrive\Desktop\Data Science Project\Diabetes analysis\.venv\Lib\site-packages\sklearn\ensemble\_weight_boosting.py:519: FutureWarning: The SAMME.R algorithm (the default) is deprecated and will be removed in 1.6. Use the SAMME algorithm to circumvent this warning.
  warnings.warn(

2024-08-31 09:14:48,549:INFO:Calculating mean and std
2024-08-31 09:14:48,550:INFO:Creating metrics dataframe
2024-08-31 09:14:48,552:INFO:Uploading results into container
2024-08-31 09:14:48,552:INFO:Uploading model into container now
2024-08-31 09:14:48,552:INFO:_master_model_container: 9
2024-08-31 09:14:48,553:INFO:_display_container: 2
2024-08-31 09:14:48,553:INFO:AdaBoostClassifier(algorithm='SAMME.R', estimator=None, learning_rate=1.0,
                   n_estimators=50, random_state=2789)
2024-08-31 09:14:48,553:INFO:create_model() successfully completed......................................
2024-08-31 09:14:48,618:INFO:SubProcess create_model() end ==================================
2024-08-31 09:14:48,618:INFO:Creating metrics dataframe
2024-08-31 09:14:48,620:INFO:Initializing Gradient Boosting Classifier
2024-08-31 09:14:48,620:INFO:Total runtime is 0.1349068522453308 minutes
2024-08-31 09:14:48,620:INFO:SubProcess create_model() called ==================================
2024-08-31 09:14:48,620:INFO:Initializing create_model()
2024-08-31 09:14:48,621:INFO:create_model(self=<pycaret.classification.oop.ClassificationExperiment object at 0x0000022F244716D0>, estimator=gbc, fold=StratifiedKFold(n_splits=10, random_state=None, shuffle=False), round=4, cross_validation=True, predict=True, fit_kwargs={}, groups=None, refit=False, probability_threshold=None, experiment_custom_tags=None, verbose=False, system=False, add_to_model_list=True, metrics=None, display=<pycaret.internal.display.display.CommonDisplay object at 0x0000022F249A7850>, model_only=True, return_train_score=False, error_score=0.0, kwargs={})
2024-08-31 09:14:48,621:INFO:Checking exceptions
2024-08-31 09:14:48,621:INFO:Importing libraries
2024-08-31 09:14:48,621:INFO:Copying training dataset
2024-08-31 09:14:48,623:INFO:Defining folds
2024-08-31 09:14:48,623:INFO:Declaring metric variables
2024-08-31 09:14:48,623:INFO:Importing untrained model
2024-08-31 09:14:48,623:INFO:Gradient Boosting Classifier Imported successfully
2024-08-31 09:14:48,623:INFO:Starting cross validation
2024-08-31 09:14:48,624:INFO:Cross validating with StratifiedKFold(n_splits=10, random_state=None, shuffle=False), n_jobs=-1
2024-08-31 09:14:48,894:INFO:Calculating mean and std
2024-08-31 09:14:48,896:INFO:Creating metrics dataframe
2024-08-31 09:14:48,898:INFO:Uploading results into container
2024-08-31 09:14:48,898:INFO:Uploading model into container now
2024-08-31 09:14:48,898:INFO:_master_model_container: 10
2024-08-31 09:14:48,898:INFO:_display_container: 2
2024-08-31 09:14:48,899:INFO:GradientBoostingClassifier(ccp_alpha=0.0, criterion='friedman_mse', init=None,
                           learning_rate=0.1, loss='log_loss', max_depth=3,
                           max_features=None, max_leaf_nodes=None,
                           min_impurity_decrease=0.0, min_samples_leaf=1,
                           min_samples_split=2, min_weight_fraction_leaf=0.0,
                           n_estimators=100, n_iter_no_change=None,
                           random_state=2789, subsample=1.0, tol=0.0001,
                           validation_fraction=0.1, verbose=0,
                           warm_start=False)
2024-08-31 09:14:48,899:INFO:create_model() successfully completed......................................
2024-08-31 09:14:48,963:INFO:SubProcess create_model() end ==================================
2024-08-31 09:14:48,963:INFO:Creating metrics dataframe
2024-08-31 09:14:48,965:INFO:Initializing Linear Discriminant Analysis
2024-08-31 09:14:48,965:INFO:Total runtime is 0.1406648278236389 minutes
2024-08-31 09:14:48,965:INFO:SubProcess create_model() called ==================================
2024-08-31 09:14:48,965:INFO:Initializing create_model()
2024-08-31 09:14:48,965:INFO:create_model(self=<pycaret.classification.oop.ClassificationExperiment object at 0x0000022F244716D0>, estimator=lda, fold=StratifiedKFold(n_splits=10, random_state=None, shuffle=False), round=4, cross_validation=True, predict=True, fit_kwargs={}, groups=None, refit=False, probability_threshold=None, experiment_custom_tags=None, verbose=False, system=False, add_to_model_list=True, metrics=None, display=<pycaret.internal.display.display.CommonDisplay object at 0x0000022F249A7850>, model_only=True, return_train_score=False, error_score=0.0, kwargs={})
2024-08-31 09:14:48,965:INFO:Checking exceptions
2024-08-31 09:14:48,965:INFO:Importing libraries
2024-08-31 09:14:48,965:INFO:Copying training dataset
2024-08-31 09:14:48,968:INFO:Defining folds
2024-08-31 09:14:48,968:INFO:Declaring metric variables
2024-08-31 09:14:48,968:INFO:Importing untrained model
2024-08-31 09:14:48,968:INFO:Linear Discriminant Analysis Imported successfully
2024-08-31 09:14:48,968:INFO:Starting cross validation
2024-08-31 09:14:48,969:INFO:Cross validating with StratifiedKFold(n_splits=10, random_state=None, shuffle=False), n_jobs=-1
2024-08-31 09:14:49,029:INFO:Calculating mean and std
2024-08-31 09:14:49,029:INFO:Creating metrics dataframe
2024-08-31 09:14:49,031:INFO:Uploading results into container
2024-08-31 09:14:49,032:INFO:Uploading model into container now
2024-08-31 09:14:49,032:INFO:_master_model_container: 11
2024-08-31 09:14:49,032:INFO:_display_container: 2
2024-08-31 09:14:49,032:INFO:LinearDiscriminantAnalysis(covariance_estimator=None, n_components=None,
                           priors=None, shrinkage=None, solver='svd',
                           store_covariance=False, tol=0.0001)
2024-08-31 09:14:49,032:INFO:create_model() successfully completed......................................
2024-08-31 09:14:49,097:INFO:SubProcess create_model() end ==================================
2024-08-31 09:14:49,097:INFO:Creating metrics dataframe
2024-08-31 09:14:49,099:INFO:Initializing Extra Trees Classifier
2024-08-31 09:14:49,099:INFO:Total runtime is 0.1428857167561849 minutes
2024-08-31 09:14:49,099:INFO:SubProcess create_model() called ==================================
2024-08-31 09:14:49,099:INFO:Initializing create_model()
2024-08-31 09:14:49,099:INFO:create_model(self=<pycaret.classification.oop.ClassificationExperiment object at 0x0000022F244716D0>, estimator=et, fold=StratifiedKFold(n_splits=10, random_state=None, shuffle=False), round=4, cross_validation=True, predict=True, fit_kwargs={}, groups=None, refit=False, probability_threshold=None, experiment_custom_tags=None, verbose=False, system=False, add_to_model_list=True, metrics=None, display=<pycaret.internal.display.display.CommonDisplay object at 0x0000022F249A7850>, model_only=True, return_train_score=False, error_score=0.0, kwargs={})
2024-08-31 09:14:49,099:INFO:Checking exceptions
2024-08-31 09:14:49,099:INFO:Importing libraries
2024-08-31 09:14:49,099:INFO:Copying training dataset
2024-08-31 09:14:49,102:INFO:Defining folds
2024-08-31 09:14:49,102:INFO:Declaring metric variables
2024-08-31 09:14:49,102:INFO:Importing untrained model
2024-08-31 09:14:49,102:INFO:Extra Trees Classifier Imported successfully
2024-08-31 09:14:49,102:INFO:Starting cross validation
2024-08-31 09:14:49,103:INFO:Cross validating with StratifiedKFold(n_splits=10, random_state=None, shuffle=False), n_jobs=-1
2024-08-31 09:14:49,456:INFO:Calculating mean and std
2024-08-31 09:14:49,457:INFO:Creating metrics dataframe
2024-08-31 09:14:49,459:INFO:Uploading results into container
2024-08-31 09:14:49,459:INFO:Uploading model into container now
2024-08-31 09:14:49,459:INFO:_master_model_container: 12
2024-08-31 09:14:49,459:INFO:_display_container: 2
2024-08-31 09:14:49,460:INFO:ExtraTreesClassifier(bootstrap=False, ccp_alpha=0.0, class_weight=None,
                     criterion='gini', max_depth=None, max_features='sqrt',
                     max_leaf_nodes=None, max_samples=None,
                     min_impurity_decrease=0.0, min_samples_leaf=1,
                     min_samples_split=2, min_weight_fraction_leaf=0.0,
                     monotonic_cst=None, n_estimators=100, n_jobs=-1,
                     oob_score=False, random_state=2789, verbose=0,
                     warm_start=False)
2024-08-31 09:14:49,460:INFO:create_model() successfully completed......................................
2024-08-31 09:14:49,528:INFO:SubProcess create_model() end ==================================
2024-08-31 09:14:49,528:INFO:Creating metrics dataframe
2024-08-31 09:14:49,530:INFO:Initializing Light Gradient Boosting Machine
2024-08-31 09:14:49,530:INFO:Total runtime is 0.15006869633992512 minutes
2024-08-31 09:14:49,530:INFO:SubProcess create_model() called ==================================
2024-08-31 09:14:49,530:INFO:Initializing create_model()
2024-08-31 09:14:49,530:INFO:create_model(self=<pycaret.classification.oop.ClassificationExperiment object at 0x0000022F244716D0>, estimator=lightgbm, fold=StratifiedKFold(n_splits=10, random_state=None, shuffle=False), round=4, cross_validation=True, predict=True, fit_kwargs={}, groups=None, refit=False, probability_threshold=None, experiment_custom_tags=None, verbose=False, system=False, add_to_model_list=True, metrics=None, display=<pycaret.internal.display.display.CommonDisplay object at 0x0000022F249A7850>, model_only=True, return_train_score=False, error_score=0.0, kwargs={})
2024-08-31 09:14:49,530:INFO:Checking exceptions
2024-08-31 09:14:49,530:INFO:Importing libraries
2024-08-31 09:14:49,531:INFO:Copying training dataset
2024-08-31 09:14:49,533:INFO:Defining folds
2024-08-31 09:14:49,533:INFO:Declaring metric variables
2024-08-31 09:14:49,533:INFO:Importing untrained model
2024-08-31 09:14:49,534:INFO:Light Gradient Boosting Machine Imported successfully
2024-08-31 09:14:49,534:INFO:Starting cross validation
2024-08-31 09:14:49,534:INFO:Cross validating with StratifiedKFold(n_splits=10, random_state=None, shuffle=False), n_jobs=-1
2024-08-31 09:14:50,233:INFO:Calculating mean and std
2024-08-31 09:14:50,234:INFO:Creating metrics dataframe
2024-08-31 09:14:50,236:INFO:Uploading results into container
2024-08-31 09:14:50,237:INFO:Uploading model into container now
2024-08-31 09:14:50,237:INFO:_master_model_container: 13
2024-08-31 09:14:50,237:INFO:_display_container: 2
2024-08-31 09:14:50,238:INFO:LGBMClassifier(boosting_type='gbdt', class_weight=None, colsample_bytree=1.0,
               importance_type='split', learning_rate=0.1, max_depth=-1,
               min_child_samples=20, min_child_weight=0.001, min_split_gain=0.0,
               n_estimators=100, n_jobs=-1, num_leaves=31, objective=None,
               random_state=2789, reg_alpha=0.0, reg_lambda=0.0, subsample=1.0,
               subsample_for_bin=200000, subsample_freq=0)
2024-08-31 09:14:50,238:INFO:create_model() successfully completed......................................
2024-08-31 09:14:50,324:INFO:SubProcess create_model() end ==================================
2024-08-31 09:14:50,324:INFO:Creating metrics dataframe
2024-08-31 09:14:50,326:INFO:Initializing Dummy Classifier
2024-08-31 09:14:50,326:INFO:Total runtime is 0.16334556341171264 minutes
2024-08-31 09:14:50,326:INFO:SubProcess create_model() called ==================================
2024-08-31 09:14:50,326:INFO:Initializing create_model()
2024-08-31 09:14:50,326:INFO:create_model(self=<pycaret.classification.oop.ClassificationExperiment object at 0x0000022F244716D0>, estimator=dummy, fold=StratifiedKFold(n_splits=10, random_state=None, shuffle=False), round=4, cross_validation=True, predict=True, fit_kwargs={}, groups=None, refit=False, probability_threshold=None, experiment_custom_tags=None, verbose=False, system=False, add_to_model_list=True, metrics=None, display=<pycaret.internal.display.display.CommonDisplay object at 0x0000022F249A7850>, model_only=True, return_train_score=False, error_score=0.0, kwargs={})
2024-08-31 09:14:50,326:INFO:Checking exceptions
2024-08-31 09:14:50,326:INFO:Importing libraries
2024-08-31 09:14:50,326:INFO:Copying training dataset
2024-08-31 09:14:50,329:INFO:Defining folds
2024-08-31 09:14:50,329:INFO:Declaring metric variables
2024-08-31 09:14:50,329:INFO:Importing untrained model
2024-08-31 09:14:50,329:INFO:Dummy Classifier Imported successfully
2024-08-31 09:14:50,329:INFO:Starting cross validation
2024-08-31 09:14:50,330:INFO:Cross validating with StratifiedKFold(n_splits=10, random_state=None, shuffle=False), n_jobs=-1
2024-08-31 09:14:50,365:WARNING:C:\Users\surya\OneDrive\Desktop\Data Science Project\Diabetes analysis\.venv\Lib\site-packages\sklearn\metrics\_classification.py:1509: UndefinedMetricWarning: Precision is ill-defined and being set to 0.0 due to no predicted samples. Use `zero_division` parameter to control this behavior.
  _warn_prf(average, modifier, f"{metric.capitalize()} is", len(result))

2024-08-31 09:14:50,367:WARNING:C:\Users\surya\OneDrive\Desktop\Data Science Project\Diabetes analysis\.venv\Lib\site-packages\sklearn\metrics\_classification.py:1509: UndefinedMetricWarning: Precision is ill-defined and being set to 0.0 due to no predicted samples. Use `zero_division` parameter to control this behavior.
  _warn_prf(average, modifier, f"{metric.capitalize()} is", len(result))

2024-08-31 09:14:50,368:WARNING:C:\Users\surya\OneDrive\Desktop\Data Science Project\Diabetes analysis\.venv\Lib\site-packages\sklearn\metrics\_classification.py:1509: UndefinedMetricWarning: Precision is ill-defined and being set to 0.0 due to no predicted samples. Use `zero_division` parameter to control this behavior.
  _warn_prf(average, modifier, f"{metric.capitalize()} is", len(result))

2024-08-31 09:14:50,368:WARNING:C:\Users\surya\OneDrive\Desktop\Data Science Project\Diabetes analysis\.venv\Lib\site-packages\sklearn\metrics\_classification.py:1509: UndefinedMetricWarning: Precision is ill-defined and being set to 0.0 due to no predicted samples. Use `zero_division` parameter to control this behavior.
  _warn_prf(average, modifier, f"{metric.capitalize()} is", len(result))

2024-08-31 09:14:50,370:WARNING:C:\Users\surya\OneDrive\Desktop\Data Science Project\Diabetes analysis\.venv\Lib\site-packages\sklearn\metrics\_classification.py:1509: UndefinedMetricWarning: Precision is ill-defined and being set to 0.0 due to no predicted samples. Use `zero_division` parameter to control this behavior.
  _warn_prf(average, modifier, f"{metric.capitalize()} is", len(result))

2024-08-31 09:14:50,371:WARNING:C:\Users\surya\OneDrive\Desktop\Data Science Project\Diabetes analysis\.venv\Lib\site-packages\sklearn\metrics\_classification.py:1509: UndefinedMetricWarning: Precision is ill-defined and being set to 0.0 due to no predicted samples. Use `zero_division` parameter to control this behavior.
  _warn_prf(average, modifier, f"{metric.capitalize()} is", len(result))

2024-08-31 09:14:50,372:WARNING:C:\Users\surya\OneDrive\Desktop\Data Science Project\Diabetes analysis\.venv\Lib\site-packages\sklearn\metrics\_classification.py:1509: UndefinedMetricWarning: Precision is ill-defined and being set to 0.0 due to no predicted samples. Use `zero_division` parameter to control this behavior.
  _warn_prf(average, modifier, f"{metric.capitalize()} is", len(result))

2024-08-31 09:14:50,377:WARNING:C:\Users\surya\OneDrive\Desktop\Data Science Project\Diabetes analysis\.venv\Lib\site-packages\sklearn\metrics\_classification.py:1509: UndefinedMetricWarning: Precision is ill-defined and being set to 0.0 due to no predicted samples. Use `zero_division` parameter to control this behavior.
  _warn_prf(average, modifier, f"{metric.capitalize()} is", len(result))

2024-08-31 09:14:50,378:WARNING:C:\Users\surya\OneDrive\Desktop\Data Science Project\Diabetes analysis\.venv\Lib\site-packages\sklearn\metrics\_classification.py:1509: UndefinedMetricWarning: Precision is ill-defined and being set to 0.0 due to no predicted samples. Use `zero_division` parameter to control this behavior.
  _warn_prf(average, modifier, f"{metric.capitalize()} is", len(result))

2024-08-31 09:14:50,382:WARNING:C:\Users\surya\OneDrive\Desktop\Data Science Project\Diabetes analysis\.venv\Lib\site-packages\sklearn\metrics\_classification.py:1509: UndefinedMetricWarning: Precision is ill-defined and being set to 0.0 due to no predicted samples. Use `zero_division` parameter to control this behavior.
  _warn_prf(average, modifier, f"{metric.capitalize()} is", len(result))

2024-08-31 09:14:50,389:INFO:Calculating mean and std
2024-08-31 09:14:50,390:INFO:Creating metrics dataframe
2024-08-31 09:14:50,391:INFO:Uploading results into container
2024-08-31 09:14:50,392:INFO:Uploading model into container now
2024-08-31 09:14:50,392:INFO:_master_model_container: 14
2024-08-31 09:14:50,392:INFO:_display_container: 2
2024-08-31 09:14:50,392:INFO:DummyClassifier(constant=None, random_state=2789, strategy='prior')
2024-08-31 09:14:50,392:INFO:create_model() successfully completed......................................
2024-08-31 09:14:50,461:INFO:SubProcess create_model() end ==================================
2024-08-31 09:14:50,461:INFO:Creating metrics dataframe
2024-08-31 09:14:50,463:WARNING:C:\Users\surya\OneDrive\Desktop\Data Science Project\Diabetes analysis\.venv\Lib\site-packages\pycaret\internal\pycaret_experiment\supervised_experiment.py:339: FutureWarning: Styler.applymap has been deprecated. Use Styler.map instead.
  .applymap(highlight_cols, subset=["TT (Sec)"])

2024-08-31 09:14:50,465:INFO:Initializing create_model()
2024-08-31 09:14:50,465:INFO:create_model(self=<pycaret.classification.oop.ClassificationExperiment object at 0x0000022F244716D0>, estimator=GradientBoostingClassifier(ccp_alpha=0.0, criterion='friedman_mse', init=None,
                           learning_rate=0.1, loss='log_loss', max_depth=3,
                           max_features=None, max_leaf_nodes=None,
                           min_impurity_decrease=0.0, min_samples_leaf=1,
                           min_samples_split=2, min_weight_fraction_leaf=0.0,
                           n_estimators=100, n_iter_no_change=None,
                           random_state=2789, subsample=1.0, tol=0.0001,
                           validation_fraction=0.1, verbose=0,
                           warm_start=False), fold=StratifiedKFold(n_splits=10, random_state=None, shuffle=False), round=4, cross_validation=False, predict=False, fit_kwargs={}, groups=None, refit=True, probability_threshold=None, experiment_custom_tags=None, verbose=False, system=False, add_to_model_list=True, metrics=None, display=None, model_only=True, return_train_score=False, error_score=0.0, kwargs={})
2024-08-31 09:14:50,465:INFO:Checking exceptions
2024-08-31 09:14:50,465:INFO:Importing libraries
2024-08-31 09:14:50,465:INFO:Copying training dataset
2024-08-31 09:14:50,468:INFO:Defining folds
2024-08-31 09:14:50,468:INFO:Declaring metric variables
2024-08-31 09:14:50,468:INFO:Importing untrained model
2024-08-31 09:14:50,468:INFO:Declaring custom model
2024-08-31 09:14:50,468:INFO:Gradient Boosting Classifier Imported successfully
2024-08-31 09:14:50,469:INFO:Cross validation set to False
2024-08-31 09:14:50,469:INFO:Fitting Model
2024-08-31 09:14:50,601:INFO:GradientBoostingClassifier(ccp_alpha=0.0, criterion='friedman_mse', init=None,
                           learning_rate=0.1, loss='log_loss', max_depth=3,
                           max_features=None, max_leaf_nodes=None,
                           min_impurity_decrease=0.0, min_samples_leaf=1,
                           min_samples_split=2, min_weight_fraction_leaf=0.0,
                           n_estimators=100, n_iter_no_change=None,
                           random_state=2789, subsample=1.0, tol=0.0001,
                           validation_fraction=0.1, verbose=0,
                           warm_start=False)
2024-08-31 09:14:50,602:INFO:create_model() successfully completed......................................
2024-08-31 09:14:50,678:INFO:_master_model_container: 14
2024-08-31 09:14:50,678:INFO:_display_container: 2
2024-08-31 09:14:50,679:INFO:GradientBoostingClassifier(ccp_alpha=0.0, criterion='friedman_mse', init=None,
                           learning_rate=0.1, loss='log_loss', max_depth=3,
                           max_features=None, max_leaf_nodes=None,
                           min_impurity_decrease=0.0, min_samples_leaf=1,
                           min_samples_split=2, min_weight_fraction_leaf=0.0,
                           n_estimators=100, n_iter_no_change=None,
                           random_state=2789, subsample=1.0, tol=0.0001,
                           validation_fraction=0.1, verbose=0,
                           warm_start=False)
2024-08-31 09:14:50,679:INFO:compare_models() successfully completed......................................
2024-08-31 09:14:50,680:INFO:Initializing create_model()
2024-08-31 09:14:50,680:INFO:create_model(self=<pycaret.classification.oop.ClassificationExperiment object at 0x0000022F244716D0>, estimator=lda, fold=None, round=4, cross_validation=True, predict=True, fit_kwargs=None, groups=None, refit=True, probability_threshold=None, experiment_custom_tags=None, verbose=True, system=True, add_to_model_list=True, metrics=None, display=None, model_only=True, return_train_score=False, error_score=0.0, kwargs={})
2024-08-31 09:14:50,680:INFO:Checking exceptions
2024-08-31 09:14:50,682:INFO:Importing libraries
2024-08-31 09:14:50,682:INFO:Copying training dataset
2024-08-31 09:14:50,686:INFO:Defining folds
2024-08-31 09:14:50,686:INFO:Declaring metric variables
2024-08-31 09:14:50,686:INFO:Importing untrained model
2024-08-31 09:14:50,686:INFO:Linear Discriminant Analysis Imported successfully
2024-08-31 09:14:50,686:INFO:Starting cross validation
2024-08-31 09:14:50,687:INFO:Cross validating with StratifiedKFold(n_splits=10, random_state=None, shuffle=False), n_jobs=-1
2024-08-31 09:14:50,746:INFO:Calculating mean and std
2024-08-31 09:14:50,747:INFO:Creating metrics dataframe
2024-08-31 09:14:50,750:INFO:Finalizing model
2024-08-31 09:14:50,757:INFO:Uploading results into container
2024-08-31 09:14:50,757:INFO:Uploading model into container now
2024-08-31 09:14:50,765:INFO:_master_model_container: 15
2024-08-31 09:14:50,765:INFO:_display_container: 3
2024-08-31 09:14:50,766:INFO:LinearDiscriminantAnalysis(covariance_estimator=None, n_components=None,
                           priors=None, shrinkage=None, solver='svd',
                           store_covariance=False, tol=0.0001)
2024-08-31 09:14:50,766:INFO:create_model() successfully completed......................................
2024-08-31 09:14:50,832:INFO:Initializing tune_model()
2024-08-31 09:14:50,832:INFO:tune_model(self=<pycaret.classification.oop.ClassificationExperiment object at 0x0000022F244716D0>, estimator=LinearDiscriminantAnalysis(covariance_estimator=None, n_components=None,
                           priors=None, shrinkage=None, solver='svd',
                           store_covariance=False, tol=0.0001), fold=None, round=4, n_iter=10, custom_grid=None, optimize=Accuracy, custom_scorer=None, search_library=scikit-learn, search_algorithm=None, early_stopping=False, early_stopping_max_iters=10, choose_better=True, fit_kwargs=None, groups=None, return_tuner=False, verbose=True, tuner_verbose=True, return_train_score=False, kwargs={})
2024-08-31 09:14:50,832:INFO:Checking exceptions
2024-08-31 09:14:50,834:INFO:Copying training dataset
2024-08-31 09:14:50,837:INFO:Checking base model
2024-08-31 09:14:50,837:INFO:Base model : Linear Discriminant Analysis
2024-08-31 09:14:50,837:INFO:Declaring metric variables
2024-08-31 09:14:50,837:INFO:Defining Hyperparameters
2024-08-31 09:14:50,902:INFO:Tuning with n_jobs=-1
2024-08-31 09:14:50,977:INFO:Initializing RandomizedSearchCV
2024-08-31 09:14:51,243:WARNING:C:\Users\surya\OneDrive\Desktop\Data Science Project\Diabetes analysis\.venv\Lib\site-packages\sklearn\model_selection\_validation.py:547: FitFailedWarning: 
10 fits failed out of a total of 100.
The score on these train-test partitions for these parameters will be set to nan.
If these failures are not expected, you can try to debug them by setting error_score='raise'.

Below are more details about the failures:
--------------------------------------------------------------------------------
10 fits failed with the following error:
Traceback (most recent call last):
  File "C:\Users\surya\OneDrive\Desktop\Data Science Project\Diabetes analysis\.venv\Lib\site-packages\sklearn\model_selection\_validation.py", line 895, in _fit_and_score
    estimator.fit(X_train, y_train, **fit_params)
  File "C:\Users\surya\OneDrive\Desktop\Data Science Project\Diabetes analysis\.venv\Lib\site-packages\pycaret\internal\pipeline.py", line 278, in fit
    fitted_estimator = self._memory_fit(
                       ^^^^^^^^^^^^^^^^^
  File "C:\Users\surya\OneDrive\Desktop\Data Science Project\Diabetes analysis\.venv\Lib\site-packages\joblib\memory.py", line 353, in __call__
    return self.func(*args, **kwargs)
           ^^^^^^^^^^^^^^^^^^^^^^^^^^
  File "C:\Users\surya\OneDrive\Desktop\Data Science Project\Diabetes analysis\.venv\Lib\site-packages\pycaret\internal\pipeline.py", line 69, in _fit_one
    transformer.fit(*args)
  File "C:\Users\surya\OneDrive\Desktop\Data Science Project\Diabetes analysis\.venv\Lib\site-packages\sklearn\base.py", line 1467, in wrapper
    estimator._validate_params()
  File "C:\Users\surya\OneDrive\Desktop\Data Science Project\Diabetes analysis\.venv\Lib\site-packages\sklearn\base.py", line 666, in _validate_params
    validate_parameter_constraints(
  File "C:\Users\surya\OneDrive\Desktop\Data Science Project\Diabetes analysis\.venv\Lib\site-packages\sklearn\utils\_param_validation.py", line 95, in validate_parameter_constraints
    raise InvalidParameterError(
sklearn.utils._param_validation.InvalidParameterError: The 'shrinkage' parameter of LinearDiscriminantAnalysis must be a str among {'auto'}, a float in the range [0.0, 1.0] or None. Got 'empirical' instead.

  warnings.warn(some_fits_failed_message, FitFailedWarning)

2024-08-31 09:14:51,244:WARNING:C:\Users\surya\OneDrive\Desktop\Data Science Project\Diabetes analysis\.venv\Lib\site-packages\sklearn\model_selection\_search.py:1051: UserWarning: One or more of the test scores are non-finite: [0.67781272        nan 0.67037037 0.75953878 0.67781272 0.75401817
 0.75587002 0.74482879 0.71684137 0.69996506]
  warnings.warn(

2024-08-31 09:14:51,245:INFO:best_params: {'actual_estimator__solver': 'eigen', 'actual_estimator__shrinkage': 'auto'}
2024-08-31 09:14:51,245:INFO:Hyperparameter search completed
2024-08-31 09:14:51,245:INFO:SubProcess create_model() called ==================================
2024-08-31 09:14:51,246:INFO:Initializing create_model()
2024-08-31 09:14:51,246:INFO:create_model(self=<pycaret.classification.oop.ClassificationExperiment object at 0x0000022F244716D0>, estimator=LinearDiscriminantAnalysis(covariance_estimator=None, n_components=None,
                           priors=None, shrinkage=None, solver='svd',
                           store_covariance=False, tol=0.0001), fold=StratifiedKFold(n_splits=10, random_state=None, shuffle=False), round=4, cross_validation=True, predict=True, fit_kwargs={}, groups=None, refit=True, probability_threshold=None, experiment_custom_tags=None, verbose=True, system=False, add_to_model_list=True, metrics=None, display=<pycaret.internal.display.display.CommonDisplay object at 0x0000022F244C0790>, model_only=True, return_train_score=False, error_score=0.0, kwargs={'solver': 'eigen', 'shrinkage': 'auto'})
2024-08-31 09:14:51,247:INFO:Checking exceptions
2024-08-31 09:14:51,247:INFO:Importing libraries
2024-08-31 09:14:51,247:INFO:Copying training dataset
2024-08-31 09:14:51,250:INFO:Defining folds
2024-08-31 09:14:51,250:INFO:Declaring metric variables
2024-08-31 09:14:51,250:INFO:Importing untrained model
2024-08-31 09:14:51,251:INFO:Declaring custom model
2024-08-31 09:14:51,251:INFO:Linear Discriminant Analysis Imported successfully
2024-08-31 09:14:51,251:INFO:Starting cross validation
2024-08-31 09:14:51,251:INFO:Cross validating with StratifiedKFold(n_splits=10, random_state=None, shuffle=False), n_jobs=-1
2024-08-31 09:14:51,320:INFO:Calculating mean and std
2024-08-31 09:14:51,320:INFO:Creating metrics dataframe
2024-08-31 09:14:51,321:INFO:Finalizing model
2024-08-31 09:14:51,330:INFO:Uploading results into container
2024-08-31 09:14:51,330:INFO:Uploading model into container now
2024-08-31 09:14:51,331:INFO:_master_model_container: 16
2024-08-31 09:14:51,331:INFO:_display_container: 4
2024-08-31 09:14:51,331:INFO:LinearDiscriminantAnalysis(covariance_estimator=None, n_components=None,
                           priors=None, shrinkage='auto', solver='eigen',
                           store_covariance=False, tol=0.0001)
2024-08-31 09:14:51,331:INFO:create_model() successfully completed......................................
2024-08-31 09:14:51,396:INFO:SubProcess create_model() end ==================================
2024-08-31 09:14:51,396:INFO:choose_better activated
2024-08-31 09:14:51,396:INFO:SubProcess create_model() called ==================================
2024-08-31 09:14:51,397:INFO:Initializing create_model()
2024-08-31 09:14:51,397:INFO:create_model(self=<pycaret.classification.oop.ClassificationExperiment object at 0x0000022F244716D0>, estimator=LinearDiscriminantAnalysis(covariance_estimator=None, n_components=None,
                           priors=None, shrinkage=None, solver='svd',
                           store_covariance=False, tol=0.0001), fold=StratifiedKFold(n_splits=10, random_state=None, shuffle=False), round=4, cross_validation=True, predict=True, fit_kwargs={}, groups=None, refit=True, probability_threshold=None, experiment_custom_tags=None, verbose=False, system=False, add_to_model_list=True, metrics=None, display=None, model_only=True, return_train_score=False, error_score=0.0, kwargs={})
2024-08-31 09:14:51,397:INFO:Checking exceptions
2024-08-31 09:14:51,397:INFO:Importing libraries
2024-08-31 09:14:51,397:INFO:Copying training dataset
2024-08-31 09:14:51,400:INFO:Defining folds
2024-08-31 09:14:51,400:INFO:Declaring metric variables
2024-08-31 09:14:51,400:INFO:Importing untrained model
2024-08-31 09:14:51,400:INFO:Declaring custom model
2024-08-31 09:14:51,400:INFO:Linear Discriminant Analysis Imported successfully
2024-08-31 09:14:51,401:INFO:Starting cross validation
2024-08-31 09:14:51,401:INFO:Cross validating with StratifiedKFold(n_splits=10, random_state=None, shuffle=False), n_jobs=-1
2024-08-31 09:14:51,460:INFO:Calculating mean and std
2024-08-31 09:14:51,460:INFO:Creating metrics dataframe
2024-08-31 09:14:51,462:INFO:Finalizing model
2024-08-31 09:14:51,468:INFO:Uploading results into container
2024-08-31 09:14:51,469:INFO:Uploading model into container now
2024-08-31 09:14:51,469:INFO:_master_model_container: 17
2024-08-31 09:14:51,469:INFO:_display_container: 5
2024-08-31 09:14:51,469:INFO:LinearDiscriminantAnalysis(covariance_estimator=None, n_components=None,
                           priors=None, shrinkage=None, solver='svd',
                           store_covariance=False, tol=0.0001)
2024-08-31 09:14:51,469:INFO:create_model() successfully completed......................................
2024-08-31 09:14:51,534:INFO:SubProcess create_model() end ==================================
2024-08-31 09:14:51,534:INFO:LinearDiscriminantAnalysis(covariance_estimator=None, n_components=None,
                           priors=None, shrinkage=None, solver='svd',
                           store_covariance=False, tol=0.0001) result for Accuracy is 0.7558
2024-08-31 09:14:51,535:INFO:LinearDiscriminantAnalysis(covariance_estimator=None, n_components=None,
                           priors=None, shrinkage='auto', solver='eigen',
                           store_covariance=False, tol=0.0001) result for Accuracy is 0.7595
2024-08-31 09:14:51,535:INFO:LinearDiscriminantAnalysis(covariance_estimator=None, n_components=None,
                           priors=None, shrinkage='auto', solver='eigen',
                           store_covariance=False, tol=0.0001) is best model
2024-08-31 09:14:51,535:INFO:choose_better completed
2024-08-31 09:14:51,543:INFO:_master_model_container: 17
2024-08-31 09:14:51,543:INFO:_display_container: 4
2024-08-31 09:14:51,544:INFO:LinearDiscriminantAnalysis(covariance_estimator=None, n_components=None,
                           priors=None, shrinkage='auto', solver='eigen',
                           store_covariance=False, tol=0.0001)
2024-08-31 09:14:51,544:INFO:tune_model() successfully completed......................................
2024-08-31 09:16:39,493:WARNING:
'cuml' is a soft dependency and not included in the pycaret installation. Please run: `pip install cuml` to install.
2024-08-31 09:16:39,493:WARNING:
'cuml' is a soft dependency and not included in the pycaret installation. Please run: `pip install cuml` to install.
2024-08-31 09:16:39,493:WARNING:
'cuml' is a soft dependency and not included in the pycaret installation. Please run: `pip install cuml` to install.
2024-08-31 09:16:39,493:WARNING:
'cuml' is a soft dependency and not included in the pycaret installation. Please run: `pip install cuml` to install.
2024-08-31 09:16:40,674:INFO:PyCaret ClassificationExperiment
2024-08-31 09:16:40,674:INFO:Logging name: clf-default-name
2024-08-31 09:16:40,674:INFO:ML Usecase: MLUsecase.CLASSIFICATION
2024-08-31 09:16:40,674:INFO:version 3.3.2
2024-08-31 09:16:40,675:INFO:Initializing setup()
2024-08-31 09:16:40,675:INFO:self.USI: e17b
2024-08-31 09:16:40,675:INFO:self._variable_keys: {'gpu_n_jobs_param', 'seed', 'idx', 'memory', 'exp_id', 'target_param', 'X', 'exp_name_log', 'is_multiclass', 'X_train', 'fix_imbalance', 'data', 'USI', 'html_param', 'y', '_available_plots', 'logging_param', 'pipeline', 'fold_generator', 'X_test', 'y_train', 'fold_groups_param', 'fold_shuffle_param', 'gpu_param', 'y_test', 'n_jobs_param', 'log_plots_param', '_ml_usecase'}
2024-08-31 09:16:40,675:INFO:Checking environment
2024-08-31 09:16:40,675:INFO:python_version: 3.11.4
2024-08-31 09:16:40,675:INFO:python_build: ('tags/v3.11.4:d2340ef', 'Jun  7 2023 05:45:37')
2024-08-31 09:16:40,675:INFO:machine: AMD64
2024-08-31 09:16:40,717:INFO:platform: Windows-10-10.0.22631-SP0
2024-08-31 09:16:40,722:INFO:Memory: svmem(total=16520773632, available=8109060096, percent=50.9, used=8411713536, free=8109060096)
2024-08-31 09:16:40,722:INFO:Physical Core: 8
2024-08-31 09:16:40,722:INFO:Logical Core: 16
2024-08-31 09:16:40,722:INFO:Checking libraries
2024-08-31 09:16:40,722:INFO:System:
2024-08-31 09:16:40,722:INFO:    python: 3.11.4 (tags/v3.11.4:d2340ef, Jun  7 2023, 05:45:37) [MSC v.1934 64 bit (AMD64)]
2024-08-31 09:16:40,722:INFO:executable: C:\Users\surya\OneDrive\Desktop\Data Science Project\Diabetes analysis\.venv\Scripts\python.exe
2024-08-31 09:16:40,722:INFO:   machine: Windows-10-10.0.22631-SP0
2024-08-31 09:16:40,722:INFO:PyCaret required dependencies:
2024-08-31 09:16:40,745:INFO:                 pip: 23.1.2
2024-08-31 09:16:40,745:INFO:          setuptools: 65.5.0
2024-08-31 09:16:40,745:INFO:             pycaret: 3.3.2
2024-08-31 09:16:40,745:INFO:             IPython: 8.27.0
2024-08-31 09:16:40,745:INFO:          ipywidgets: 8.1.5
2024-08-31 09:16:40,745:INFO:                tqdm: 4.66.5
2024-08-31 09:16:40,745:INFO:               numpy: 1.26.4
2024-08-31 09:16:40,745:INFO:              pandas: 2.1.4
2024-08-31 09:16:40,745:INFO:              jinja2: 3.1.4
2024-08-31 09:16:40,745:INFO:               scipy: 1.11.4
2024-08-31 09:16:40,745:INFO:              joblib: 1.3.2
2024-08-31 09:16:40,745:INFO:             sklearn: 1.4.2
2024-08-31 09:16:40,745:INFO:                pyod: 2.0.1
2024-08-31 09:16:40,746:INFO:            imblearn: 0.12.3
2024-08-31 09:16:40,746:INFO:   category_encoders: 2.6.3
2024-08-31 09:16:40,746:INFO:            lightgbm: 4.5.0
2024-08-31 09:16:40,746:INFO:               numba: 0.60.0
2024-08-31 09:16:40,746:INFO:            requests: 2.32.3
2024-08-31 09:16:40,746:INFO:          matplotlib: 3.7.5
2024-08-31 09:16:40,746:INFO:          scikitplot: 0.3.7
2024-08-31 09:16:40,746:INFO:         yellowbrick: 1.5
2024-08-31 09:16:40,746:INFO:              plotly: 5.24.0
2024-08-31 09:16:40,746:INFO:    plotly-resampler: Not installed
2024-08-31 09:16:40,746:INFO:             kaleido: 0.2.1
2024-08-31 09:16:40,746:INFO:           schemdraw: 0.15
2024-08-31 09:16:40,746:INFO:         statsmodels: 0.14.2
2024-08-31 09:16:40,746:INFO:              sktime: 0.26.0
2024-08-31 09:16:40,746:INFO:               tbats: 1.1.3
2024-08-31 09:16:40,746:INFO:            pmdarima: 2.0.4
2024-08-31 09:16:40,746:INFO:              psutil: 6.0.0
2024-08-31 09:16:40,746:INFO:          markupsafe: 2.1.5
2024-08-31 09:16:40,746:INFO:             pickle5: Not installed
2024-08-31 09:16:40,746:INFO:         cloudpickle: 3.0.0
2024-08-31 09:16:40,746:INFO:         deprecation: 2.1.0
2024-08-31 09:16:40,746:INFO:              xxhash: 3.5.0
2024-08-31 09:16:40,746:INFO:           wurlitzer: Not installed
2024-08-31 09:16:40,746:INFO:PyCaret optional dependencies:
2024-08-31 09:16:40,759:INFO:                shap: Not installed
2024-08-31 09:16:40,759:INFO:           interpret: Not installed
2024-08-31 09:16:40,759:INFO:                umap: Not installed
2024-08-31 09:16:40,759:INFO:     ydata_profiling: Not installed
2024-08-31 09:16:40,759:INFO:  explainerdashboard: Not installed
2024-08-31 09:16:40,759:INFO:             autoviz: Not installed
2024-08-31 09:16:40,760:INFO:           fairlearn: Not installed
2024-08-31 09:16:40,760:INFO:          deepchecks: Not installed
2024-08-31 09:16:40,760:INFO:             xgboost: Not installed
2024-08-31 09:16:40,760:INFO:            catboost: Not installed
2024-08-31 09:16:40,760:INFO:              kmodes: Not installed
2024-08-31 09:16:40,760:INFO:             mlxtend: Not installed
2024-08-31 09:16:40,760:INFO:       statsforecast: Not installed
2024-08-31 09:16:40,760:INFO:        tune_sklearn: Not installed
2024-08-31 09:16:40,760:INFO:                 ray: Not installed
2024-08-31 09:16:40,760:INFO:            hyperopt: Not installed
2024-08-31 09:16:40,760:INFO:              optuna: Not installed
2024-08-31 09:16:40,760:INFO:               skopt: Not installed
2024-08-31 09:16:40,760:INFO:              mlflow: Not installed
2024-08-31 09:16:40,760:INFO:              gradio: Not installed
2024-08-31 09:16:40,760:INFO:             fastapi: Not installed
2024-08-31 09:16:40,760:INFO:             uvicorn: Not installed
2024-08-31 09:16:40,760:INFO:              m2cgen: Not installed
2024-08-31 09:16:40,760:INFO:           evidently: Not installed
2024-08-31 09:16:40,760:INFO:               fugue: Not installed
2024-08-31 09:16:40,760:INFO:           streamlit: Not installed
2024-08-31 09:16:40,760:INFO:             prophet: Not installed
2024-08-31 09:16:40,760:INFO:None
2024-08-31 09:16:40,760:INFO:Set up data.
2024-08-31 09:16:40,764:INFO:Set up folding strategy.
2024-08-31 09:16:40,764:INFO:Set up train/test split.
2024-08-31 09:16:40,768:INFO:Set up index.
2024-08-31 09:16:40,769:INFO:Assigning column types.
2024-08-31 09:16:40,771:INFO:Engine successfully changes for model 'lr' to 'sklearn'.
2024-08-31 09:16:40,822:INFO:Engine for model 'knn' has not been set explicitly, hence returning None.
2024-08-31 09:16:40,825:INFO:Engine for model 'rbfsvm' has not been set explicitly, hence returning None.
2024-08-31 09:16:40,862:WARNING:
'xgboost' is a soft dependency and not included in the pycaret installation. Please run: `pip install xgboost` to install.
Alternately, you can install this by running `pip install pycaret[models]`
2024-08-31 09:16:40,862:WARNING:
'catboost' is a soft dependency and not included in the pycaret installation. Please run: `pip install catboost` to install.
Alternately, you can install this by running `pip install pycaret[models]`
2024-08-31 09:16:40,914:INFO:Engine for model 'knn' has not been set explicitly, hence returning None.
2024-08-31 09:16:40,914:INFO:Engine for model 'rbfsvm' has not been set explicitly, hence returning None.
2024-08-31 09:16:40,946:WARNING:
'xgboost' is a soft dependency and not included in the pycaret installation. Please run: `pip install xgboost` to install.
Alternately, you can install this by running `pip install pycaret[models]`
2024-08-31 09:16:40,946:WARNING:
'catboost' is a soft dependency and not included in the pycaret installation. Please run: `pip install catboost` to install.
Alternately, you can install this by running `pip install pycaret[models]`
2024-08-31 09:16:40,947:INFO:Engine successfully changes for model 'knn' to 'sklearn'.
2024-08-31 09:16:40,998:INFO:Engine for model 'rbfsvm' has not been set explicitly, hence returning None.
2024-08-31 09:16:41,029:WARNING:
'xgboost' is a soft dependency and not included in the pycaret installation. Please run: `pip install xgboost` to install.
Alternately, you can install this by running `pip install pycaret[models]`
2024-08-31 09:16:41,030:WARNING:
'catboost' is a soft dependency and not included in the pycaret installation. Please run: `pip install catboost` to install.
Alternately, you can install this by running `pip install pycaret[models]`
2024-08-31 09:16:41,081:INFO:Engine for model 'rbfsvm' has not been set explicitly, hence returning None.
2024-08-31 09:16:41,113:WARNING:
'xgboost' is a soft dependency and not included in the pycaret installation. Please run: `pip install xgboost` to install.
Alternately, you can install this by running `pip install pycaret[models]`
2024-08-31 09:16:41,113:WARNING:
'catboost' is a soft dependency and not included in the pycaret installation. Please run: `pip install catboost` to install.
Alternately, you can install this by running `pip install pycaret[models]`
2024-08-31 09:16:41,113:INFO:Engine successfully changes for model 'rbfsvm' to 'sklearn'.
2024-08-31 09:16:41,196:WARNING:
'xgboost' is a soft dependency and not included in the pycaret installation. Please run: `pip install xgboost` to install.
Alternately, you can install this by running `pip install pycaret[models]`
2024-08-31 09:16:41,196:WARNING:
'catboost' is a soft dependency and not included in the pycaret installation. Please run: `pip install catboost` to install.
Alternately, you can install this by running `pip install pycaret[models]`
2024-08-31 09:16:41,279:WARNING:
'xgboost' is a soft dependency and not included in the pycaret installation. Please run: `pip install xgboost` to install.
Alternately, you can install this by running `pip install pycaret[models]`
2024-08-31 09:16:41,279:WARNING:
'catboost' is a soft dependency and not included in the pycaret installation. Please run: `pip install catboost` to install.
Alternately, you can install this by running `pip install pycaret[models]`
2024-08-31 09:16:41,281:INFO:Preparing preprocessing pipeline...
2024-08-31 09:16:41,282:INFO:Set up simple imputation.
2024-08-31 09:16:41,283:INFO:Set up column name cleaning.
2024-08-31 09:16:41,304:INFO:Finished creating preprocessing pipeline.
2024-08-31 09:16:41,309:INFO:Pipeline: Pipeline(memory=FastMemory(location=C:\Users\surya\AppData\Local\Temp\joblib),
         steps=[('numerical_imputer',
                 TransformerWrapper(exclude=None,
                                    include=['Number of times pregnant',
                                             'Plasma glucose concentration a 2 '
                                             'hours in an oral glucose '
                                             'tolerance test',
                                             'Diastolic blood pressure (mm Hg)',
                                             'Triceps skin fold thickness (mm)',
                                             '2-Hour serum insulin (mu U/ml)',
                                             'Body mass index (weigh...
                ('categorical_imputer',
                 TransformerWrapper(exclude=None, include=[],
                                    transformer=SimpleImputer(add_indicator=False,
                                                              copy=True,
                                                              fill_value=None,
                                                              keep_empty_features=False,
                                                              missing_values=nan,
                                                              strategy='most_frequent'))),
                ('clean_column_names',
                 TransformerWrapper(exclude=None, include=None,
                                    transformer=CleanColumnNames(match='[\\]\\[\\,\\{\\}\\"\\:]+')))],
         verbose=False)
2024-08-31 09:16:41,309:INFO:Creating final display dataframe.
2024-08-31 09:16:41,373:INFO:Setup _display_container:                     Description             Value
0                    Session id              5393
1                        Target    Class variable
2                   Target type            Binary
3           Original data shape          (768, 9)
4        Transformed data shape          (768, 9)
5   Transformed train set shape          (537, 9)
6    Transformed test set shape          (231, 9)
7              Numeric features                 8
8                    Preprocess              True
9               Imputation type            simple
10           Numeric imputation              mean
11       Categorical imputation              mode
12               Fold Generator   StratifiedKFold
13                  Fold Number                10
14                     CPU Jobs                -1
15                      Use GPU             False
16               Log Experiment             False
17              Experiment Name  clf-default-name
18                          USI              e17b
2024-08-31 09:16:41,462:WARNING:
'xgboost' is a soft dependency and not included in the pycaret installation. Please run: `pip install xgboost` to install.
Alternately, you can install this by running `pip install pycaret[models]`
2024-08-31 09:16:41,463:WARNING:
'catboost' is a soft dependency and not included in the pycaret installation. Please run: `pip install catboost` to install.
Alternately, you can install this by running `pip install pycaret[models]`
2024-08-31 09:16:41,545:WARNING:
'xgboost' is a soft dependency and not included in the pycaret installation. Please run: `pip install xgboost` to install.
Alternately, you can install this by running `pip install pycaret[models]`
2024-08-31 09:16:41,546:WARNING:
'catboost' is a soft dependency and not included in the pycaret installation. Please run: `pip install catboost` to install.
Alternately, you can install this by running `pip install pycaret[models]`
2024-08-31 09:16:41,547:INFO:setup() successfully completed in 0.88s...............
2024-08-31 09:16:41,547:INFO:Initializing compare_models()
2024-08-31 09:16:41,547:INFO:compare_models(self=<pycaret.classification.oop.ClassificationExperiment object at 0x000001CE564511D0>, include=None, exclude=None, fold=None, round=4, cross_validation=True, sort=Accuracy, n_select=1, budget_time=None, turbo=True, errors=ignore, fit_kwargs=None, groups=None, experiment_custom_tags=None, probability_threshold=None, verbose=True, parallel=None, caller_params={'self': <pycaret.classification.oop.ClassificationExperiment object at 0x000001CE564511D0>, 'include': None, 'exclude': None, 'fold': None, 'round': 4, 'cross_validation': True, 'sort': 'Accuracy', 'n_select': 1, 'budget_time': None, 'turbo': True, 'errors': 'ignore', 'fit_kwargs': None, 'groups': None, 'experiment_custom_tags': None, 'probability_threshold': None, 'engine': None, 'verbose': True, 'parallel': None, '__class__': <class 'pycaret.classification.oop.ClassificationExperiment'>})
2024-08-31 09:16:41,547:INFO:Checking exceptions
2024-08-31 09:16:41,549:INFO:Preparing display monitor
2024-08-31 09:16:41,553:INFO:Initializing Logistic Regression
2024-08-31 09:16:41,553:INFO:Total runtime is 0.0 minutes
2024-08-31 09:16:41,553:INFO:SubProcess create_model() called ==================================
2024-08-31 09:16:41,554:INFO:Initializing create_model()
2024-08-31 09:16:41,554:INFO:create_model(self=<pycaret.classification.oop.ClassificationExperiment object at 0x000001CE564511D0>, estimator=lr, fold=StratifiedKFold(n_splits=10, random_state=None, shuffle=False), round=4, cross_validation=True, predict=True, fit_kwargs={}, groups=None, refit=False, probability_threshold=None, experiment_custom_tags=None, verbose=False, system=False, add_to_model_list=True, metrics=None, display=<pycaret.internal.display.display.CommonDisplay object at 0x000001CE56CCCBD0>, model_only=True, return_train_score=False, error_score=0.0, kwargs={})
2024-08-31 09:16:41,554:INFO:Checking exceptions
2024-08-31 09:16:41,554:INFO:Importing libraries
2024-08-31 09:16:41,554:INFO:Copying training dataset
2024-08-31 09:16:41,560:INFO:Defining folds
2024-08-31 09:16:41,560:INFO:Declaring metric variables
2024-08-31 09:16:41,561:INFO:Importing untrained model
2024-08-31 09:16:41,561:INFO:Logistic Regression Imported successfully
2024-08-31 09:16:41,561:INFO:Starting cross validation
2024-08-31 09:16:41,562:INFO:Cross validating with StratifiedKFold(n_splits=10, random_state=None, shuffle=False), n_jobs=-1
2024-08-31 09:16:45,401:INFO:Calculating mean and std
2024-08-31 09:16:45,402:INFO:Creating metrics dataframe
2024-08-31 09:16:45,404:INFO:Uploading results into container
2024-08-31 09:16:45,405:INFO:Uploading model into container now
2024-08-31 09:16:45,406:INFO:_master_model_container: 1
2024-08-31 09:16:45,406:INFO:_display_container: 2
2024-08-31 09:16:45,406:INFO:LogisticRegression(C=1.0, class_weight=None, dual=False, fit_intercept=True,
                   intercept_scaling=1, l1_ratio=None, max_iter=1000,
                   multi_class='auto', n_jobs=None, penalty='l2',
                   random_state=5393, solver='lbfgs', tol=0.0001, verbose=0,
                   warm_start=False)
2024-08-31 09:16:45,406:INFO:create_model() successfully completed......................................
2024-08-31 09:16:45,511:INFO:SubProcess create_model() end ==================================
2024-08-31 09:16:45,511:INFO:Creating metrics dataframe
2024-08-31 09:16:45,513:INFO:Initializing K Neighbors Classifier
2024-08-31 09:16:45,513:INFO:Total runtime is 0.06600704987843832 minutes
2024-08-31 09:16:45,514:INFO:SubProcess create_model() called ==================================
2024-08-31 09:16:45,514:INFO:Initializing create_model()
2024-08-31 09:16:45,514:INFO:create_model(self=<pycaret.classification.oop.ClassificationExperiment object at 0x000001CE564511D0>, estimator=knn, fold=StratifiedKFold(n_splits=10, random_state=None, shuffle=False), round=4, cross_validation=True, predict=True, fit_kwargs={}, groups=None, refit=False, probability_threshold=None, experiment_custom_tags=None, verbose=False, system=False, add_to_model_list=True, metrics=None, display=<pycaret.internal.display.display.CommonDisplay object at 0x000001CE56CCCBD0>, model_only=True, return_train_score=False, error_score=0.0, kwargs={})
2024-08-31 09:16:45,514:INFO:Checking exceptions
2024-08-31 09:16:45,514:INFO:Importing libraries
2024-08-31 09:16:45,514:INFO:Copying training dataset
2024-08-31 09:16:45,517:INFO:Defining folds
2024-08-31 09:16:45,517:INFO:Declaring metric variables
2024-08-31 09:16:45,517:INFO:Importing untrained model
2024-08-31 09:16:45,517:INFO:K Neighbors Classifier Imported successfully
2024-08-31 09:16:45,518:INFO:Starting cross validation
2024-08-31 09:16:45,518:INFO:Cross validating with StratifiedKFold(n_splits=10, random_state=None, shuffle=False), n_jobs=-1
2024-08-31 09:16:48,110:INFO:Calculating mean and std
2024-08-31 09:16:48,112:INFO:Creating metrics dataframe
2024-08-31 09:16:48,115:INFO:Uploading results into container
2024-08-31 09:16:48,115:INFO:Uploading model into container now
2024-08-31 09:16:48,116:INFO:_master_model_container: 2
2024-08-31 09:16:48,116:INFO:_display_container: 2
2024-08-31 09:16:48,116:INFO:KNeighborsClassifier(algorithm='auto', leaf_size=30, metric='minkowski',
                     metric_params=None, n_jobs=-1, n_neighbors=5, p=2,
                     weights='uniform')
2024-08-31 09:16:48,116:INFO:create_model() successfully completed......................................
2024-08-31 09:16:48,208:INFO:SubProcess create_model() end ==================================
2024-08-31 09:16:48,208:INFO:Creating metrics dataframe
2024-08-31 09:16:48,210:INFO:Initializing Naive Bayes
2024-08-31 09:16:48,210:INFO:Total runtime is 0.11095784107844035 minutes
2024-08-31 09:16:48,210:INFO:SubProcess create_model() called ==================================
2024-08-31 09:16:48,211:INFO:Initializing create_model()
2024-08-31 09:16:48,211:INFO:create_model(self=<pycaret.classification.oop.ClassificationExperiment object at 0x000001CE564511D0>, estimator=nb, fold=StratifiedKFold(n_splits=10, random_state=None, shuffle=False), round=4, cross_validation=True, predict=True, fit_kwargs={}, groups=None, refit=False, probability_threshold=None, experiment_custom_tags=None, verbose=False, system=False, add_to_model_list=True, metrics=None, display=<pycaret.internal.display.display.CommonDisplay object at 0x000001CE56CCCBD0>, model_only=True, return_train_score=False, error_score=0.0, kwargs={})
2024-08-31 09:16:48,211:INFO:Checking exceptions
2024-08-31 09:16:48,211:INFO:Importing libraries
2024-08-31 09:16:48,211:INFO:Copying training dataset
2024-08-31 09:16:48,214:INFO:Defining folds
2024-08-31 09:16:48,214:INFO:Declaring metric variables
2024-08-31 09:16:48,214:INFO:Importing untrained model
2024-08-31 09:16:48,214:INFO:Naive Bayes Imported successfully
2024-08-31 09:16:48,214:INFO:Starting cross validation
2024-08-31 09:16:48,215:INFO:Cross validating with StratifiedKFold(n_splits=10, random_state=None, shuffle=False), n_jobs=-1
2024-08-31 09:16:48,285:INFO:Calculating mean and std
2024-08-31 09:16:48,286:INFO:Creating metrics dataframe
2024-08-31 09:16:48,287:INFO:Uploading results into container
2024-08-31 09:16:48,288:INFO:Uploading model into container now
2024-08-31 09:16:48,288:INFO:_master_model_container: 3
2024-08-31 09:16:48,288:INFO:_display_container: 2
2024-08-31 09:16:48,288:INFO:GaussianNB(priors=None, var_smoothing=1e-09)
2024-08-31 09:16:48,288:INFO:create_model() successfully completed......................................
2024-08-31 09:16:48,354:INFO:SubProcess create_model() end ==================================
2024-08-31 09:16:48,354:INFO:Creating metrics dataframe
2024-08-31 09:16:48,355:INFO:Initializing Decision Tree Classifier
2024-08-31 09:16:48,355:INFO:Total runtime is 0.11337093909581503 minutes
2024-08-31 09:16:48,356:INFO:SubProcess create_model() called ==================================
2024-08-31 09:16:48,356:INFO:Initializing create_model()
2024-08-31 09:16:48,356:INFO:create_model(self=<pycaret.classification.oop.ClassificationExperiment object at 0x000001CE564511D0>, estimator=dt, fold=StratifiedKFold(n_splits=10, random_state=None, shuffle=False), round=4, cross_validation=True, predict=True, fit_kwargs={}, groups=None, refit=False, probability_threshold=None, experiment_custom_tags=None, verbose=False, system=False, add_to_model_list=True, metrics=None, display=<pycaret.internal.display.display.CommonDisplay object at 0x000001CE56CCCBD0>, model_only=True, return_train_score=False, error_score=0.0, kwargs={})
2024-08-31 09:16:48,356:INFO:Checking exceptions
2024-08-31 09:16:48,356:INFO:Importing libraries
2024-08-31 09:16:48,356:INFO:Copying training dataset
2024-08-31 09:16:48,358:INFO:Defining folds
2024-08-31 09:16:48,359:INFO:Declaring metric variables
2024-08-31 09:16:48,359:INFO:Importing untrained model
2024-08-31 09:16:48,359:INFO:Decision Tree Classifier Imported successfully
2024-08-31 09:16:48,359:INFO:Starting cross validation
2024-08-31 09:16:48,360:INFO:Cross validating with StratifiedKFold(n_splits=10, random_state=None, shuffle=False), n_jobs=-1
2024-08-31 09:16:48,428:INFO:Calculating mean and std
2024-08-31 09:16:48,429:INFO:Creating metrics dataframe
2024-08-31 09:16:48,431:INFO:Uploading results into container
2024-08-31 09:16:48,432:INFO:Uploading model into container now
2024-08-31 09:16:48,432:INFO:_master_model_container: 4
2024-08-31 09:16:48,432:INFO:_display_container: 2
2024-08-31 09:16:48,432:INFO:DecisionTreeClassifier(ccp_alpha=0.0, class_weight=None, criterion='gini',
                       max_depth=None, max_features=None, max_leaf_nodes=None,
                       min_impurity_decrease=0.0, min_samples_leaf=1,
                       min_samples_split=2, min_weight_fraction_leaf=0.0,
                       monotonic_cst=None, random_state=5393, splitter='best')
2024-08-31 09:16:48,432:INFO:create_model() successfully completed......................................
2024-08-31 09:16:48,498:INFO:SubProcess create_model() end ==================================
2024-08-31 09:16:48,498:INFO:Creating metrics dataframe
2024-08-31 09:16:48,500:INFO:Initializing SVM - Linear Kernel
2024-08-31 09:16:48,500:INFO:Total runtime is 0.11578849156697592 minutes
2024-08-31 09:16:48,500:INFO:SubProcess create_model() called ==================================
2024-08-31 09:16:48,500:INFO:Initializing create_model()
2024-08-31 09:16:48,500:INFO:create_model(self=<pycaret.classification.oop.ClassificationExperiment object at 0x000001CE564511D0>, estimator=svm, fold=StratifiedKFold(n_splits=10, random_state=None, shuffle=False), round=4, cross_validation=True, predict=True, fit_kwargs={}, groups=None, refit=False, probability_threshold=None, experiment_custom_tags=None, verbose=False, system=False, add_to_model_list=True, metrics=None, display=<pycaret.internal.display.display.CommonDisplay object at 0x000001CE56CCCBD0>, model_only=True, return_train_score=False, error_score=0.0, kwargs={})
2024-08-31 09:16:48,500:INFO:Checking exceptions
2024-08-31 09:16:48,500:INFO:Importing libraries
2024-08-31 09:16:48,500:INFO:Copying training dataset
2024-08-31 09:16:48,503:INFO:Defining folds
2024-08-31 09:16:48,503:INFO:Declaring metric variables
2024-08-31 09:16:48,503:INFO:Importing untrained model
2024-08-31 09:16:48,504:INFO:SVM - Linear Kernel Imported successfully
2024-08-31 09:16:48,505:INFO:Starting cross validation
2024-08-31 09:16:48,505:INFO:Cross validating with StratifiedKFold(n_splits=10, random_state=None, shuffle=False), n_jobs=-1
2024-08-31 09:16:48,547:WARNING:C:\Users\surya\OneDrive\Desktop\Data Science Project\Diabetes analysis\.venv\Lib\site-packages\sklearn\metrics\_classification.py:1509: UndefinedMetricWarning: Precision is ill-defined and being set to 0.0 due to no predicted samples. Use `zero_division` parameter to control this behavior.
  _warn_prf(average, modifier, f"{metric.capitalize()} is", len(result))

2024-08-31 09:16:48,554:WARNING:C:\Users\surya\OneDrive\Desktop\Data Science Project\Diabetes analysis\.venv\Lib\site-packages\sklearn\metrics\_classification.py:1509: UndefinedMetricWarning: Precision is ill-defined and being set to 0.0 due to no predicted samples. Use `zero_division` parameter to control this behavior.
  _warn_prf(average, modifier, f"{metric.capitalize()} is", len(result))

2024-08-31 09:16:48,558:WARNING:C:\Users\surya\OneDrive\Desktop\Data Science Project\Diabetes analysis\.venv\Lib\site-packages\sklearn\metrics\_classification.py:1509: UndefinedMetricWarning: Precision is ill-defined and being set to 0.0 due to no predicted samples. Use `zero_division` parameter to control this behavior.
  _warn_prf(average, modifier, f"{metric.capitalize()} is", len(result))

2024-08-31 09:16:48,576:INFO:Calculating mean and std
2024-08-31 09:16:48,577:INFO:Creating metrics dataframe
2024-08-31 09:16:48,578:INFO:Uploading results into container
2024-08-31 09:16:48,579:INFO:Uploading model into container now
2024-08-31 09:16:48,579:INFO:_master_model_container: 5
2024-08-31 09:16:48,579:INFO:_display_container: 2
2024-08-31 09:16:48,579:INFO:SGDClassifier(alpha=0.0001, average=False, class_weight=None,
              early_stopping=False, epsilon=0.1, eta0=0.001, fit_intercept=True,
              l1_ratio=0.15, learning_rate='optimal', loss='hinge',
              max_iter=1000, n_iter_no_change=5, n_jobs=-1, penalty='l2',
              power_t=0.5, random_state=5393, shuffle=True, tol=0.001,
              validation_fraction=0.1, verbose=0, warm_start=False)
2024-08-31 09:16:48,579:INFO:create_model() successfully completed......................................
2024-08-31 09:16:48,643:INFO:SubProcess create_model() end ==================================
2024-08-31 09:16:48,643:INFO:Creating metrics dataframe
2024-08-31 09:16:48,645:INFO:Initializing Ridge Classifier
2024-08-31 09:16:48,645:INFO:Total runtime is 0.11819562117258708 minutes
2024-08-31 09:16:48,645:INFO:SubProcess create_model() called ==================================
2024-08-31 09:16:48,645:INFO:Initializing create_model()
2024-08-31 09:16:48,645:INFO:create_model(self=<pycaret.classification.oop.ClassificationExperiment object at 0x000001CE564511D0>, estimator=ridge, fold=StratifiedKFold(n_splits=10, random_state=None, shuffle=False), round=4, cross_validation=True, predict=True, fit_kwargs={}, groups=None, refit=False, probability_threshold=None, experiment_custom_tags=None, verbose=False, system=False, add_to_model_list=True, metrics=None, display=<pycaret.internal.display.display.CommonDisplay object at 0x000001CE56CCCBD0>, model_only=True, return_train_score=False, error_score=0.0, kwargs={})
2024-08-31 09:16:48,645:INFO:Checking exceptions
2024-08-31 09:16:48,645:INFO:Importing libraries
2024-08-31 09:16:48,645:INFO:Copying training dataset
2024-08-31 09:16:48,648:INFO:Defining folds
2024-08-31 09:16:48,648:INFO:Declaring metric variables
2024-08-31 09:16:48,648:INFO:Importing untrained model
2024-08-31 09:16:48,649:INFO:Ridge Classifier Imported successfully
2024-08-31 09:16:48,649:INFO:Starting cross validation
2024-08-31 09:16:48,650:INFO:Cross validating with StratifiedKFold(n_splits=10, random_state=None, shuffle=False), n_jobs=-1
2024-08-31 09:16:48,710:INFO:Calculating mean and std
2024-08-31 09:16:48,710:INFO:Creating metrics dataframe
2024-08-31 09:16:48,711:INFO:Uploading results into container
2024-08-31 09:16:48,712:INFO:Uploading model into container now
2024-08-31 09:16:48,712:INFO:_master_model_container: 6
2024-08-31 09:16:48,712:INFO:_display_container: 2
2024-08-31 09:16:48,712:INFO:RidgeClassifier(alpha=1.0, class_weight=None, copy_X=True, fit_intercept=True,
                max_iter=None, positive=False, random_state=5393, solver='auto',
                tol=0.0001)
2024-08-31 09:16:48,712:INFO:create_model() successfully completed......................................
2024-08-31 09:16:48,776:INFO:SubProcess create_model() end ==================================
2024-08-31 09:16:48,776:INFO:Creating metrics dataframe
2024-08-31 09:16:48,777:INFO:Initializing Random Forest Classifier
2024-08-31 09:16:48,778:INFO:Total runtime is 0.12041861216227215 minutes
2024-08-31 09:16:48,778:INFO:SubProcess create_model() called ==================================
2024-08-31 09:16:48,778:INFO:Initializing create_model()
2024-08-31 09:16:48,778:INFO:create_model(self=<pycaret.classification.oop.ClassificationExperiment object at 0x000001CE564511D0>, estimator=rf, fold=StratifiedKFold(n_splits=10, random_state=None, shuffle=False), round=4, cross_validation=True, predict=True, fit_kwargs={}, groups=None, refit=False, probability_threshold=None, experiment_custom_tags=None, verbose=False, system=False, add_to_model_list=True, metrics=None, display=<pycaret.internal.display.display.CommonDisplay object at 0x000001CE56CCCBD0>, model_only=True, return_train_score=False, error_score=0.0, kwargs={})
2024-08-31 09:16:48,778:INFO:Checking exceptions
2024-08-31 09:16:48,778:INFO:Importing libraries
2024-08-31 09:16:48,778:INFO:Copying training dataset
2024-08-31 09:16:48,781:INFO:Defining folds
2024-08-31 09:16:48,781:INFO:Declaring metric variables
2024-08-31 09:16:48,781:INFO:Importing untrained model
2024-08-31 09:16:48,781:INFO:Random Forest Classifier Imported successfully
2024-08-31 09:16:48,781:INFO:Starting cross validation
2024-08-31 09:16:48,782:INFO:Cross validating with StratifiedKFold(n_splits=10, random_state=None, shuffle=False), n_jobs=-1
2024-08-31 09:16:49,192:INFO:Calculating mean and std
2024-08-31 09:16:49,192:INFO:Creating metrics dataframe
2024-08-31 09:16:49,194:INFO:Uploading results into container
2024-08-31 09:16:49,194:INFO:Uploading model into container now
2024-08-31 09:16:49,195:INFO:_master_model_container: 7
2024-08-31 09:16:49,195:INFO:_display_container: 2
2024-08-31 09:16:49,195:INFO:RandomForestClassifier(bootstrap=True, ccp_alpha=0.0, class_weight=None,
                       criterion='gini', max_depth=None, max_features='sqrt',
                       max_leaf_nodes=None, max_samples=None,
                       min_impurity_decrease=0.0, min_samples_leaf=1,
                       min_samples_split=2, min_weight_fraction_leaf=0.0,
                       monotonic_cst=None, n_estimators=100, n_jobs=-1,
                       oob_score=False, random_state=5393, verbose=0,
                       warm_start=False)
2024-08-31 09:16:49,195:INFO:create_model() successfully completed......................................
2024-08-31 09:16:49,261:INFO:SubProcess create_model() end ==================================
2024-08-31 09:16:49,261:INFO:Creating metrics dataframe
2024-08-31 09:16:49,263:INFO:Initializing Quadratic Discriminant Analysis
2024-08-31 09:16:49,263:INFO:Total runtime is 0.12850102583567302 minutes
2024-08-31 09:16:49,264:INFO:SubProcess create_model() called ==================================
2024-08-31 09:16:49,264:INFO:Initializing create_model()
2024-08-31 09:16:49,264:INFO:create_model(self=<pycaret.classification.oop.ClassificationExperiment object at 0x000001CE564511D0>, estimator=qda, fold=StratifiedKFold(n_splits=10, random_state=None, shuffle=False), round=4, cross_validation=True, predict=True, fit_kwargs={}, groups=None, refit=False, probability_threshold=None, experiment_custom_tags=None, verbose=False, system=False, add_to_model_list=True, metrics=None, display=<pycaret.internal.display.display.CommonDisplay object at 0x000001CE56CCCBD0>, model_only=True, return_train_score=False, error_score=0.0, kwargs={})
2024-08-31 09:16:49,264:INFO:Checking exceptions
2024-08-31 09:16:49,264:INFO:Importing libraries
2024-08-31 09:16:49,264:INFO:Copying training dataset
2024-08-31 09:16:49,267:INFO:Defining folds
2024-08-31 09:16:49,267:INFO:Declaring metric variables
2024-08-31 09:16:49,267:INFO:Importing untrained model
2024-08-31 09:16:49,267:INFO:Quadratic Discriminant Analysis Imported successfully
2024-08-31 09:16:49,267:INFO:Starting cross validation
2024-08-31 09:16:49,268:INFO:Cross validating with StratifiedKFold(n_splits=10, random_state=None, shuffle=False), n_jobs=-1
2024-08-31 09:16:49,325:INFO:Calculating mean and std
2024-08-31 09:16:49,326:INFO:Creating metrics dataframe
2024-08-31 09:16:49,328:INFO:Uploading results into container
2024-08-31 09:16:49,329:INFO:Uploading model into container now
2024-08-31 09:16:49,329:INFO:_master_model_container: 8
2024-08-31 09:16:49,329:INFO:_display_container: 2
2024-08-31 09:16:49,329:INFO:QuadraticDiscriminantAnalysis(priors=None, reg_param=0.0,
                              store_covariance=False, tol=0.0001)
2024-08-31 09:16:49,329:INFO:create_model() successfully completed......................................
2024-08-31 09:16:49,395:INFO:SubProcess create_model() end ==================================
2024-08-31 09:16:49,395:INFO:Creating metrics dataframe
2024-08-31 09:16:49,397:INFO:Initializing Ada Boost Classifier
2024-08-31 09:16:49,397:INFO:Total runtime is 0.13073161840438843 minutes
2024-08-31 09:16:49,397:INFO:SubProcess create_model() called ==================================
2024-08-31 09:16:49,398:INFO:Initializing create_model()
2024-08-31 09:16:49,398:INFO:create_model(self=<pycaret.classification.oop.ClassificationExperiment object at 0x000001CE564511D0>, estimator=ada, fold=StratifiedKFold(n_splits=10, random_state=None, shuffle=False), round=4, cross_validation=True, predict=True, fit_kwargs={}, groups=None, refit=False, probability_threshold=None, experiment_custom_tags=None, verbose=False, system=False, add_to_model_list=True, metrics=None, display=<pycaret.internal.display.display.CommonDisplay object at 0x000001CE56CCCBD0>, model_only=True, return_train_score=False, error_score=0.0, kwargs={})
2024-08-31 09:16:49,398:INFO:Checking exceptions
2024-08-31 09:16:49,398:INFO:Importing libraries
2024-08-31 09:16:49,398:INFO:Copying training dataset
2024-08-31 09:16:49,400:INFO:Defining folds
2024-08-31 09:16:49,400:INFO:Declaring metric variables
2024-08-31 09:16:49,400:INFO:Importing untrained model
2024-08-31 09:16:49,400:INFO:Ada Boost Classifier Imported successfully
2024-08-31 09:16:49,400:INFO:Starting cross validation
2024-08-31 09:16:49,401:INFO:Cross validating with StratifiedKFold(n_splits=10, random_state=None, shuffle=False), n_jobs=-1
2024-08-31 09:16:49,421:WARNING:C:\Users\surya\OneDrive\Desktop\Data Science Project\Diabetes analysis\.venv\Lib\site-packages\sklearn\ensemble\_weight_boosting.py:519: FutureWarning: The SAMME.R algorithm (the default) is deprecated and will be removed in 1.6. Use the SAMME algorithm to circumvent this warning.
  warnings.warn(

2024-08-31 09:16:49,423:WARNING:C:\Users\surya\OneDrive\Desktop\Data Science Project\Diabetes analysis\.venv\Lib\site-packages\sklearn\ensemble\_weight_boosting.py:519: FutureWarning: The SAMME.R algorithm (the default) is deprecated and will be removed in 1.6. Use the SAMME algorithm to circumvent this warning.
  warnings.warn(

2024-08-31 09:16:49,424:WARNING:C:\Users\surya\OneDrive\Desktop\Data Science Project\Diabetes analysis\.venv\Lib\site-packages\sklearn\ensemble\_weight_boosting.py:519: FutureWarning: The SAMME.R algorithm (the default) is deprecated and will be removed in 1.6. Use the SAMME algorithm to circumvent this warning.
  warnings.warn(

2024-08-31 09:16:49,426:WARNING:C:\Users\surya\OneDrive\Desktop\Data Science Project\Diabetes analysis\.venv\Lib\site-packages\sklearn\ensemble\_weight_boosting.py:519: FutureWarning: The SAMME.R algorithm (the default) is deprecated and will be removed in 1.6. Use the SAMME algorithm to circumvent this warning.
  warnings.warn(

2024-08-31 09:16:49,429:WARNING:C:\Users\surya\OneDrive\Desktop\Data Science Project\Diabetes analysis\.venv\Lib\site-packages\sklearn\ensemble\_weight_boosting.py:519: FutureWarning: The SAMME.R algorithm (the default) is deprecated and will be removed in 1.6. Use the SAMME algorithm to circumvent this warning.
  warnings.warn(

2024-08-31 09:16:49,435:WARNING:C:\Users\surya\OneDrive\Desktop\Data Science Project\Diabetes analysis\.venv\Lib\site-packages\sklearn\ensemble\_weight_boosting.py:519: FutureWarning: The SAMME.R algorithm (the default) is deprecated and will be removed in 1.6. Use the SAMME algorithm to circumvent this warning.
  warnings.warn(

2024-08-31 09:16:49,605:INFO:Calculating mean and std
2024-08-31 09:16:49,606:INFO:Creating metrics dataframe
2024-08-31 09:16:49,608:INFO:Uploading results into container
2024-08-31 09:16:49,608:INFO:Uploading model into container now
2024-08-31 09:16:49,609:INFO:_master_model_container: 9
2024-08-31 09:16:49,609:INFO:_display_container: 2
2024-08-31 09:16:49,609:INFO:AdaBoostClassifier(algorithm='SAMME.R', estimator=None, learning_rate=1.0,
                   n_estimators=50, random_state=5393)
2024-08-31 09:16:49,609:INFO:create_model() successfully completed......................................
2024-08-31 09:16:49,678:INFO:SubProcess create_model() end ==================================
2024-08-31 09:16:49,678:INFO:Creating metrics dataframe
2024-08-31 09:16:49,680:INFO:Initializing Gradient Boosting Classifier
2024-08-31 09:16:49,680:INFO:Total runtime is 0.13544699748357136 minutes
2024-08-31 09:16:49,680:INFO:SubProcess create_model() called ==================================
2024-08-31 09:16:49,680:INFO:Initializing create_model()
2024-08-31 09:16:49,680:INFO:create_model(self=<pycaret.classification.oop.ClassificationExperiment object at 0x000001CE564511D0>, estimator=gbc, fold=StratifiedKFold(n_splits=10, random_state=None, shuffle=False), round=4, cross_validation=True, predict=True, fit_kwargs={}, groups=None, refit=False, probability_threshold=None, experiment_custom_tags=None, verbose=False, system=False, add_to_model_list=True, metrics=None, display=<pycaret.internal.display.display.CommonDisplay object at 0x000001CE56CCCBD0>, model_only=True, return_train_score=False, error_score=0.0, kwargs={})
2024-08-31 09:16:49,680:INFO:Checking exceptions
2024-08-31 09:16:49,680:INFO:Importing libraries
2024-08-31 09:16:49,680:INFO:Copying training dataset
2024-08-31 09:16:49,683:INFO:Defining folds
2024-08-31 09:16:49,683:INFO:Declaring metric variables
2024-08-31 09:16:49,683:INFO:Importing untrained model
2024-08-31 09:16:49,684:INFO:Gradient Boosting Classifier Imported successfully
2024-08-31 09:16:49,684:INFO:Starting cross validation
2024-08-31 09:16:49,684:INFO:Cross validating with StratifiedKFold(n_splits=10, random_state=None, shuffle=False), n_jobs=-1
2024-08-31 09:16:49,981:INFO:Calculating mean and std
2024-08-31 09:16:49,983:INFO:Creating metrics dataframe
2024-08-31 09:16:49,985:INFO:Uploading results into container
2024-08-31 09:16:49,985:INFO:Uploading model into container now
2024-08-31 09:16:49,985:INFO:_master_model_container: 10
2024-08-31 09:16:49,985:INFO:_display_container: 2
2024-08-31 09:16:49,986:INFO:GradientBoostingClassifier(ccp_alpha=0.0, criterion='friedman_mse', init=None,
                           learning_rate=0.1, loss='log_loss', max_depth=3,
                           max_features=None, max_leaf_nodes=None,
                           min_impurity_decrease=0.0, min_samples_leaf=1,
                           min_samples_split=2, min_weight_fraction_leaf=0.0,
                           n_estimators=100, n_iter_no_change=None,
                           random_state=5393, subsample=1.0, tol=0.0001,
                           validation_fraction=0.1, verbose=0,
                           warm_start=False)
2024-08-31 09:16:49,986:INFO:create_model() successfully completed......................................
2024-08-31 09:16:50,053:INFO:SubProcess create_model() end ==================================
2024-08-31 09:16:50,053:INFO:Creating metrics dataframe
2024-08-31 09:16:50,055:INFO:Initializing Linear Discriminant Analysis
2024-08-31 09:16:50,055:INFO:Total runtime is 0.14169895251592 minutes
2024-08-31 09:16:50,055:INFO:SubProcess create_model() called ==================================
2024-08-31 09:16:50,055:INFO:Initializing create_model()
2024-08-31 09:16:50,055:INFO:create_model(self=<pycaret.classification.oop.ClassificationExperiment object at 0x000001CE564511D0>, estimator=lda, fold=StratifiedKFold(n_splits=10, random_state=None, shuffle=False), round=4, cross_validation=True, predict=True, fit_kwargs={}, groups=None, refit=False, probability_threshold=None, experiment_custom_tags=None, verbose=False, system=False, add_to_model_list=True, metrics=None, display=<pycaret.internal.display.display.CommonDisplay object at 0x000001CE56CCCBD0>, model_only=True, return_train_score=False, error_score=0.0, kwargs={})
2024-08-31 09:16:50,055:INFO:Checking exceptions
2024-08-31 09:16:50,055:INFO:Importing libraries
2024-08-31 09:16:50,055:INFO:Copying training dataset
2024-08-31 09:16:50,058:INFO:Defining folds
2024-08-31 09:16:50,058:INFO:Declaring metric variables
2024-08-31 09:16:50,058:INFO:Importing untrained model
2024-08-31 09:16:50,058:INFO:Linear Discriminant Analysis Imported successfully
2024-08-31 09:16:50,058:INFO:Starting cross validation
2024-08-31 09:16:50,059:INFO:Cross validating with StratifiedKFold(n_splits=10, random_state=None, shuffle=False), n_jobs=-1
2024-08-31 09:16:50,117:INFO:Calculating mean and std
2024-08-31 09:16:50,117:INFO:Creating metrics dataframe
2024-08-31 09:16:50,118:INFO:Uploading results into container
2024-08-31 09:16:50,119:INFO:Uploading model into container now
2024-08-31 09:16:50,119:INFO:_master_model_container: 11
2024-08-31 09:16:50,119:INFO:_display_container: 2
2024-08-31 09:16:50,120:INFO:LinearDiscriminantAnalysis(covariance_estimator=None, n_components=None,
                           priors=None, shrinkage=None, solver='svd',
                           store_covariance=False, tol=0.0001)
2024-08-31 09:16:50,120:INFO:create_model() successfully completed......................................
2024-08-31 09:16:50,187:INFO:SubProcess create_model() end ==================================
2024-08-31 09:16:50,187:INFO:Creating metrics dataframe
2024-08-31 09:16:50,189:INFO:Initializing Extra Trees Classifier
2024-08-31 09:16:50,189:INFO:Total runtime is 0.14394264618555702 minutes
2024-08-31 09:16:50,189:INFO:SubProcess create_model() called ==================================
2024-08-31 09:16:50,189:INFO:Initializing create_model()
2024-08-31 09:16:50,190:INFO:create_model(self=<pycaret.classification.oop.ClassificationExperiment object at 0x000001CE564511D0>, estimator=et, fold=StratifiedKFold(n_splits=10, random_state=None, shuffle=False), round=4, cross_validation=True, predict=True, fit_kwargs={}, groups=None, refit=False, probability_threshold=None, experiment_custom_tags=None, verbose=False, system=False, add_to_model_list=True, metrics=None, display=<pycaret.internal.display.display.CommonDisplay object at 0x000001CE56CCCBD0>, model_only=True, return_train_score=False, error_score=0.0, kwargs={})
2024-08-31 09:16:50,190:INFO:Checking exceptions
2024-08-31 09:16:50,190:INFO:Importing libraries
2024-08-31 09:16:50,190:INFO:Copying training dataset
2024-08-31 09:16:50,192:INFO:Defining folds
2024-08-31 09:16:50,192:INFO:Declaring metric variables
2024-08-31 09:16:50,192:INFO:Importing untrained model
2024-08-31 09:16:50,193:INFO:Extra Trees Classifier Imported successfully
2024-08-31 09:16:50,193:INFO:Starting cross validation
2024-08-31 09:16:50,193:INFO:Cross validating with StratifiedKFold(n_splits=10, random_state=None, shuffle=False), n_jobs=-1
2024-08-31 09:16:50,564:INFO:Calculating mean and std
2024-08-31 09:16:50,566:INFO:Creating metrics dataframe
2024-08-31 09:16:50,567:INFO:Uploading results into container
2024-08-31 09:16:50,568:INFO:Uploading model into container now
2024-08-31 09:16:50,568:INFO:_master_model_container: 12
2024-08-31 09:16:50,568:INFO:_display_container: 2
2024-08-31 09:16:50,568:INFO:ExtraTreesClassifier(bootstrap=False, ccp_alpha=0.0, class_weight=None,
                     criterion='gini', max_depth=None, max_features='sqrt',
                     max_leaf_nodes=None, max_samples=None,
                     min_impurity_decrease=0.0, min_samples_leaf=1,
                     min_samples_split=2, min_weight_fraction_leaf=0.0,
                     monotonic_cst=None, n_estimators=100, n_jobs=-1,
                     oob_score=False, random_state=5393, verbose=0,
                     warm_start=False)
2024-08-31 09:16:50,568:INFO:create_model() successfully completed......................................
2024-08-31 09:16:50,635:INFO:SubProcess create_model() end ==================================
2024-08-31 09:16:50,635:INFO:Creating metrics dataframe
2024-08-31 09:16:50,637:INFO:Initializing Light Gradient Boosting Machine
2024-08-31 09:16:50,637:INFO:Total runtime is 0.15139845609664915 minutes
2024-08-31 09:16:50,637:INFO:SubProcess create_model() called ==================================
2024-08-31 09:16:50,637:INFO:Initializing create_model()
2024-08-31 09:16:50,637:INFO:create_model(self=<pycaret.classification.oop.ClassificationExperiment object at 0x000001CE564511D0>, estimator=lightgbm, fold=StratifiedKFold(n_splits=10, random_state=None, shuffle=False), round=4, cross_validation=True, predict=True, fit_kwargs={}, groups=None, refit=False, probability_threshold=None, experiment_custom_tags=None, verbose=False, system=False, add_to_model_list=True, metrics=None, display=<pycaret.internal.display.display.CommonDisplay object at 0x000001CE56CCCBD0>, model_only=True, return_train_score=False, error_score=0.0, kwargs={})
2024-08-31 09:16:50,637:INFO:Checking exceptions
2024-08-31 09:16:50,638:INFO:Importing libraries
2024-08-31 09:16:50,638:INFO:Copying training dataset
2024-08-31 09:16:50,640:INFO:Defining folds
2024-08-31 09:16:50,640:INFO:Declaring metric variables
2024-08-31 09:16:50,640:INFO:Importing untrained model
2024-08-31 09:16:50,640:INFO:Light Gradient Boosting Machine Imported successfully
2024-08-31 09:16:50,640:INFO:Starting cross validation
2024-08-31 09:16:50,641:INFO:Cross validating with StratifiedKFold(n_splits=10, random_state=None, shuffle=False), n_jobs=-1
2024-08-31 09:16:51,267:INFO:Calculating mean and std
2024-08-31 09:16:51,268:INFO:Creating metrics dataframe
2024-08-31 09:16:51,270:INFO:Uploading results into container
2024-08-31 09:16:51,271:INFO:Uploading model into container now
2024-08-31 09:16:51,271:INFO:_master_model_container: 13
2024-08-31 09:16:51,271:INFO:_display_container: 2
2024-08-31 09:16:51,272:INFO:LGBMClassifier(boosting_type='gbdt', class_weight=None, colsample_bytree=1.0,
               importance_type='split', learning_rate=0.1, max_depth=-1,
               min_child_samples=20, min_child_weight=0.001, min_split_gain=0.0,
               n_estimators=100, n_jobs=-1, num_leaves=31, objective=None,
               random_state=5393, reg_alpha=0.0, reg_lambda=0.0, subsample=1.0,
               subsample_for_bin=200000, subsample_freq=0)
2024-08-31 09:16:51,272:INFO:create_model() successfully completed......................................
2024-08-31 09:16:51,359:INFO:SubProcess create_model() end ==================================
2024-08-31 09:16:51,359:INFO:Creating metrics dataframe
2024-08-31 09:16:51,361:INFO:Initializing Dummy Classifier
2024-08-31 09:16:51,362:INFO:Total runtime is 0.16346353292465207 minutes
2024-08-31 09:16:51,362:INFO:SubProcess create_model() called ==================================
2024-08-31 09:16:51,362:INFO:Initializing create_model()
2024-08-31 09:16:51,362:INFO:create_model(self=<pycaret.classification.oop.ClassificationExperiment object at 0x000001CE564511D0>, estimator=dummy, fold=StratifiedKFold(n_splits=10, random_state=None, shuffle=False), round=4, cross_validation=True, predict=True, fit_kwargs={}, groups=None, refit=False, probability_threshold=None, experiment_custom_tags=None, verbose=False, system=False, add_to_model_list=True, metrics=None, display=<pycaret.internal.display.display.CommonDisplay object at 0x000001CE56CCCBD0>, model_only=True, return_train_score=False, error_score=0.0, kwargs={})
2024-08-31 09:16:51,362:INFO:Checking exceptions
2024-08-31 09:16:51,362:INFO:Importing libraries
2024-08-31 09:16:51,362:INFO:Copying training dataset
2024-08-31 09:16:51,366:INFO:Defining folds
2024-08-31 09:16:51,366:INFO:Declaring metric variables
2024-08-31 09:16:51,366:INFO:Importing untrained model
2024-08-31 09:16:51,366:INFO:Dummy Classifier Imported successfully
2024-08-31 09:16:51,366:INFO:Starting cross validation
2024-08-31 09:16:51,367:INFO:Cross validating with StratifiedKFold(n_splits=10, random_state=None, shuffle=False), n_jobs=-1
2024-08-31 09:16:51,397:WARNING:C:\Users\surya\OneDrive\Desktop\Data Science Project\Diabetes analysis\.venv\Lib\site-packages\sklearn\metrics\_classification.py:1509: UndefinedMetricWarning: Precision is ill-defined and being set to 0.0 due to no predicted samples. Use `zero_division` parameter to control this behavior.
  _warn_prf(average, modifier, f"{metric.capitalize()} is", len(result))

2024-08-31 09:16:51,401:WARNING:C:\Users\surya\OneDrive\Desktop\Data Science Project\Diabetes analysis\.venv\Lib\site-packages\sklearn\metrics\_classification.py:1509: UndefinedMetricWarning: Precision is ill-defined and being set to 0.0 due to no predicted samples. Use `zero_division` parameter to control this behavior.
  _warn_prf(average, modifier, f"{metric.capitalize()} is", len(result))

2024-08-31 09:16:51,401:WARNING:C:\Users\surya\OneDrive\Desktop\Data Science Project\Diabetes analysis\.venv\Lib\site-packages\sklearn\metrics\_classification.py:1509: UndefinedMetricWarning: Precision is ill-defined and being set to 0.0 due to no predicted samples. Use `zero_division` parameter to control this behavior.
  _warn_prf(average, modifier, f"{metric.capitalize()} is", len(result))

2024-08-31 09:16:51,402:WARNING:C:\Users\surya\OneDrive\Desktop\Data Science Project\Diabetes analysis\.venv\Lib\site-packages\sklearn\metrics\_classification.py:1509: UndefinedMetricWarning: Precision is ill-defined and being set to 0.0 due to no predicted samples. Use `zero_division` parameter to control this behavior.
  _warn_prf(average, modifier, f"{metric.capitalize()} is", len(result))

2024-08-31 09:16:51,404:WARNING:C:\Users\surya\OneDrive\Desktop\Data Science Project\Diabetes analysis\.venv\Lib\site-packages\sklearn\metrics\_classification.py:1509: UndefinedMetricWarning: Precision is ill-defined and being set to 0.0 due to no predicted samples. Use `zero_division` parameter to control this behavior.
  _warn_prf(average, modifier, f"{metric.capitalize()} is", len(result))

2024-08-31 09:16:51,411:WARNING:C:\Users\surya\OneDrive\Desktop\Data Science Project\Diabetes analysis\.venv\Lib\site-packages\sklearn\metrics\_classification.py:1509: UndefinedMetricWarning: Precision is ill-defined and being set to 0.0 due to no predicted samples. Use `zero_division` parameter to control this behavior.
  _warn_prf(average, modifier, f"{metric.capitalize()} is", len(result))

2024-08-31 09:16:51,412:WARNING:C:\Users\surya\OneDrive\Desktop\Data Science Project\Diabetes analysis\.venv\Lib\site-packages\sklearn\metrics\_classification.py:1509: UndefinedMetricWarning: Precision is ill-defined and being set to 0.0 due to no predicted samples. Use `zero_division` parameter to control this behavior.
  _warn_prf(average, modifier, f"{metric.capitalize()} is", len(result))

2024-08-31 09:16:51,413:WARNING:C:\Users\surya\OneDrive\Desktop\Data Science Project\Diabetes analysis\.venv\Lib\site-packages\sklearn\metrics\_classification.py:1509: UndefinedMetricWarning: Precision is ill-defined and being set to 0.0 due to no predicted samples. Use `zero_division` parameter to control this behavior.
  _warn_prf(average, modifier, f"{metric.capitalize()} is", len(result))

2024-08-31 09:16:51,414:WARNING:C:\Users\surya\OneDrive\Desktop\Data Science Project\Diabetes analysis\.venv\Lib\site-packages\sklearn\metrics\_classification.py:1509: UndefinedMetricWarning: Precision is ill-defined and being set to 0.0 due to no predicted samples. Use `zero_division` parameter to control this behavior.
  _warn_prf(average, modifier, f"{metric.capitalize()} is", len(result))

2024-08-31 09:16:51,415:WARNING:C:\Users\surya\OneDrive\Desktop\Data Science Project\Diabetes analysis\.venv\Lib\site-packages\sklearn\metrics\_classification.py:1509: UndefinedMetricWarning: Precision is ill-defined and being set to 0.0 due to no predicted samples. Use `zero_division` parameter to control this behavior.
  _warn_prf(average, modifier, f"{metric.capitalize()} is", len(result))

2024-08-31 09:16:51,428:INFO:Calculating mean and std
2024-08-31 09:16:51,429:INFO:Creating metrics dataframe
2024-08-31 09:16:51,430:INFO:Uploading results into container
2024-08-31 09:16:51,430:INFO:Uploading model into container now
2024-08-31 09:16:51,431:INFO:_master_model_container: 14
2024-08-31 09:16:51,431:INFO:_display_container: 2
2024-08-31 09:16:51,431:INFO:DummyClassifier(constant=None, random_state=5393, strategy='prior')
2024-08-31 09:16:51,431:INFO:create_model() successfully completed......................................
2024-08-31 09:16:51,500:INFO:SubProcess create_model() end ==================================
2024-08-31 09:16:51,500:INFO:Creating metrics dataframe
2024-08-31 09:16:51,503:INFO:Initializing create_model()
2024-08-31 09:16:51,503:INFO:create_model(self=<pycaret.classification.oop.ClassificationExperiment object at 0x000001CE564511D0>, estimator=RandomForestClassifier(bootstrap=True, ccp_alpha=0.0, class_weight=None,
                       criterion='gini', max_depth=None, max_features='sqrt',
                       max_leaf_nodes=None, max_samples=None,
                       min_impurity_decrease=0.0, min_samples_leaf=1,
                       min_samples_split=2, min_weight_fraction_leaf=0.0,
                       monotonic_cst=None, n_estimators=100, n_jobs=-1,
                       oob_score=False, random_state=5393, verbose=0,
                       warm_start=False), fold=StratifiedKFold(n_splits=10, random_state=None, shuffle=False), round=4, cross_validation=False, predict=False, fit_kwargs={}, groups=None, refit=True, probability_threshold=None, experiment_custom_tags=None, verbose=False, system=False, add_to_model_list=True, metrics=None, display=None, model_only=True, return_train_score=False, error_score=0.0, kwargs={})
2024-08-31 09:16:51,503:INFO:Checking exceptions
2024-08-31 09:16:51,503:INFO:Importing libraries
2024-08-31 09:16:51,503:INFO:Copying training dataset
2024-08-31 09:16:51,506:INFO:Defining folds
2024-08-31 09:16:51,506:INFO:Declaring metric variables
2024-08-31 09:16:51,506:INFO:Importing untrained model
2024-08-31 09:16:51,506:INFO:Declaring custom model
2024-08-31 09:16:51,506:INFO:Random Forest Classifier Imported successfully
2024-08-31 09:16:51,507:INFO:Cross validation set to False
2024-08-31 09:16:51,507:INFO:Fitting Model
2024-08-31 09:16:51,701:INFO:RandomForestClassifier(bootstrap=True, ccp_alpha=0.0, class_weight=None,
                       criterion='gini', max_depth=None, max_features='sqrt',
                       max_leaf_nodes=None, max_samples=None,
                       min_impurity_decrease=0.0, min_samples_leaf=1,
                       min_samples_split=2, min_weight_fraction_leaf=0.0,
                       monotonic_cst=None, n_estimators=100, n_jobs=-1,
                       oob_score=False, random_state=5393, verbose=0,
                       warm_start=False)
2024-08-31 09:16:51,702:INFO:create_model() successfully completed......................................
2024-08-31 09:16:51,777:INFO:_master_model_container: 14
2024-08-31 09:16:51,777:INFO:_display_container: 2
2024-08-31 09:16:51,778:INFO:RandomForestClassifier(bootstrap=True, ccp_alpha=0.0, class_weight=None,
                       criterion='gini', max_depth=None, max_features='sqrt',
                       max_leaf_nodes=None, max_samples=None,
                       min_impurity_decrease=0.0, min_samples_leaf=1,
                       min_samples_split=2, min_weight_fraction_leaf=0.0,
                       monotonic_cst=None, n_estimators=100, n_jobs=-1,
                       oob_score=False, random_state=5393, verbose=0,
                       warm_start=False)
2024-08-31 09:16:51,778:INFO:compare_models() successfully completed......................................
2024-08-31 09:16:51,779:INFO:Initializing create_model()
2024-08-31 09:16:51,779:INFO:create_model(self=<pycaret.classification.oop.ClassificationExperiment object at 0x000001CE564511D0>, estimator=lda, fold=None, round=4, cross_validation=True, predict=True, fit_kwargs=None, groups=None, refit=True, probability_threshold=None, experiment_custom_tags=None, verbose=True, system=True, add_to_model_list=True, metrics=None, display=None, model_only=True, return_train_score=False, error_score=0.0, kwargs={})
2024-08-31 09:16:51,779:INFO:Checking exceptions
2024-08-31 09:16:51,779:INFO:Importing libraries
2024-08-31 09:16:51,780:INFO:Copying training dataset
2024-08-31 09:16:51,783:INFO:Defining folds
2024-08-31 09:16:51,783:INFO:Declaring metric variables
2024-08-31 09:16:51,783:INFO:Importing untrained model
2024-08-31 09:16:51,783:INFO:Linear Discriminant Analysis Imported successfully
2024-08-31 09:16:51,783:INFO:Starting cross validation
2024-08-31 09:16:51,784:INFO:Cross validating with StratifiedKFold(n_splits=10, random_state=None, shuffle=False), n_jobs=-1
2024-08-31 09:16:51,843:INFO:Calculating mean and std
2024-08-31 09:16:51,844:INFO:Creating metrics dataframe
2024-08-31 09:16:51,846:INFO:Finalizing model
2024-08-31 09:16:51,853:INFO:Uploading results into container
2024-08-31 09:16:51,853:INFO:Uploading model into container now
2024-08-31 09:16:51,861:INFO:_master_model_container: 15
2024-08-31 09:16:51,861:INFO:_display_container: 3
2024-08-31 09:16:51,861:INFO:LinearDiscriminantAnalysis(covariance_estimator=None, n_components=None,
                           priors=None, shrinkage=None, solver='svd',
                           store_covariance=False, tol=0.0001)
2024-08-31 09:16:51,861:INFO:create_model() successfully completed......................................
2024-08-31 09:16:51,930:INFO:Initializing tune_model()
2024-08-31 09:16:51,931:INFO:tune_model(self=<pycaret.classification.oop.ClassificationExperiment object at 0x000001CE564511D0>, estimator=LinearDiscriminantAnalysis(covariance_estimator=None, n_components=None,
                           priors=None, shrinkage=None, solver='svd',
                           store_covariance=False, tol=0.0001), fold=None, round=4, n_iter=10, custom_grid=None, optimize=Accuracy, custom_scorer=None, search_library=scikit-learn, search_algorithm=None, early_stopping=False, early_stopping_max_iters=10, choose_better=True, fit_kwargs=None, groups=None, return_tuner=False, verbose=True, tuner_verbose=True, return_train_score=False, kwargs={})
2024-08-31 09:16:51,931:INFO:Checking exceptions
2024-08-31 09:16:51,933:INFO:Copying training dataset
2024-08-31 09:16:51,935:INFO:Checking base model
2024-08-31 09:16:51,935:INFO:Base model : Linear Discriminant Analysis
2024-08-31 09:16:51,935:INFO:Declaring metric variables
2024-08-31 09:16:51,935:INFO:Defining Hyperparameters
2024-08-31 09:16:52,002:INFO:Tuning with n_jobs=-1
2024-08-31 09:16:52,002:INFO:Initializing RandomizedSearchCV
2024-08-31 09:16:52,266:INFO:best_params: {'actual_estimator__solver': 'lsqr', 'actual_estimator__shrinkage': 'auto'}
2024-08-31 09:16:52,267:INFO:Hyperparameter search completed
2024-08-31 09:16:52,267:INFO:SubProcess create_model() called ==================================
2024-08-31 09:16:52,267:INFO:Initializing create_model()
2024-08-31 09:16:52,267:INFO:create_model(self=<pycaret.classification.oop.ClassificationExperiment object at 0x000001CE564511D0>, estimator=LinearDiscriminantAnalysis(covariance_estimator=None, n_components=None,
                           priors=None, shrinkage=None, solver='svd',
                           store_covariance=False, tol=0.0001), fold=StratifiedKFold(n_splits=10, random_state=None, shuffle=False), round=4, cross_validation=True, predict=True, fit_kwargs={}, groups=None, refit=True, probability_threshold=None, experiment_custom_tags=None, verbose=True, system=False, add_to_model_list=True, metrics=None, display=<pycaret.internal.display.display.CommonDisplay object at 0x000001CE5633C310>, model_only=True, return_train_score=False, error_score=0.0, kwargs={'solver': 'lsqr', 'shrinkage': 'auto'})
2024-08-31 09:16:52,267:INFO:Checking exceptions
2024-08-31 09:16:52,267:INFO:Importing libraries
2024-08-31 09:16:52,267:INFO:Copying training dataset
2024-08-31 09:16:52,270:INFO:Defining folds
2024-08-31 09:16:52,270:INFO:Declaring metric variables
2024-08-31 09:16:52,270:INFO:Importing untrained model
2024-08-31 09:16:52,270:INFO:Declaring custom model
2024-08-31 09:16:52,270:INFO:Linear Discriminant Analysis Imported successfully
2024-08-31 09:16:52,270:INFO:Starting cross validation
2024-08-31 09:16:52,271:INFO:Cross validating with StratifiedKFold(n_splits=10, random_state=None, shuffle=False), n_jobs=-1
2024-08-31 09:16:52,339:INFO:Calculating mean and std
2024-08-31 09:16:52,339:INFO:Creating metrics dataframe
2024-08-31 09:16:52,341:INFO:Finalizing model
2024-08-31 09:16:52,348:INFO:Uploading results into container
2024-08-31 09:16:52,348:INFO:Uploading model into container now
2024-08-31 09:16:52,350:INFO:_master_model_container: 16
2024-08-31 09:16:52,350:INFO:_display_container: 4
2024-08-31 09:16:52,350:INFO:LinearDiscriminantAnalysis(covariance_estimator=None, n_components=None,
                           priors=None, shrinkage='auto', solver='lsqr',
                           store_covariance=False, tol=0.0001)
2024-08-31 09:16:52,350:INFO:create_model() successfully completed......................................
2024-08-31 09:16:52,420:INFO:SubProcess create_model() end ==================================
2024-08-31 09:16:52,420:INFO:choose_better activated
2024-08-31 09:16:52,420:INFO:SubProcess create_model() called ==================================
2024-08-31 09:16:52,420:INFO:Initializing create_model()
2024-08-31 09:16:52,420:INFO:create_model(self=<pycaret.classification.oop.ClassificationExperiment object at 0x000001CE564511D0>, estimator=LinearDiscriminantAnalysis(covariance_estimator=None, n_components=None,
                           priors=None, shrinkage=None, solver='svd',
                           store_covariance=False, tol=0.0001), fold=StratifiedKFold(n_splits=10, random_state=None, shuffle=False), round=4, cross_validation=True, predict=True, fit_kwargs={}, groups=None, refit=True, probability_threshold=None, experiment_custom_tags=None, verbose=False, system=False, add_to_model_list=True, metrics=None, display=None, model_only=True, return_train_score=False, error_score=0.0, kwargs={})
2024-08-31 09:16:52,420:INFO:Checking exceptions
2024-08-31 09:16:52,421:INFO:Importing libraries
2024-08-31 09:16:52,421:INFO:Copying training dataset
2024-08-31 09:16:52,424:INFO:Defining folds
2024-08-31 09:16:52,424:INFO:Declaring metric variables
2024-08-31 09:16:52,424:INFO:Importing untrained model
2024-08-31 09:16:52,424:INFO:Declaring custom model
2024-08-31 09:16:52,424:INFO:Linear Discriminant Analysis Imported successfully
2024-08-31 09:16:52,424:INFO:Starting cross validation
2024-08-31 09:16:52,425:INFO:Cross validating with StratifiedKFold(n_splits=10, random_state=None, shuffle=False), n_jobs=-1
2024-08-31 09:16:52,485:INFO:Calculating mean and std
2024-08-31 09:16:52,485:INFO:Creating metrics dataframe
2024-08-31 09:16:52,487:INFO:Finalizing model
2024-08-31 09:16:52,492:INFO:Uploading results into container
2024-08-31 09:16:52,493:INFO:Uploading model into container now
2024-08-31 09:16:52,493:INFO:_master_model_container: 17
2024-08-31 09:16:52,493:INFO:_display_container: 5
2024-08-31 09:16:52,493:INFO:LinearDiscriminantAnalysis(covariance_estimator=None, n_components=None,
                           priors=None, shrinkage=None, solver='svd',
                           store_covariance=False, tol=0.0001)
2024-08-31 09:16:52,493:INFO:create_model() successfully completed......................................
2024-08-31 09:16:52,558:INFO:SubProcess create_model() end ==================================
2024-08-31 09:16:52,558:INFO:LinearDiscriminantAnalysis(covariance_estimator=None, n_components=None,
                           priors=None, shrinkage=None, solver='svd',
                           store_covariance=False, tol=0.0001) result for Accuracy is 0.769
2024-08-31 09:16:52,559:INFO:LinearDiscriminantAnalysis(covariance_estimator=None, n_components=None,
                           priors=None, shrinkage='auto', solver='lsqr',
                           store_covariance=False, tol=0.0001) result for Accuracy is 0.7709
2024-08-31 09:16:52,559:INFO:LinearDiscriminantAnalysis(covariance_estimator=None, n_components=None,
                           priors=None, shrinkage='auto', solver='lsqr',
                           store_covariance=False, tol=0.0001) is best model
2024-08-31 09:16:52,559:INFO:choose_better completed
2024-08-31 09:16:52,568:INFO:_master_model_container: 17
2024-08-31 09:16:52,568:INFO:_display_container: 4
2024-08-31 09:16:52,569:INFO:LinearDiscriminantAnalysis(covariance_estimator=None, n_components=None,
                           priors=None, shrinkage='auto', solver='lsqr',
                           store_covariance=False, tol=0.0001)
2024-08-31 09:16:52,569:INFO:tune_model() successfully completed......................................
2024-08-31 09:16:52,647:INFO:Initializing plot_model()
2024-08-31 09:16:52,647:INFO:plot_model(self=<pycaret.classification.oop.ClassificationExperiment object at 0x000001CE564511D0>, estimator=LinearDiscriminantAnalysis(covariance_estimator=None, n_components=None,
                           priors=None, shrinkage='auto', solver='lsqr',
                           store_covariance=False, tol=0.0001), plot=confusion_matrix, scale=1, save=False, fold=None, fit_kwargs=None, plot_kwargs=None, groups=None, feature_name=None, label=False, verbose=True, system=True, display=None, display_format=None)
2024-08-31 09:16:52,647:INFO:Checking exceptions
2024-08-31 09:16:52,648:INFO:Preloading libraries
2024-08-31 09:16:52,648:INFO:Copying training dataset
2024-08-31 09:16:52,648:INFO:Plot type: confusion_matrix
2024-08-31 09:16:53,071:INFO:Fitting Model
2024-08-31 09:16:53,071:INFO:Scoring test/hold-out set
2024-08-31 09:18:56,336:WARNING:
'cuml' is a soft dependency and not included in the pycaret installation. Please run: `pip install cuml` to install.
2024-08-31 09:18:56,336:WARNING:
'cuml' is a soft dependency and not included in the pycaret installation. Please run: `pip install cuml` to install.
2024-08-31 09:18:56,336:WARNING:
'cuml' is a soft dependency and not included in the pycaret installation. Please run: `pip install cuml` to install.
2024-08-31 09:18:56,336:WARNING:
'cuml' is a soft dependency and not included in the pycaret installation. Please run: `pip install cuml` to install.
2024-08-31 09:18:58,162:INFO:PyCaret ClassificationExperiment
2024-08-31 09:18:58,162:INFO:Logging name: clf-default-name
2024-08-31 09:18:58,162:INFO:ML Usecase: MLUsecase.CLASSIFICATION
2024-08-31 09:18:58,162:INFO:version 3.3.2
2024-08-31 09:18:58,162:INFO:Initializing setup()
2024-08-31 09:18:58,162:INFO:self.USI: c679
2024-08-31 09:18:58,162:INFO:self._variable_keys: {'idx', 'memory', 'exp_name_log', 'log_plots_param', 'y_test', 'fold_shuffle_param', 'gpu_param', '_available_plots', 'X', 'exp_id', 'html_param', 'logging_param', 'X_test', 'is_multiclass', 'fix_imbalance', 'target_param', 'X_train', 'data', 'USI', 'seed', 'fold_generator', 'gpu_n_jobs_param', 'pipeline', '_ml_usecase', 'y_train', 'fold_groups_param', 'n_jobs_param', 'y'}
2024-08-31 09:18:58,162:INFO:Checking environment
2024-08-31 09:18:58,162:INFO:python_version: 3.11.4
2024-08-31 09:18:58,162:INFO:python_build: ('tags/v3.11.4:d2340ef', 'Jun  7 2023 05:45:37')
2024-08-31 09:18:58,163:INFO:machine: AMD64
2024-08-31 09:18:58,202:INFO:platform: Windows-10-10.0.22631-SP0
2024-08-31 09:18:58,207:INFO:Memory: svmem(total=16520773632, available=8247103488, percent=50.1, used=8273670144, free=8247103488)
2024-08-31 09:18:58,207:INFO:Physical Core: 8
2024-08-31 09:18:58,207:INFO:Logical Core: 16
2024-08-31 09:18:58,208:INFO:Checking libraries
2024-08-31 09:18:58,208:INFO:System:
2024-08-31 09:18:58,208:INFO:    python: 3.11.4 (tags/v3.11.4:d2340ef, Jun  7 2023, 05:45:37) [MSC v.1934 64 bit (AMD64)]
2024-08-31 09:18:58,208:INFO:executable: C:\Users\surya\OneDrive\Desktop\Data Science Project\Diabetes analysis\.venv\Scripts\python.exe
2024-08-31 09:18:58,208:INFO:   machine: Windows-10-10.0.22631-SP0
2024-08-31 09:18:58,208:INFO:PyCaret required dependencies:
2024-08-31 09:18:58,230:INFO:                 pip: 23.1.2
2024-08-31 09:18:58,230:INFO:          setuptools: 65.5.0
2024-08-31 09:18:58,230:INFO:             pycaret: 3.3.2
2024-08-31 09:18:58,230:INFO:             IPython: 8.27.0
2024-08-31 09:18:58,230:INFO:          ipywidgets: 8.1.5
2024-08-31 09:18:58,230:INFO:                tqdm: 4.66.5
2024-08-31 09:18:58,230:INFO:               numpy: 1.26.4
2024-08-31 09:18:58,230:INFO:              pandas: 2.1.4
2024-08-31 09:18:58,230:INFO:              jinja2: 3.1.4
2024-08-31 09:18:58,230:INFO:               scipy: 1.11.4
2024-08-31 09:18:58,230:INFO:              joblib: 1.3.2
2024-08-31 09:18:58,230:INFO:             sklearn: 1.4.2
2024-08-31 09:18:58,230:INFO:                pyod: 2.0.1
2024-08-31 09:18:58,230:INFO:            imblearn: 0.12.3
2024-08-31 09:18:58,230:INFO:   category_encoders: 2.6.3
2024-08-31 09:18:58,230:INFO:            lightgbm: 4.5.0
2024-08-31 09:18:58,231:INFO:               numba: 0.60.0
2024-08-31 09:18:58,231:INFO:            requests: 2.32.3
2024-08-31 09:18:58,231:INFO:          matplotlib: 3.7.5
2024-08-31 09:18:58,231:INFO:          scikitplot: 0.3.7
2024-08-31 09:18:58,231:INFO:         yellowbrick: 1.5
2024-08-31 09:18:58,231:INFO:              plotly: 5.24.0
2024-08-31 09:18:58,231:INFO:    plotly-resampler: Not installed
2024-08-31 09:18:58,231:INFO:             kaleido: 0.2.1
2024-08-31 09:18:58,231:INFO:           schemdraw: 0.15
2024-08-31 09:18:58,231:INFO:         statsmodels: 0.14.2
2024-08-31 09:18:58,231:INFO:              sktime: 0.26.0
2024-08-31 09:18:58,231:INFO:               tbats: 1.1.3
2024-08-31 09:18:58,231:INFO:            pmdarima: 2.0.4
2024-08-31 09:18:58,231:INFO:              psutil: 6.0.0
2024-08-31 09:18:58,231:INFO:          markupsafe: 2.1.5
2024-08-31 09:18:58,231:INFO:             pickle5: Not installed
2024-08-31 09:18:58,231:INFO:         cloudpickle: 3.0.0
2024-08-31 09:18:58,231:INFO:         deprecation: 2.1.0
2024-08-31 09:18:58,231:INFO:              xxhash: 3.5.0
2024-08-31 09:18:58,231:INFO:           wurlitzer: Not installed
2024-08-31 09:18:58,231:INFO:PyCaret optional dependencies:
2024-08-31 09:18:58,245:INFO:                shap: Not installed
2024-08-31 09:18:58,245:INFO:           interpret: Not installed
2024-08-31 09:18:58,245:INFO:                umap: Not installed
2024-08-31 09:18:58,245:INFO:     ydata_profiling: Not installed
2024-08-31 09:18:58,245:INFO:  explainerdashboard: Not installed
2024-08-31 09:18:58,245:INFO:             autoviz: Not installed
2024-08-31 09:18:58,245:INFO:           fairlearn: Not installed
2024-08-31 09:18:58,245:INFO:          deepchecks: Not installed
2024-08-31 09:18:58,245:INFO:             xgboost: Not installed
2024-08-31 09:18:58,245:INFO:            catboost: Not installed
2024-08-31 09:18:58,245:INFO:              kmodes: Not installed
2024-08-31 09:18:58,245:INFO:             mlxtend: Not installed
2024-08-31 09:18:58,245:INFO:       statsforecast: Not installed
2024-08-31 09:18:58,245:INFO:        tune_sklearn: Not installed
2024-08-31 09:18:58,245:INFO:                 ray: Not installed
2024-08-31 09:18:58,245:INFO:            hyperopt: Not installed
2024-08-31 09:18:58,245:INFO:              optuna: Not installed
2024-08-31 09:18:58,245:INFO:               skopt: Not installed
2024-08-31 09:18:58,245:INFO:              mlflow: Not installed
2024-08-31 09:18:58,245:INFO:              gradio: Not installed
2024-08-31 09:18:58,246:INFO:             fastapi: Not installed
2024-08-31 09:18:58,246:INFO:             uvicorn: Not installed
2024-08-31 09:18:58,246:INFO:              m2cgen: Not installed
2024-08-31 09:18:58,246:INFO:           evidently: Not installed
2024-08-31 09:18:58,246:INFO:               fugue: Not installed
2024-08-31 09:18:58,246:INFO:           streamlit: Not installed
2024-08-31 09:18:58,246:INFO:             prophet: Not installed
2024-08-31 09:18:58,246:INFO:None
2024-08-31 09:18:58,246:INFO:Set up data.
2024-08-31 09:18:58,250:INFO:Set up folding strategy.
2024-08-31 09:18:58,250:INFO:Set up train/test split.
2024-08-31 09:18:58,255:INFO:Set up index.
2024-08-31 09:18:58,255:INFO:Assigning column types.
2024-08-31 09:18:58,258:INFO:Engine successfully changes for model 'lr' to 'sklearn'.
2024-08-31 09:18:58,309:INFO:Engine for model 'knn' has not been set explicitly, hence returning None.
2024-08-31 09:18:58,312:INFO:Engine for model 'rbfsvm' has not been set explicitly, hence returning None.
2024-08-31 09:18:58,348:WARNING:
'xgboost' is a soft dependency and not included in the pycaret installation. Please run: `pip install xgboost` to install.
Alternately, you can install this by running `pip install pycaret[models]`
2024-08-31 09:18:58,349:WARNING:
'catboost' is a soft dependency and not included in the pycaret installation. Please run: `pip install catboost` to install.
Alternately, you can install this by running `pip install pycaret[models]`
2024-08-31 09:18:58,400:INFO:Engine for model 'knn' has not been set explicitly, hence returning None.
2024-08-31 09:18:58,401:INFO:Engine for model 'rbfsvm' has not been set explicitly, hence returning None.
2024-08-31 09:18:58,434:WARNING:
'xgboost' is a soft dependency and not included in the pycaret installation. Please run: `pip install xgboost` to install.
Alternately, you can install this by running `pip install pycaret[models]`
2024-08-31 09:18:58,434:WARNING:
'catboost' is a soft dependency and not included in the pycaret installation. Please run: `pip install catboost` to install.
Alternately, you can install this by running `pip install pycaret[models]`
2024-08-31 09:18:58,434:INFO:Engine successfully changes for model 'knn' to 'sklearn'.
2024-08-31 09:18:58,485:INFO:Engine for model 'rbfsvm' has not been set explicitly, hence returning None.
2024-08-31 09:18:58,517:WARNING:
'xgboost' is a soft dependency and not included in the pycaret installation. Please run: `pip install xgboost` to install.
Alternately, you can install this by running `pip install pycaret[models]`
2024-08-31 09:18:58,517:WARNING:
'catboost' is a soft dependency and not included in the pycaret installation. Please run: `pip install catboost` to install.
Alternately, you can install this by running `pip install pycaret[models]`
2024-08-31 09:18:58,569:INFO:Engine for model 'rbfsvm' has not been set explicitly, hence returning None.
2024-08-31 09:18:58,601:WARNING:
'xgboost' is a soft dependency and not included in the pycaret installation. Please run: `pip install xgboost` to install.
Alternately, you can install this by running `pip install pycaret[models]`
2024-08-31 09:18:58,602:WARNING:
'catboost' is a soft dependency and not included in the pycaret installation. Please run: `pip install catboost` to install.
Alternately, you can install this by running `pip install pycaret[models]`
2024-08-31 09:18:58,602:INFO:Engine successfully changes for model 'rbfsvm' to 'sklearn'.
2024-08-31 09:18:58,684:WARNING:
'xgboost' is a soft dependency and not included in the pycaret installation. Please run: `pip install xgboost` to install.
Alternately, you can install this by running `pip install pycaret[models]`
2024-08-31 09:18:58,685:WARNING:
'catboost' is a soft dependency and not included in the pycaret installation. Please run: `pip install catboost` to install.
Alternately, you can install this by running `pip install pycaret[models]`
2024-08-31 09:18:58,769:WARNING:
'xgboost' is a soft dependency and not included in the pycaret installation. Please run: `pip install xgboost` to install.
Alternately, you can install this by running `pip install pycaret[models]`
2024-08-31 09:18:58,769:WARNING:
'catboost' is a soft dependency and not included in the pycaret installation. Please run: `pip install catboost` to install.
Alternately, you can install this by running `pip install pycaret[models]`
2024-08-31 09:18:58,770:INFO:Preparing preprocessing pipeline...
2024-08-31 09:18:58,771:INFO:Set up simple imputation.
2024-08-31 09:18:58,772:INFO:Set up column name cleaning.
2024-08-31 09:18:58,792:INFO:Finished creating preprocessing pipeline.
2024-08-31 09:18:58,797:INFO:Pipeline: Pipeline(memory=FastMemory(location=C:\Users\surya\AppData\Local\Temp\joblib),
         steps=[('numerical_imputer',
                 TransformerWrapper(exclude=None,
                                    include=['Number of times pregnant',
                                             'Plasma glucose concentration a 2 '
                                             'hours in an oral glucose '
                                             'tolerance test',
                                             'Diastolic blood pressure (mm Hg)',
                                             'Triceps skin fold thickness (mm)',
                                             '2-Hour serum insulin (mu U/ml)',
                                             'Body mass index (weigh...
                ('categorical_imputer',
                 TransformerWrapper(exclude=None, include=[],
                                    transformer=SimpleImputer(add_indicator=False,
                                                              copy=True,
                                                              fill_value=None,
                                                              keep_empty_features=False,
                                                              missing_values=nan,
                                                              strategy='most_frequent'))),
                ('clean_column_names',
                 TransformerWrapper(exclude=None, include=None,
                                    transformer=CleanColumnNames(match='[\\]\\[\\,\\{\\}\\"\\:]+')))],
         verbose=False)
2024-08-31 09:18:58,797:INFO:Creating final display dataframe.
2024-08-31 09:18:58,859:INFO:Setup _display_container:                     Description             Value
0                    Session id              4179
1                        Target    Class variable
2                   Target type            Binary
3           Original data shape          (768, 9)
4        Transformed data shape          (768, 9)
5   Transformed train set shape          (537, 9)
6    Transformed test set shape          (231, 9)
7              Numeric features                 8
8                    Preprocess              True
9               Imputation type            simple
10           Numeric imputation              mean
11       Categorical imputation              mode
12               Fold Generator   StratifiedKFold
13                  Fold Number                10
14                     CPU Jobs                -1
15                      Use GPU             False
16               Log Experiment             False
17              Experiment Name  clf-default-name
18                          USI              c679
2024-08-31 09:18:58,946:WARNING:
'xgboost' is a soft dependency and not included in the pycaret installation. Please run: `pip install xgboost` to install.
Alternately, you can install this by running `pip install pycaret[models]`
2024-08-31 09:18:58,946:WARNING:
'catboost' is a soft dependency and not included in the pycaret installation. Please run: `pip install catboost` to install.
Alternately, you can install this by running `pip install pycaret[models]`
2024-08-31 09:18:59,029:WARNING:
'xgboost' is a soft dependency and not included in the pycaret installation. Please run: `pip install xgboost` to install.
Alternately, you can install this by running `pip install pycaret[models]`
2024-08-31 09:18:59,030:WARNING:
'catboost' is a soft dependency and not included in the pycaret installation. Please run: `pip install catboost` to install.
Alternately, you can install this by running `pip install pycaret[models]`
2024-08-31 09:18:59,031:INFO:setup() successfully completed in 0.87s...............
2024-08-31 09:18:59,031:INFO:Initializing compare_models()
2024-08-31 09:18:59,031:INFO:compare_models(self=<pycaret.classification.oop.ClassificationExperiment object at 0x000001D3501685D0>, include=None, exclude=None, fold=None, round=4, cross_validation=True, sort=Accuracy, n_select=1, budget_time=None, turbo=True, errors=ignore, fit_kwargs=None, groups=None, experiment_custom_tags=None, probability_threshold=None, verbose=True, parallel=None, caller_params={'self': <pycaret.classification.oop.ClassificationExperiment object at 0x000001D3501685D0>, 'include': None, 'exclude': None, 'fold': None, 'round': 4, 'cross_validation': True, 'sort': 'Accuracy', 'n_select': 1, 'budget_time': None, 'turbo': True, 'errors': 'ignore', 'fit_kwargs': None, 'groups': None, 'experiment_custom_tags': None, 'probability_threshold': None, 'engine': None, 'verbose': True, 'parallel': None, '__class__': <class 'pycaret.classification.oop.ClassificationExperiment'>})
2024-08-31 09:18:59,031:INFO:Checking exceptions
2024-08-31 09:18:59,033:INFO:Preparing display monitor
2024-08-31 09:18:59,036:INFO:Initializing Logistic Regression
2024-08-31 09:18:59,036:INFO:Total runtime is 0.0 minutes
2024-08-31 09:18:59,036:INFO:SubProcess create_model() called ==================================
2024-08-31 09:18:59,036:INFO:Initializing create_model()
2024-08-31 09:18:59,036:INFO:create_model(self=<pycaret.classification.oop.ClassificationExperiment object at 0x000001D3501685D0>, estimator=lr, fold=StratifiedKFold(n_splits=10, random_state=None, shuffle=False), round=4, cross_validation=True, predict=True, fit_kwargs={}, groups=None, refit=False, probability_threshold=None, experiment_custom_tags=None, verbose=False, system=False, add_to_model_list=True, metrics=None, display=<pycaret.internal.display.display.CommonDisplay object at 0x000001D350A3FE90>, model_only=True, return_train_score=False, error_score=0.0, kwargs={})
2024-08-31 09:18:59,036:INFO:Checking exceptions
2024-08-31 09:18:59,036:INFO:Importing libraries
2024-08-31 09:18:59,036:INFO:Copying training dataset
2024-08-31 09:18:59,042:INFO:Defining folds
2024-08-31 09:18:59,042:INFO:Declaring metric variables
2024-08-31 09:18:59,042:INFO:Importing untrained model
2024-08-31 09:18:59,042:INFO:Logistic Regression Imported successfully
2024-08-31 09:18:59,042:INFO:Starting cross validation
2024-08-31 09:18:59,043:INFO:Cross validating with StratifiedKFold(n_splits=10, random_state=None, shuffle=False), n_jobs=-1
2024-08-31 09:19:02,852:INFO:Calculating mean and std
2024-08-31 09:19:02,853:INFO:Creating metrics dataframe
2024-08-31 09:19:02,855:INFO:Uploading results into container
2024-08-31 09:19:02,856:INFO:Uploading model into container now
2024-08-31 09:19:02,856:INFO:_master_model_container: 1
2024-08-31 09:19:02,856:INFO:_display_container: 2
2024-08-31 09:19:02,856:INFO:LogisticRegression(C=1.0, class_weight=None, dual=False, fit_intercept=True,
                   intercept_scaling=1, l1_ratio=None, max_iter=1000,
                   multi_class='auto', n_jobs=None, penalty='l2',
                   random_state=4179, solver='lbfgs', tol=0.0001, verbose=0,
                   warm_start=False)
2024-08-31 09:19:02,857:INFO:create_model() successfully completed......................................
2024-08-31 09:19:02,945:INFO:SubProcess create_model() end ==================================
2024-08-31 09:19:02,945:INFO:Creating metrics dataframe
2024-08-31 09:19:02,947:INFO:Initializing K Neighbors Classifier
2024-08-31 09:19:02,947:INFO:Total runtime is 0.0651761015256246 minutes
2024-08-31 09:19:02,947:INFO:SubProcess create_model() called ==================================
2024-08-31 09:19:02,947:INFO:Initializing create_model()
2024-08-31 09:19:02,947:INFO:create_model(self=<pycaret.classification.oop.ClassificationExperiment object at 0x000001D3501685D0>, estimator=knn, fold=StratifiedKFold(n_splits=10, random_state=None, shuffle=False), round=4, cross_validation=True, predict=True, fit_kwargs={}, groups=None, refit=False, probability_threshold=None, experiment_custom_tags=None, verbose=False, system=False, add_to_model_list=True, metrics=None, display=<pycaret.internal.display.display.CommonDisplay object at 0x000001D350A3FE90>, model_only=True, return_train_score=False, error_score=0.0, kwargs={})
2024-08-31 09:19:02,947:INFO:Checking exceptions
2024-08-31 09:19:02,947:INFO:Importing libraries
2024-08-31 09:19:02,947:INFO:Copying training dataset
2024-08-31 09:19:02,950:INFO:Defining folds
2024-08-31 09:19:02,950:INFO:Declaring metric variables
2024-08-31 09:19:02,950:INFO:Importing untrained model
2024-08-31 09:19:02,950:INFO:K Neighbors Classifier Imported successfully
2024-08-31 09:19:02,950:INFO:Starting cross validation
2024-08-31 09:19:02,951:INFO:Cross validating with StratifiedKFold(n_splits=10, random_state=None, shuffle=False), n_jobs=-1
2024-08-31 09:19:05,374:INFO:Calculating mean and std
2024-08-31 09:19:05,376:INFO:Creating metrics dataframe
2024-08-31 09:19:05,378:INFO:Uploading results into container
2024-08-31 09:19:05,379:INFO:Uploading model into container now
2024-08-31 09:19:05,379:INFO:_master_model_container: 2
2024-08-31 09:19:05,379:INFO:_display_container: 2
2024-08-31 09:19:05,379:INFO:KNeighborsClassifier(algorithm='auto', leaf_size=30, metric='minkowski',
                     metric_params=None, n_jobs=-1, n_neighbors=5, p=2,
                     weights='uniform')
2024-08-31 09:19:05,380:INFO:create_model() successfully completed......................................
2024-08-31 09:19:05,479:INFO:SubProcess create_model() end ==================================
2024-08-31 09:19:05,479:INFO:Creating metrics dataframe
2024-08-31 09:19:05,481:INFO:Initializing Naive Bayes
2024-08-31 09:19:05,481:INFO:Total runtime is 0.10741264820098878 minutes
2024-08-31 09:19:05,482:INFO:SubProcess create_model() called ==================================
2024-08-31 09:19:05,482:INFO:Initializing create_model()
2024-08-31 09:19:05,482:INFO:create_model(self=<pycaret.classification.oop.ClassificationExperiment object at 0x000001D3501685D0>, estimator=nb, fold=StratifiedKFold(n_splits=10, random_state=None, shuffle=False), round=4, cross_validation=True, predict=True, fit_kwargs={}, groups=None, refit=False, probability_threshold=None, experiment_custom_tags=None, verbose=False, system=False, add_to_model_list=True, metrics=None, display=<pycaret.internal.display.display.CommonDisplay object at 0x000001D350A3FE90>, model_only=True, return_train_score=False, error_score=0.0, kwargs={})
2024-08-31 09:19:05,482:INFO:Checking exceptions
2024-08-31 09:19:05,482:INFO:Importing libraries
2024-08-31 09:19:05,482:INFO:Copying training dataset
2024-08-31 09:19:05,485:INFO:Defining folds
2024-08-31 09:19:05,485:INFO:Declaring metric variables
2024-08-31 09:19:05,485:INFO:Importing untrained model
2024-08-31 09:19:05,486:INFO:Naive Bayes Imported successfully
2024-08-31 09:19:05,487:INFO:Starting cross validation
2024-08-31 09:19:05,488:INFO:Cross validating with StratifiedKFold(n_splits=10, random_state=None, shuffle=False), n_jobs=-1
2024-08-31 09:19:05,555:INFO:Calculating mean and std
2024-08-31 09:19:05,556:INFO:Creating metrics dataframe
2024-08-31 09:19:05,558:INFO:Uploading results into container
2024-08-31 09:19:05,558:INFO:Uploading model into container now
2024-08-31 09:19:05,559:INFO:_master_model_container: 3
2024-08-31 09:19:05,559:INFO:_display_container: 2
2024-08-31 09:19:05,559:INFO:GaussianNB(priors=None, var_smoothing=1e-09)
2024-08-31 09:19:05,559:INFO:create_model() successfully completed......................................
2024-08-31 09:19:05,624:INFO:SubProcess create_model() end ==================================
2024-08-31 09:19:05,625:INFO:Creating metrics dataframe
2024-08-31 09:19:05,626:INFO:Initializing Decision Tree Classifier
2024-08-31 09:19:05,626:INFO:Total runtime is 0.10982847611109417 minutes
2024-08-31 09:19:05,627:INFO:SubProcess create_model() called ==================================
2024-08-31 09:19:05,627:INFO:Initializing create_model()
2024-08-31 09:19:05,627:INFO:create_model(self=<pycaret.classification.oop.ClassificationExperiment object at 0x000001D3501685D0>, estimator=dt, fold=StratifiedKFold(n_splits=10, random_state=None, shuffle=False), round=4, cross_validation=True, predict=True, fit_kwargs={}, groups=None, refit=False, probability_threshold=None, experiment_custom_tags=None, verbose=False, system=False, add_to_model_list=True, metrics=None, display=<pycaret.internal.display.display.CommonDisplay object at 0x000001D350A3FE90>, model_only=True, return_train_score=False, error_score=0.0, kwargs={})
2024-08-31 09:19:05,627:INFO:Checking exceptions
2024-08-31 09:19:05,627:INFO:Importing libraries
2024-08-31 09:19:05,627:INFO:Copying training dataset
2024-08-31 09:19:05,630:INFO:Defining folds
2024-08-31 09:19:05,630:INFO:Declaring metric variables
2024-08-31 09:19:05,630:INFO:Importing untrained model
2024-08-31 09:19:05,630:INFO:Decision Tree Classifier Imported successfully
2024-08-31 09:19:05,630:INFO:Starting cross validation
2024-08-31 09:19:05,631:INFO:Cross validating with StratifiedKFold(n_splits=10, random_state=None, shuffle=False), n_jobs=-1
2024-08-31 09:19:05,699:INFO:Calculating mean and std
2024-08-31 09:19:05,699:INFO:Creating metrics dataframe
2024-08-31 09:19:05,701:INFO:Uploading results into container
2024-08-31 09:19:05,701:INFO:Uploading model into container now
2024-08-31 09:19:05,702:INFO:_master_model_container: 4
2024-08-31 09:19:05,702:INFO:_display_container: 2
2024-08-31 09:19:05,702:INFO:DecisionTreeClassifier(ccp_alpha=0.0, class_weight=None, criterion='gini',
                       max_depth=None, max_features=None, max_leaf_nodes=None,
                       min_impurity_decrease=0.0, min_samples_leaf=1,
                       min_samples_split=2, min_weight_fraction_leaf=0.0,
                       monotonic_cst=None, random_state=4179, splitter='best')
2024-08-31 09:19:05,702:INFO:create_model() successfully completed......................................
2024-08-31 09:19:05,768:INFO:SubProcess create_model() end ==================================
2024-08-31 09:19:05,768:INFO:Creating metrics dataframe
2024-08-31 09:19:05,770:INFO:Initializing SVM - Linear Kernel
2024-08-31 09:19:05,770:INFO:Total runtime is 0.11223984956741334 minutes
2024-08-31 09:19:05,770:INFO:SubProcess create_model() called ==================================
2024-08-31 09:19:05,770:INFO:Initializing create_model()
2024-08-31 09:19:05,770:INFO:create_model(self=<pycaret.classification.oop.ClassificationExperiment object at 0x000001D3501685D0>, estimator=svm, fold=StratifiedKFold(n_splits=10, random_state=None, shuffle=False), round=4, cross_validation=True, predict=True, fit_kwargs={}, groups=None, refit=False, probability_threshold=None, experiment_custom_tags=None, verbose=False, system=False, add_to_model_list=True, metrics=None, display=<pycaret.internal.display.display.CommonDisplay object at 0x000001D350A3FE90>, model_only=True, return_train_score=False, error_score=0.0, kwargs={})
2024-08-31 09:19:05,770:INFO:Checking exceptions
2024-08-31 09:19:05,770:INFO:Importing libraries
2024-08-31 09:19:05,770:INFO:Copying training dataset
2024-08-31 09:19:05,773:INFO:Defining folds
2024-08-31 09:19:05,773:INFO:Declaring metric variables
2024-08-31 09:19:05,774:INFO:Importing untrained model
2024-08-31 09:19:05,774:INFO:SVM - Linear Kernel Imported successfully
2024-08-31 09:19:05,774:INFO:Starting cross validation
2024-08-31 09:19:05,775:INFO:Cross validating with StratifiedKFold(n_splits=10, random_state=None, shuffle=False), n_jobs=-1
2024-08-31 09:19:05,817:WARNING:C:\Users\surya\OneDrive\Desktop\Data Science Project\Diabetes analysis\.venv\Lib\site-packages\sklearn\metrics\_classification.py:1509: UndefinedMetricWarning: Precision is ill-defined and being set to 0.0 due to no predicted samples. Use `zero_division` parameter to control this behavior.
  _warn_prf(average, modifier, f"{metric.capitalize()} is", len(result))

2024-08-31 09:19:05,844:INFO:Calculating mean and std
2024-08-31 09:19:05,845:INFO:Creating metrics dataframe
2024-08-31 09:19:05,846:INFO:Uploading results into container
2024-08-31 09:19:05,846:INFO:Uploading model into container now
2024-08-31 09:19:05,848:INFO:_master_model_container: 5
2024-08-31 09:19:05,848:INFO:_display_container: 2
2024-08-31 09:19:05,848:INFO:SGDClassifier(alpha=0.0001, average=False, class_weight=None,
              early_stopping=False, epsilon=0.1, eta0=0.001, fit_intercept=True,
              l1_ratio=0.15, learning_rate='optimal', loss='hinge',
              max_iter=1000, n_iter_no_change=5, n_jobs=-1, penalty='l2',
              power_t=0.5, random_state=4179, shuffle=True, tol=0.001,
              validation_fraction=0.1, verbose=0, warm_start=False)
2024-08-31 09:19:05,848:INFO:create_model() successfully completed......................................
2024-08-31 09:19:05,913:INFO:SubProcess create_model() end ==================================
2024-08-31 09:19:05,913:INFO:Creating metrics dataframe
2024-08-31 09:19:05,915:INFO:Initializing Ridge Classifier
2024-08-31 09:19:05,915:INFO:Total runtime is 0.11464601357777915 minutes
2024-08-31 09:19:05,915:INFO:SubProcess create_model() called ==================================
2024-08-31 09:19:05,915:INFO:Initializing create_model()
2024-08-31 09:19:05,915:INFO:create_model(self=<pycaret.classification.oop.ClassificationExperiment object at 0x000001D3501685D0>, estimator=ridge, fold=StratifiedKFold(n_splits=10, random_state=None, shuffle=False), round=4, cross_validation=True, predict=True, fit_kwargs={}, groups=None, refit=False, probability_threshold=None, experiment_custom_tags=None, verbose=False, system=False, add_to_model_list=True, metrics=None, display=<pycaret.internal.display.display.CommonDisplay object at 0x000001D350A3FE90>, model_only=True, return_train_score=False, error_score=0.0, kwargs={})
2024-08-31 09:19:05,915:INFO:Checking exceptions
2024-08-31 09:19:05,915:INFO:Importing libraries
2024-08-31 09:19:05,915:INFO:Copying training dataset
2024-08-31 09:19:05,918:INFO:Defining folds
2024-08-31 09:19:05,918:INFO:Declaring metric variables
2024-08-31 09:19:05,918:INFO:Importing untrained model
2024-08-31 09:19:05,919:INFO:Ridge Classifier Imported successfully
2024-08-31 09:19:05,919:INFO:Starting cross validation
2024-08-31 09:19:05,919:INFO:Cross validating with StratifiedKFold(n_splits=10, random_state=None, shuffle=False), n_jobs=-1
2024-08-31 09:19:05,977:INFO:Calculating mean and std
2024-08-31 09:19:05,978:INFO:Creating metrics dataframe
2024-08-31 09:19:05,980:INFO:Uploading results into container
2024-08-31 09:19:05,980:INFO:Uploading model into container now
2024-08-31 09:19:05,981:INFO:_master_model_container: 6
2024-08-31 09:19:05,981:INFO:_display_container: 2
2024-08-31 09:19:05,981:INFO:RidgeClassifier(alpha=1.0, class_weight=None, copy_X=True, fit_intercept=True,
                max_iter=None, positive=False, random_state=4179, solver='auto',
                tol=0.0001)
2024-08-31 09:19:05,981:INFO:create_model() successfully completed......................................
2024-08-31 09:19:06,046:INFO:SubProcess create_model() end ==================================
2024-08-31 09:19:06,046:INFO:Creating metrics dataframe
2024-08-31 09:19:06,048:INFO:Initializing Random Forest Classifier
2024-08-31 09:19:06,048:INFO:Total runtime is 0.11686174869537355 minutes
2024-08-31 09:19:06,048:INFO:SubProcess create_model() called ==================================
2024-08-31 09:19:06,048:INFO:Initializing create_model()
2024-08-31 09:19:06,048:INFO:create_model(self=<pycaret.classification.oop.ClassificationExperiment object at 0x000001D3501685D0>, estimator=rf, fold=StratifiedKFold(n_splits=10, random_state=None, shuffle=False), round=4, cross_validation=True, predict=True, fit_kwargs={}, groups=None, refit=False, probability_threshold=None, experiment_custom_tags=None, verbose=False, system=False, add_to_model_list=True, metrics=None, display=<pycaret.internal.display.display.CommonDisplay object at 0x000001D350A3FE90>, model_only=True, return_train_score=False, error_score=0.0, kwargs={})
2024-08-31 09:19:06,048:INFO:Checking exceptions
2024-08-31 09:19:06,049:INFO:Importing libraries
2024-08-31 09:19:06,049:INFO:Copying training dataset
2024-08-31 09:19:06,051:INFO:Defining folds
2024-08-31 09:19:06,051:INFO:Declaring metric variables
2024-08-31 09:19:06,051:INFO:Importing untrained model
2024-08-31 09:19:06,052:INFO:Random Forest Classifier Imported successfully
2024-08-31 09:19:06,052:INFO:Starting cross validation
2024-08-31 09:19:06,052:INFO:Cross validating with StratifiedKFold(n_splits=10, random_state=None, shuffle=False), n_jobs=-1
2024-08-31 09:19:06,472:INFO:Calculating mean and std
2024-08-31 09:19:06,473:INFO:Creating metrics dataframe
2024-08-31 09:19:06,475:INFO:Uploading results into container
2024-08-31 09:19:06,475:INFO:Uploading model into container now
2024-08-31 09:19:06,475:INFO:_master_model_container: 7
2024-08-31 09:19:06,475:INFO:_display_container: 2
2024-08-31 09:19:06,476:INFO:RandomForestClassifier(bootstrap=True, ccp_alpha=0.0, class_weight=None,
                       criterion='gini', max_depth=None, max_features='sqrt',
                       max_leaf_nodes=None, max_samples=None,
                       min_impurity_decrease=0.0, min_samples_leaf=1,
                       min_samples_split=2, min_weight_fraction_leaf=0.0,
                       monotonic_cst=None, n_estimators=100, n_jobs=-1,
                       oob_score=False, random_state=4179, verbose=0,
                       warm_start=False)
2024-08-31 09:19:06,476:INFO:create_model() successfully completed......................................
2024-08-31 09:19:06,541:INFO:SubProcess create_model() end ==================================
2024-08-31 09:19:06,541:INFO:Creating metrics dataframe
2024-08-31 09:19:06,542:INFO:Initializing Quadratic Discriminant Analysis
2024-08-31 09:19:06,542:INFO:Total runtime is 0.1251065770785014 minutes
2024-08-31 09:19:06,543:INFO:SubProcess create_model() called ==================================
2024-08-31 09:19:06,543:INFO:Initializing create_model()
2024-08-31 09:19:06,543:INFO:create_model(self=<pycaret.classification.oop.ClassificationExperiment object at 0x000001D3501685D0>, estimator=qda, fold=StratifiedKFold(n_splits=10, random_state=None, shuffle=False), round=4, cross_validation=True, predict=True, fit_kwargs={}, groups=None, refit=False, probability_threshold=None, experiment_custom_tags=None, verbose=False, system=False, add_to_model_list=True, metrics=None, display=<pycaret.internal.display.display.CommonDisplay object at 0x000001D350A3FE90>, model_only=True, return_train_score=False, error_score=0.0, kwargs={})
2024-08-31 09:19:06,543:INFO:Checking exceptions
2024-08-31 09:19:06,543:INFO:Importing libraries
2024-08-31 09:19:06,543:INFO:Copying training dataset
2024-08-31 09:19:06,545:INFO:Defining folds
2024-08-31 09:19:06,545:INFO:Declaring metric variables
2024-08-31 09:19:06,545:INFO:Importing untrained model
2024-08-31 09:19:06,545:INFO:Quadratic Discriminant Analysis Imported successfully
2024-08-31 09:19:06,546:INFO:Starting cross validation
2024-08-31 09:19:06,546:INFO:Cross validating with StratifiedKFold(n_splits=10, random_state=None, shuffle=False), n_jobs=-1
2024-08-31 09:19:06,605:INFO:Calculating mean and std
2024-08-31 09:19:06,606:INFO:Creating metrics dataframe
2024-08-31 09:19:06,607:INFO:Uploading results into container
2024-08-31 09:19:06,607:INFO:Uploading model into container now
2024-08-31 09:19:06,607:INFO:_master_model_container: 8
2024-08-31 09:19:06,607:INFO:_display_container: 2
2024-08-31 09:19:06,608:INFO:QuadraticDiscriminantAnalysis(priors=None, reg_param=0.0,
                              store_covariance=False, tol=0.0001)
2024-08-31 09:19:06,608:INFO:create_model() successfully completed......................................
2024-08-31 09:19:06,672:INFO:SubProcess create_model() end ==================================
2024-08-31 09:19:06,672:INFO:Creating metrics dataframe
2024-08-31 09:19:06,674:INFO:Initializing Ada Boost Classifier
2024-08-31 09:19:06,674:INFO:Total runtime is 0.12729385296503704 minutes
2024-08-31 09:19:06,674:INFO:SubProcess create_model() called ==================================
2024-08-31 09:19:06,674:INFO:Initializing create_model()
2024-08-31 09:19:06,674:INFO:create_model(self=<pycaret.classification.oop.ClassificationExperiment object at 0x000001D3501685D0>, estimator=ada, fold=StratifiedKFold(n_splits=10, random_state=None, shuffle=False), round=4, cross_validation=True, predict=True, fit_kwargs={}, groups=None, refit=False, probability_threshold=None, experiment_custom_tags=None, verbose=False, system=False, add_to_model_list=True, metrics=None, display=<pycaret.internal.display.display.CommonDisplay object at 0x000001D350A3FE90>, model_only=True, return_train_score=False, error_score=0.0, kwargs={})
2024-08-31 09:19:06,674:INFO:Checking exceptions
2024-08-31 09:19:06,674:INFO:Importing libraries
2024-08-31 09:19:06,674:INFO:Copying training dataset
2024-08-31 09:19:06,677:INFO:Defining folds
2024-08-31 09:19:06,677:INFO:Declaring metric variables
2024-08-31 09:19:06,677:INFO:Importing untrained model
2024-08-31 09:19:06,677:INFO:Ada Boost Classifier Imported successfully
2024-08-31 09:19:06,677:INFO:Starting cross validation
2024-08-31 09:19:06,678:INFO:Cross validating with StratifiedKFold(n_splits=10, random_state=None, shuffle=False), n_jobs=-1
2024-08-31 09:19:06,696:WARNING:C:\Users\surya\OneDrive\Desktop\Data Science Project\Diabetes analysis\.venv\Lib\site-packages\sklearn\ensemble\_weight_boosting.py:519: FutureWarning: The SAMME.R algorithm (the default) is deprecated and will be removed in 1.6. Use the SAMME algorithm to circumvent this warning.
  warnings.warn(

2024-08-31 09:19:06,696:WARNING:C:\Users\surya\OneDrive\Desktop\Data Science Project\Diabetes analysis\.venv\Lib\site-packages\sklearn\ensemble\_weight_boosting.py:519: FutureWarning: The SAMME.R algorithm (the default) is deprecated and will be removed in 1.6. Use the SAMME algorithm to circumvent this warning.
  warnings.warn(

2024-08-31 09:19:06,699:WARNING:C:\Users\surya\OneDrive\Desktop\Data Science Project\Diabetes analysis\.venv\Lib\site-packages\sklearn\ensemble\_weight_boosting.py:519: FutureWarning: The SAMME.R algorithm (the default) is deprecated and will be removed in 1.6. Use the SAMME algorithm to circumvent this warning.
  warnings.warn(

2024-08-31 09:19:06,701:WARNING:C:\Users\surya\OneDrive\Desktop\Data Science Project\Diabetes analysis\.venv\Lib\site-packages\sklearn\ensemble\_weight_boosting.py:519: FutureWarning: The SAMME.R algorithm (the default) is deprecated and will be removed in 1.6. Use the SAMME algorithm to circumvent this warning.
  warnings.warn(

2024-08-31 09:19:06,703:WARNING:C:\Users\surya\OneDrive\Desktop\Data Science Project\Diabetes analysis\.venv\Lib\site-packages\sklearn\ensemble\_weight_boosting.py:519: FutureWarning: The SAMME.R algorithm (the default) is deprecated and will be removed in 1.6. Use the SAMME algorithm to circumvent this warning.
  warnings.warn(

2024-08-31 09:19:06,703:WARNING:C:\Users\surya\OneDrive\Desktop\Data Science Project\Diabetes analysis\.venv\Lib\site-packages\sklearn\ensemble\_weight_boosting.py:519: FutureWarning: The SAMME.R algorithm (the default) is deprecated and will be removed in 1.6. Use the SAMME algorithm to circumvent this warning.
  warnings.warn(

2024-08-31 09:19:06,703:WARNING:C:\Users\surya\OneDrive\Desktop\Data Science Project\Diabetes analysis\.venv\Lib\site-packages\sklearn\ensemble\_weight_boosting.py:519: FutureWarning: The SAMME.R algorithm (the default) is deprecated and will be removed in 1.6. Use the SAMME algorithm to circumvent this warning.
  warnings.warn(

2024-08-31 09:19:06,706:WARNING:C:\Users\surya\OneDrive\Desktop\Data Science Project\Diabetes analysis\.venv\Lib\site-packages\sklearn\ensemble\_weight_boosting.py:519: FutureWarning: The SAMME.R algorithm (the default) is deprecated and will be removed in 1.6. Use the SAMME algorithm to circumvent this warning.
  warnings.warn(

2024-08-31 09:19:06,710:WARNING:C:\Users\surya\OneDrive\Desktop\Data Science Project\Diabetes analysis\.venv\Lib\site-packages\sklearn\ensemble\_weight_boosting.py:519: FutureWarning: The SAMME.R algorithm (the default) is deprecated and will be removed in 1.6. Use the SAMME algorithm to circumvent this warning.
  warnings.warn(

2024-08-31 09:19:06,710:WARNING:C:\Users\surya\OneDrive\Desktop\Data Science Project\Diabetes analysis\.venv\Lib\site-packages\sklearn\ensemble\_weight_boosting.py:519: FutureWarning: The SAMME.R algorithm (the default) is deprecated and will be removed in 1.6. Use the SAMME algorithm to circumvent this warning.
  warnings.warn(

2024-08-31 09:19:06,861:INFO:Calculating mean and std
2024-08-31 09:19:06,862:INFO:Creating metrics dataframe
2024-08-31 09:19:06,863:INFO:Uploading results into container
2024-08-31 09:19:06,863:INFO:Uploading model into container now
2024-08-31 09:19:06,864:INFO:_master_model_container: 9
2024-08-31 09:19:06,864:INFO:_display_container: 2
2024-08-31 09:19:06,864:INFO:AdaBoostClassifier(algorithm='SAMME.R', estimator=None, learning_rate=1.0,
                   n_estimators=50, random_state=4179)
2024-08-31 09:19:06,864:INFO:create_model() successfully completed......................................
2024-08-31 09:19:06,929:INFO:SubProcess create_model() end ==================================
2024-08-31 09:19:06,929:INFO:Creating metrics dataframe
2024-08-31 09:19:06,931:INFO:Initializing Gradient Boosting Classifier
2024-08-31 09:19:06,931:INFO:Total runtime is 0.13159120082855225 minutes
2024-08-31 09:19:06,931:INFO:SubProcess create_model() called ==================================
2024-08-31 09:19:06,931:INFO:Initializing create_model()
2024-08-31 09:19:06,932:INFO:create_model(self=<pycaret.classification.oop.ClassificationExperiment object at 0x000001D3501685D0>, estimator=gbc, fold=StratifiedKFold(n_splits=10, random_state=None, shuffle=False), round=4, cross_validation=True, predict=True, fit_kwargs={}, groups=None, refit=False, probability_threshold=None, experiment_custom_tags=None, verbose=False, system=False, add_to_model_list=True, metrics=None, display=<pycaret.internal.display.display.CommonDisplay object at 0x000001D350A3FE90>, model_only=True, return_train_score=False, error_score=0.0, kwargs={})
2024-08-31 09:19:06,932:INFO:Checking exceptions
2024-08-31 09:19:06,932:INFO:Importing libraries
2024-08-31 09:19:06,932:INFO:Copying training dataset
2024-08-31 09:19:06,934:INFO:Defining folds
2024-08-31 09:19:06,934:INFO:Declaring metric variables
2024-08-31 09:19:06,934:INFO:Importing untrained model
2024-08-31 09:19:06,934:INFO:Gradient Boosting Classifier Imported successfully
2024-08-31 09:19:06,934:INFO:Starting cross validation
2024-08-31 09:19:06,935:INFO:Cross validating with StratifiedKFold(n_splits=10, random_state=None, shuffle=False), n_jobs=-1
2024-08-31 09:19:07,193:INFO:Calculating mean and std
2024-08-31 09:19:07,194:INFO:Creating metrics dataframe
2024-08-31 09:19:07,196:INFO:Uploading results into container
2024-08-31 09:19:07,196:INFO:Uploading model into container now
2024-08-31 09:19:07,196:INFO:_master_model_container: 10
2024-08-31 09:19:07,196:INFO:_display_container: 2
2024-08-31 09:19:07,197:INFO:GradientBoostingClassifier(ccp_alpha=0.0, criterion='friedman_mse', init=None,
                           learning_rate=0.1, loss='log_loss', max_depth=3,
                           max_features=None, max_leaf_nodes=None,
                           min_impurity_decrease=0.0, min_samples_leaf=1,
                           min_samples_split=2, min_weight_fraction_leaf=0.0,
                           n_estimators=100, n_iter_no_change=None,
                           random_state=4179, subsample=1.0, tol=0.0001,
                           validation_fraction=0.1, verbose=0,
                           warm_start=False)
2024-08-31 09:19:07,197:INFO:create_model() successfully completed......................................
2024-08-31 09:19:07,262:INFO:SubProcess create_model() end ==================================
2024-08-31 09:19:07,262:INFO:Creating metrics dataframe
2024-08-31 09:19:07,264:INFO:Initializing Linear Discriminant Analysis
2024-08-31 09:19:07,264:INFO:Total runtime is 0.13712691863377888 minutes
2024-08-31 09:19:07,264:INFO:SubProcess create_model() called ==================================
2024-08-31 09:19:07,264:INFO:Initializing create_model()
2024-08-31 09:19:07,265:INFO:create_model(self=<pycaret.classification.oop.ClassificationExperiment object at 0x000001D3501685D0>, estimator=lda, fold=StratifiedKFold(n_splits=10, random_state=None, shuffle=False), round=4, cross_validation=True, predict=True, fit_kwargs={}, groups=None, refit=False, probability_threshold=None, experiment_custom_tags=None, verbose=False, system=False, add_to_model_list=True, metrics=None, display=<pycaret.internal.display.display.CommonDisplay object at 0x000001D350A3FE90>, model_only=True, return_train_score=False, error_score=0.0, kwargs={})
2024-08-31 09:19:07,265:INFO:Checking exceptions
2024-08-31 09:19:07,265:INFO:Importing libraries
2024-08-31 09:19:07,265:INFO:Copying training dataset
2024-08-31 09:19:07,267:INFO:Defining folds
2024-08-31 09:19:07,267:INFO:Declaring metric variables
2024-08-31 09:19:07,267:INFO:Importing untrained model
2024-08-31 09:19:07,267:INFO:Linear Discriminant Analysis Imported successfully
2024-08-31 09:19:07,267:INFO:Starting cross validation
2024-08-31 09:19:07,267:INFO:Cross validating with StratifiedKFold(n_splits=10, random_state=None, shuffle=False), n_jobs=-1
2024-08-31 09:19:07,326:INFO:Calculating mean and std
2024-08-31 09:19:07,327:INFO:Creating metrics dataframe
2024-08-31 09:19:07,329:INFO:Uploading results into container
2024-08-31 09:19:07,329:INFO:Uploading model into container now
2024-08-31 09:19:07,329:INFO:_master_model_container: 11
2024-08-31 09:19:07,329:INFO:_display_container: 2
2024-08-31 09:19:07,329:INFO:LinearDiscriminantAnalysis(covariance_estimator=None, n_components=None,
                           priors=None, shrinkage=None, solver='svd',
                           store_covariance=False, tol=0.0001)
2024-08-31 09:19:07,329:INFO:create_model() successfully completed......................................
2024-08-31 09:19:07,393:INFO:SubProcess create_model() end ==================================
2024-08-31 09:19:07,393:INFO:Creating metrics dataframe
2024-08-31 09:19:07,395:INFO:Initializing Extra Trees Classifier
2024-08-31 09:19:07,395:INFO:Total runtime is 0.13932074705759684 minutes
2024-08-31 09:19:07,395:INFO:SubProcess create_model() called ==================================
2024-08-31 09:19:07,395:INFO:Initializing create_model()
2024-08-31 09:19:07,396:INFO:create_model(self=<pycaret.classification.oop.ClassificationExperiment object at 0x000001D3501685D0>, estimator=et, fold=StratifiedKFold(n_splits=10, random_state=None, shuffle=False), round=4, cross_validation=True, predict=True, fit_kwargs={}, groups=None, refit=False, probability_threshold=None, experiment_custom_tags=None, verbose=False, system=False, add_to_model_list=True, metrics=None, display=<pycaret.internal.display.display.CommonDisplay object at 0x000001D350A3FE90>, model_only=True, return_train_score=False, error_score=0.0, kwargs={})
2024-08-31 09:19:07,396:INFO:Checking exceptions
2024-08-31 09:19:07,396:INFO:Importing libraries
2024-08-31 09:19:07,396:INFO:Copying training dataset
2024-08-31 09:19:07,399:INFO:Defining folds
2024-08-31 09:19:07,399:INFO:Declaring metric variables
2024-08-31 09:19:07,399:INFO:Importing untrained model
2024-08-31 09:19:07,399:INFO:Extra Trees Classifier Imported successfully
2024-08-31 09:19:07,400:INFO:Starting cross validation
2024-08-31 09:19:07,400:INFO:Cross validating with StratifiedKFold(n_splits=10, random_state=None, shuffle=False), n_jobs=-1
2024-08-31 09:19:07,739:INFO:Calculating mean and std
2024-08-31 09:19:07,741:INFO:Creating metrics dataframe
2024-08-31 09:19:07,743:INFO:Uploading results into container
2024-08-31 09:19:07,743:INFO:Uploading model into container now
2024-08-31 09:19:07,743:INFO:_master_model_container: 12
2024-08-31 09:19:07,743:INFO:_display_container: 2
2024-08-31 09:19:07,744:INFO:ExtraTreesClassifier(bootstrap=False, ccp_alpha=0.0, class_weight=None,
                     criterion='gini', max_depth=None, max_features='sqrt',
                     max_leaf_nodes=None, max_samples=None,
                     min_impurity_decrease=0.0, min_samples_leaf=1,
                     min_samples_split=2, min_weight_fraction_leaf=0.0,
                     monotonic_cst=None, n_estimators=100, n_jobs=-1,
                     oob_score=False, random_state=4179, verbose=0,
                     warm_start=False)
2024-08-31 09:19:07,744:INFO:create_model() successfully completed......................................
2024-08-31 09:19:07,809:INFO:SubProcess create_model() end ==================================
2024-08-31 09:19:07,809:INFO:Creating metrics dataframe
2024-08-31 09:19:07,810:INFO:Initializing Light Gradient Boosting Machine
2024-08-31 09:19:07,811:INFO:Total runtime is 0.14624609549840292 minutes
2024-08-31 09:19:07,811:INFO:SubProcess create_model() called ==================================
2024-08-31 09:19:07,811:INFO:Initializing create_model()
2024-08-31 09:19:07,811:INFO:create_model(self=<pycaret.classification.oop.ClassificationExperiment object at 0x000001D3501685D0>, estimator=lightgbm, fold=StratifiedKFold(n_splits=10, random_state=None, shuffle=False), round=4, cross_validation=True, predict=True, fit_kwargs={}, groups=None, refit=False, probability_threshold=None, experiment_custom_tags=None, verbose=False, system=False, add_to_model_list=True, metrics=None, display=<pycaret.internal.display.display.CommonDisplay object at 0x000001D350A3FE90>, model_only=True, return_train_score=False, error_score=0.0, kwargs={})
2024-08-31 09:19:07,811:INFO:Checking exceptions
2024-08-31 09:19:07,811:INFO:Importing libraries
2024-08-31 09:19:07,811:INFO:Copying training dataset
2024-08-31 09:19:07,813:INFO:Defining folds
2024-08-31 09:19:07,813:INFO:Declaring metric variables
2024-08-31 09:19:07,813:INFO:Importing untrained model
2024-08-31 09:19:07,814:INFO:Light Gradient Boosting Machine Imported successfully
2024-08-31 09:19:07,814:INFO:Starting cross validation
2024-08-31 09:19:07,814:INFO:Cross validating with StratifiedKFold(n_splits=10, random_state=None, shuffle=False), n_jobs=-1
2024-08-31 09:19:08,456:INFO:Calculating mean and std
2024-08-31 09:19:08,456:INFO:Creating metrics dataframe
2024-08-31 09:19:08,458:INFO:Uploading results into container
2024-08-31 09:19:08,459:INFO:Uploading model into container now
2024-08-31 09:19:08,459:INFO:_master_model_container: 13
2024-08-31 09:19:08,459:INFO:_display_container: 2
2024-08-31 09:19:08,460:INFO:LGBMClassifier(boosting_type='gbdt', class_weight=None, colsample_bytree=1.0,
               importance_type='split', learning_rate=0.1, max_depth=-1,
               min_child_samples=20, min_child_weight=0.001, min_split_gain=0.0,
               n_estimators=100, n_jobs=-1, num_leaves=31, objective=None,
               random_state=4179, reg_alpha=0.0, reg_lambda=0.0, subsample=1.0,
               subsample_for_bin=200000, subsample_freq=0)
2024-08-31 09:19:08,460:INFO:create_model() successfully completed......................................
2024-08-31 09:19:08,543:INFO:SubProcess create_model() end ==================================
2024-08-31 09:19:08,543:INFO:Creating metrics dataframe
2024-08-31 09:19:08,545:INFO:Initializing Dummy Classifier
2024-08-31 09:19:08,545:INFO:Total runtime is 0.15848432381947836 minutes
2024-08-31 09:19:08,545:INFO:SubProcess create_model() called ==================================
2024-08-31 09:19:08,545:INFO:Initializing create_model()
2024-08-31 09:19:08,545:INFO:create_model(self=<pycaret.classification.oop.ClassificationExperiment object at 0x000001D3501685D0>, estimator=dummy, fold=StratifiedKFold(n_splits=10, random_state=None, shuffle=False), round=4, cross_validation=True, predict=True, fit_kwargs={}, groups=None, refit=False, probability_threshold=None, experiment_custom_tags=None, verbose=False, system=False, add_to_model_list=True, metrics=None, display=<pycaret.internal.display.display.CommonDisplay object at 0x000001D350A3FE90>, model_only=True, return_train_score=False, error_score=0.0, kwargs={})
2024-08-31 09:19:08,546:INFO:Checking exceptions
2024-08-31 09:19:08,546:INFO:Importing libraries
2024-08-31 09:19:08,546:INFO:Copying training dataset
2024-08-31 09:19:08,548:INFO:Defining folds
2024-08-31 09:19:08,548:INFO:Declaring metric variables
2024-08-31 09:19:08,548:INFO:Importing untrained model
2024-08-31 09:19:08,549:INFO:Dummy Classifier Imported successfully
2024-08-31 09:19:08,549:INFO:Starting cross validation
2024-08-31 09:19:08,549:INFO:Cross validating with StratifiedKFold(n_splits=10, random_state=None, shuffle=False), n_jobs=-1
2024-08-31 09:19:08,578:WARNING:C:\Users\surya\OneDrive\Desktop\Data Science Project\Diabetes analysis\.venv\Lib\site-packages\sklearn\metrics\_classification.py:1509: UndefinedMetricWarning: Precision is ill-defined and being set to 0.0 due to no predicted samples. Use `zero_division` parameter to control this behavior.
  _warn_prf(average, modifier, f"{metric.capitalize()} is", len(result))

2024-08-31 09:19:08,584:WARNING:C:\Users\surya\OneDrive\Desktop\Data Science Project\Diabetes analysis\.venv\Lib\site-packages\sklearn\metrics\_classification.py:1509: UndefinedMetricWarning: Precision is ill-defined and being set to 0.0 due to no predicted samples. Use `zero_division` parameter to control this behavior.
  _warn_prf(average, modifier, f"{metric.capitalize()} is", len(result))

2024-08-31 09:19:08,584:WARNING:C:\Users\surya\OneDrive\Desktop\Data Science Project\Diabetes analysis\.venv\Lib\site-packages\sklearn\metrics\_classification.py:1509: UndefinedMetricWarning: Precision is ill-defined and being set to 0.0 due to no predicted samples. Use `zero_division` parameter to control this behavior.
  _warn_prf(average, modifier, f"{metric.capitalize()} is", len(result))

2024-08-31 09:19:08,588:WARNING:C:\Users\surya\OneDrive\Desktop\Data Science Project\Diabetes analysis\.venv\Lib\site-packages\sklearn\metrics\_classification.py:1509: UndefinedMetricWarning: Precision is ill-defined and being set to 0.0 due to no predicted samples. Use `zero_division` parameter to control this behavior.
  _warn_prf(average, modifier, f"{metric.capitalize()} is", len(result))

2024-08-31 09:19:08,588:WARNING:C:\Users\surya\OneDrive\Desktop\Data Science Project\Diabetes analysis\.venv\Lib\site-packages\sklearn\metrics\_classification.py:1509: UndefinedMetricWarning: Precision is ill-defined and being set to 0.0 due to no predicted samples. Use `zero_division` parameter to control this behavior.
  _warn_prf(average, modifier, f"{metric.capitalize()} is", len(result))

2024-08-31 09:19:08,590:WARNING:C:\Users\surya\OneDrive\Desktop\Data Science Project\Diabetes analysis\.venv\Lib\site-packages\sklearn\metrics\_classification.py:1509: UndefinedMetricWarning: Precision is ill-defined and being set to 0.0 due to no predicted samples. Use `zero_division` parameter to control this behavior.
  _warn_prf(average, modifier, f"{metric.capitalize()} is", len(result))

2024-08-31 09:19:08,591:WARNING:C:\Users\surya\OneDrive\Desktop\Data Science Project\Diabetes analysis\.venv\Lib\site-packages\sklearn\metrics\_classification.py:1509: UndefinedMetricWarning: Precision is ill-defined and being set to 0.0 due to no predicted samples. Use `zero_division` parameter to control this behavior.
  _warn_prf(average, modifier, f"{metric.capitalize()} is", len(result))

2024-08-31 09:19:08,595:WARNING:C:\Users\surya\OneDrive\Desktop\Data Science Project\Diabetes analysis\.venv\Lib\site-packages\sklearn\metrics\_classification.py:1509: UndefinedMetricWarning: Precision is ill-defined and being set to 0.0 due to no predicted samples. Use `zero_division` parameter to control this behavior.
  _warn_prf(average, modifier, f"{metric.capitalize()} is", len(result))

2024-08-31 09:19:08,598:WARNING:C:\Users\surya\OneDrive\Desktop\Data Science Project\Diabetes analysis\.venv\Lib\site-packages\sklearn\metrics\_classification.py:1509: UndefinedMetricWarning: Precision is ill-defined and being set to 0.0 due to no predicted samples. Use `zero_division` parameter to control this behavior.
  _warn_prf(average, modifier, f"{metric.capitalize()} is", len(result))

2024-08-31 09:19:08,598:WARNING:C:\Users\surya\OneDrive\Desktop\Data Science Project\Diabetes analysis\.venv\Lib\site-packages\sklearn\metrics\_classification.py:1509: UndefinedMetricWarning: Precision is ill-defined and being set to 0.0 due to no predicted samples. Use `zero_division` parameter to control this behavior.
  _warn_prf(average, modifier, f"{metric.capitalize()} is", len(result))

2024-08-31 09:19:08,608:INFO:Calculating mean and std
2024-08-31 09:19:08,610:INFO:Creating metrics dataframe
2024-08-31 09:19:08,612:INFO:Uploading results into container
2024-08-31 09:19:08,612:INFO:Uploading model into container now
2024-08-31 09:19:08,612:INFO:_master_model_container: 14
2024-08-31 09:19:08,612:INFO:_display_container: 2
2024-08-31 09:19:08,612:INFO:DummyClassifier(constant=None, random_state=4179, strategy='prior')
2024-08-31 09:19:08,612:INFO:create_model() successfully completed......................................
2024-08-31 09:19:08,678:INFO:SubProcess create_model() end ==================================
2024-08-31 09:19:08,678:INFO:Creating metrics dataframe
2024-08-31 09:19:08,680:INFO:Initializing create_model()
2024-08-31 09:19:08,681:INFO:create_model(self=<pycaret.classification.oop.ClassificationExperiment object at 0x000001D3501685D0>, estimator=LogisticRegression(C=1.0, class_weight=None, dual=False, fit_intercept=True,
                   intercept_scaling=1, l1_ratio=None, max_iter=1000,
                   multi_class='auto', n_jobs=None, penalty='l2',
                   random_state=4179, solver='lbfgs', tol=0.0001, verbose=0,
                   warm_start=False), fold=StratifiedKFold(n_splits=10, random_state=None, shuffle=False), round=4, cross_validation=False, predict=False, fit_kwargs={}, groups=None, refit=True, probability_threshold=None, experiment_custom_tags=None, verbose=False, system=False, add_to_model_list=True, metrics=None, display=None, model_only=True, return_train_score=False, error_score=0.0, kwargs={})
2024-08-31 09:19:08,681:INFO:Checking exceptions
2024-08-31 09:19:08,681:INFO:Importing libraries
2024-08-31 09:19:08,681:INFO:Copying training dataset
2024-08-31 09:19:08,683:INFO:Defining folds
2024-08-31 09:19:08,683:INFO:Declaring metric variables
2024-08-31 09:19:08,684:INFO:Importing untrained model
2024-08-31 09:19:08,684:INFO:Declaring custom model
2024-08-31 09:19:08,684:INFO:Logistic Regression Imported successfully
2024-08-31 09:19:08,684:INFO:Cross validation set to False
2024-08-31 09:19:08,684:INFO:Fitting Model
2024-08-31 09:19:08,701:INFO:LogisticRegression(C=1.0, class_weight=None, dual=False, fit_intercept=True,
                   intercept_scaling=1, l1_ratio=None, max_iter=1000,
                   multi_class='auto', n_jobs=None, penalty='l2',
                   random_state=4179, solver='lbfgs', tol=0.0001, verbose=0,
                   warm_start=False)
2024-08-31 09:19:08,701:INFO:create_model() successfully completed......................................
2024-08-31 09:19:08,777:INFO:_master_model_container: 14
2024-08-31 09:19:08,777:INFO:_display_container: 2
2024-08-31 09:19:08,777:INFO:LogisticRegression(C=1.0, class_weight=None, dual=False, fit_intercept=True,
                   intercept_scaling=1, l1_ratio=None, max_iter=1000,
                   multi_class='auto', n_jobs=None, penalty='l2',
                   random_state=4179, solver='lbfgs', tol=0.0001, verbose=0,
                   warm_start=False)
2024-08-31 09:19:08,777:INFO:compare_models() successfully completed......................................
2024-08-31 09:19:08,777:INFO:Initializing create_model()
2024-08-31 09:19:08,777:INFO:create_model(self=<pycaret.classification.oop.ClassificationExperiment object at 0x000001D3501685D0>, estimator=lda, fold=None, round=4, cross_validation=True, predict=True, fit_kwargs=None, groups=None, refit=True, probability_threshold=None, experiment_custom_tags=None, verbose=True, system=True, add_to_model_list=True, metrics=None, display=None, model_only=True, return_train_score=False, error_score=0.0, kwargs={})
2024-08-31 09:19:08,777:INFO:Checking exceptions
2024-08-31 09:19:08,778:INFO:Importing libraries
2024-08-31 09:19:08,778:INFO:Copying training dataset
2024-08-31 09:19:08,780:INFO:Defining folds
2024-08-31 09:19:08,780:INFO:Declaring metric variables
2024-08-31 09:19:08,780:INFO:Importing untrained model
2024-08-31 09:19:08,781:INFO:Linear Discriminant Analysis Imported successfully
2024-08-31 09:19:08,781:INFO:Starting cross validation
2024-08-31 09:19:08,781:INFO:Cross validating with StratifiedKFold(n_splits=10, random_state=None, shuffle=False), n_jobs=-1
2024-08-31 09:19:08,841:INFO:Calculating mean and std
2024-08-31 09:19:08,841:INFO:Creating metrics dataframe
2024-08-31 09:19:08,843:INFO:Finalizing model
2024-08-31 09:19:08,849:INFO:Uploading results into container
2024-08-31 09:19:08,850:INFO:Uploading model into container now
2024-08-31 09:19:08,858:INFO:_master_model_container: 15
2024-08-31 09:19:08,858:INFO:_display_container: 3
2024-08-31 09:19:08,858:INFO:LinearDiscriminantAnalysis(covariance_estimator=None, n_components=None,
                           priors=None, shrinkage=None, solver='svd',
                           store_covariance=False, tol=0.0001)
2024-08-31 09:19:08,858:INFO:create_model() successfully completed......................................
2024-08-31 09:19:08,924:INFO:Initializing tune_model()
2024-08-31 09:19:08,924:INFO:tune_model(self=<pycaret.classification.oop.ClassificationExperiment object at 0x000001D3501685D0>, estimator=LinearDiscriminantAnalysis(covariance_estimator=None, n_components=None,
                           priors=None, shrinkage=None, solver='svd',
                           store_covariance=False, tol=0.0001), fold=None, round=4, n_iter=10, custom_grid=None, optimize=Accuracy, custom_scorer=None, search_library=scikit-learn, search_algorithm=None, early_stopping=False, early_stopping_max_iters=10, choose_better=True, fit_kwargs=None, groups=None, return_tuner=False, verbose=True, tuner_verbose=True, return_train_score=False, kwargs={})
2024-08-31 09:19:08,924:INFO:Checking exceptions
2024-08-31 09:19:08,926:INFO:Copying training dataset
2024-08-31 09:19:08,929:INFO:Checking base model
2024-08-31 09:19:08,929:INFO:Base model : Linear Discriminant Analysis
2024-08-31 09:19:08,929:INFO:Declaring metric variables
2024-08-31 09:19:08,929:INFO:Defining Hyperparameters
2024-08-31 09:19:08,994:INFO:Tuning with n_jobs=-1
2024-08-31 09:19:08,994:INFO:Initializing RandomizedSearchCV
2024-08-31 09:19:09,262:INFO:best_params: {'actual_estimator__solver': 'lsqr', 'actual_estimator__shrinkage': 0.01}
2024-08-31 09:19:09,263:INFO:Hyperparameter search completed
2024-08-31 09:19:09,263:INFO:SubProcess create_model() called ==================================
2024-08-31 09:19:09,263:INFO:Initializing create_model()
2024-08-31 09:19:09,263:INFO:create_model(self=<pycaret.classification.oop.ClassificationExperiment object at 0x000001D3501685D0>, estimator=LinearDiscriminantAnalysis(covariance_estimator=None, n_components=None,
                           priors=None, shrinkage=None, solver='svd',
                           store_covariance=False, tol=0.0001), fold=StratifiedKFold(n_splits=10, random_state=None, shuffle=False), round=4, cross_validation=True, predict=True, fit_kwargs={}, groups=None, refit=True, probability_threshold=None, experiment_custom_tags=None, verbose=True, system=False, add_to_model_list=True, metrics=None, display=<pycaret.internal.display.display.CommonDisplay object at 0x000001D34EF6FE90>, model_only=True, return_train_score=False, error_score=0.0, kwargs={'solver': 'lsqr', 'shrinkage': 0.01})
2024-08-31 09:19:09,263:INFO:Checking exceptions
2024-08-31 09:19:09,263:INFO:Importing libraries
2024-08-31 09:19:09,263:INFO:Copying training dataset
2024-08-31 09:19:09,266:INFO:Defining folds
2024-08-31 09:19:09,266:INFO:Declaring metric variables
2024-08-31 09:19:09,266:INFO:Importing untrained model
2024-08-31 09:19:09,266:INFO:Declaring custom model
2024-08-31 09:19:09,267:INFO:Linear Discriminant Analysis Imported successfully
2024-08-31 09:19:09,267:INFO:Starting cross validation
2024-08-31 09:19:09,267:INFO:Cross validating with StratifiedKFold(n_splits=10, random_state=None, shuffle=False), n_jobs=-1
2024-08-31 09:19:09,327:INFO:Calculating mean and std
2024-08-31 09:19:09,327:INFO:Creating metrics dataframe
2024-08-31 09:19:09,329:INFO:Finalizing model
2024-08-31 09:19:09,337:INFO:Uploading results into container
2024-08-31 09:19:09,337:INFO:Uploading model into container now
2024-08-31 09:19:09,338:INFO:_master_model_container: 16
2024-08-31 09:19:09,338:INFO:_display_container: 4
2024-08-31 09:19:09,338:INFO:LinearDiscriminantAnalysis(covariance_estimator=None, n_components=None,
                           priors=None, shrinkage=0.01, solver='lsqr',
                           store_covariance=False, tol=0.0001)
2024-08-31 09:19:09,338:INFO:create_model() successfully completed......................................
2024-08-31 09:19:09,403:INFO:SubProcess create_model() end ==================================
2024-08-31 09:19:09,403:INFO:choose_better activated
2024-08-31 09:19:09,403:INFO:SubProcess create_model() called ==================================
2024-08-31 09:19:09,403:INFO:Initializing create_model()
2024-08-31 09:19:09,403:INFO:create_model(self=<pycaret.classification.oop.ClassificationExperiment object at 0x000001D3501685D0>, estimator=LinearDiscriminantAnalysis(covariance_estimator=None, n_components=None,
                           priors=None, shrinkage=None, solver='svd',
                           store_covariance=False, tol=0.0001), fold=StratifiedKFold(n_splits=10, random_state=None, shuffle=False), round=4, cross_validation=True, predict=True, fit_kwargs={}, groups=None, refit=True, probability_threshold=None, experiment_custom_tags=None, verbose=False, system=False, add_to_model_list=True, metrics=None, display=None, model_only=True, return_train_score=False, error_score=0.0, kwargs={})
2024-08-31 09:19:09,403:INFO:Checking exceptions
2024-08-31 09:19:09,404:INFO:Importing libraries
2024-08-31 09:19:09,404:INFO:Copying training dataset
2024-08-31 09:19:09,406:INFO:Defining folds
2024-08-31 09:19:09,406:INFO:Declaring metric variables
2024-08-31 09:19:09,406:INFO:Importing untrained model
2024-08-31 09:19:09,406:INFO:Declaring custom model
2024-08-31 09:19:09,407:INFO:Linear Discriminant Analysis Imported successfully
2024-08-31 09:19:09,407:INFO:Starting cross validation
2024-08-31 09:19:09,407:INFO:Cross validating with StratifiedKFold(n_splits=10, random_state=None, shuffle=False), n_jobs=-1
2024-08-31 09:19:09,466:INFO:Calculating mean and std
2024-08-31 09:19:09,467:INFO:Creating metrics dataframe
2024-08-31 09:19:09,469:INFO:Finalizing model
2024-08-31 09:19:09,474:INFO:Uploading results into container
2024-08-31 09:19:09,475:INFO:Uploading model into container now
2024-08-31 09:19:09,475:INFO:_master_model_container: 17
2024-08-31 09:19:09,475:INFO:_display_container: 5
2024-08-31 09:19:09,475:INFO:LinearDiscriminantAnalysis(covariance_estimator=None, n_components=None,
                           priors=None, shrinkage=None, solver='svd',
                           store_covariance=False, tol=0.0001)
2024-08-31 09:19:09,475:INFO:create_model() successfully completed......................................
2024-08-31 09:19:09,539:INFO:SubProcess create_model() end ==================================
2024-08-31 09:19:09,539:INFO:LinearDiscriminantAnalysis(covariance_estimator=None, n_components=None,
                           priors=None, shrinkage=None, solver='svd',
                           store_covariance=False, tol=0.0001) result for Accuracy is 0.7785
2024-08-31 09:19:09,539:INFO:LinearDiscriminantAnalysis(covariance_estimator=None, n_components=None,
                           priors=None, shrinkage=0.01, solver='lsqr',
                           store_covariance=False, tol=0.0001) result for Accuracy is 0.7731
2024-08-31 09:19:09,540:INFO:LinearDiscriminantAnalysis(covariance_estimator=None, n_components=None,
                           priors=None, shrinkage=None, solver='svd',
                           store_covariance=False, tol=0.0001) is best model
2024-08-31 09:19:09,540:INFO:choose_better completed
2024-08-31 09:19:09,540:INFO:Original model was better than the tuned model, hence it will be returned. NOTE: The display metrics are for the tuned model (not the original one).
2024-08-31 09:19:09,550:INFO:_master_model_container: 17
2024-08-31 09:19:09,550:INFO:_display_container: 4
2024-08-31 09:19:09,551:INFO:LinearDiscriminantAnalysis(covariance_estimator=None, n_components=None,
                           priors=None, shrinkage=None, solver='svd',
                           store_covariance=False, tol=0.0001)
2024-08-31 09:19:09,551:INFO:tune_model() successfully completed......................................
2024-08-31 09:19:09,617:INFO:Initializing plot_model()
2024-08-31 09:19:09,617:INFO:plot_model(self=<pycaret.classification.oop.ClassificationExperiment object at 0x000001D3501685D0>, estimator=LinearDiscriminantAnalysis(covariance_estimator=None, n_components=None,
                           priors=None, shrinkage=None, solver='svd',
                           store_covariance=False, tol=0.0001), plot=class_report, scale=1, save=False, fold=None, fit_kwargs=None, plot_kwargs=None, groups=None, feature_name=None, label=False, verbose=True, system=True, display=None, display_format=None)
2024-08-31 09:19:09,617:INFO:Checking exceptions
2024-08-31 09:19:09,618:INFO:Preloading libraries
2024-08-31 09:19:09,618:INFO:Copying training dataset
2024-08-31 09:19:09,618:INFO:Plot type: class_report
2024-08-31 09:19:09,837:INFO:Fitting Model
2024-08-31 09:19:09,837:INFO:Scoring test/hold-out set
2024-08-31 09:24:20,405:WARNING:
'cuml' is a soft dependency and not included in the pycaret installation. Please run: `pip install cuml` to install.
2024-08-31 09:24:20,405:WARNING:
'cuml' is a soft dependency and not included in the pycaret installation. Please run: `pip install cuml` to install.
2024-08-31 09:24:20,405:WARNING:
'cuml' is a soft dependency and not included in the pycaret installation. Please run: `pip install cuml` to install.
2024-08-31 09:24:20,405:WARNING:
'cuml' is a soft dependency and not included in the pycaret installation. Please run: `pip install cuml` to install.
2024-08-31 09:25:25,494:INFO:PyCaret ClassificationExperiment
2024-08-31 09:25:25,494:INFO:Logging name: clf-default-name
2024-08-31 09:25:25,494:INFO:ML Usecase: MLUsecase.CLASSIFICATION
2024-08-31 09:25:25,495:INFO:version 3.3.2
2024-08-31 09:25:25,495:INFO:Initializing setup()
2024-08-31 09:25:25,495:INFO:self.USI: 2e12
2024-08-31 09:25:25,495:INFO:self._variable_keys: {'_available_plots', 'X_train', 'y_train', 'data', 'y', 'y_test', 'fold_generator', 'n_jobs_param', 'logging_param', 'exp_id', 'X_test', 'X', 'pipeline', 'log_plots_param', 'fold_shuffle_param', 'memory', 'html_param', 'seed', 'gpu_param', 'fold_groups_param', 'is_multiclass', 'USI', '_ml_usecase', 'fix_imbalance', 'exp_name_log', 'target_param', 'gpu_n_jobs_param', 'idx'}
2024-08-31 09:25:25,495:INFO:Checking environment
2024-08-31 09:25:25,495:INFO:python_version: 3.11.4
2024-08-31 09:25:25,496:INFO:python_build: ('tags/v3.11.4:d2340ef', 'Jun  7 2023 05:45:37')
2024-08-31 09:25:25,496:INFO:machine: AMD64
2024-08-31 09:25:25,545:INFO:platform: Windows-10-10.0.22631-SP0
2024-08-31 09:25:25,553:INFO:Memory: svmem(total=16520773632, available=8478093312, percent=48.7, used=8042680320, free=8478093312)
2024-08-31 09:25:25,554:INFO:Physical Core: 8
2024-08-31 09:25:25,554:INFO:Logical Core: 16
2024-08-31 09:25:25,554:INFO:Checking libraries
2024-08-31 09:25:25,554:INFO:System:
2024-08-31 09:25:25,554:INFO:    python: 3.11.4 (tags/v3.11.4:d2340ef, Jun  7 2023, 05:45:37) [MSC v.1934 64 bit (AMD64)]
2024-08-31 09:25:25,554:INFO:executable: C:\Users\surya\OneDrive\Desktop\Data Science Project\Diabetes analysis\.venv\Scripts\python.exe
2024-08-31 09:25:25,554:INFO:   machine: Windows-10-10.0.22631-SP0
2024-08-31 09:25:25,554:INFO:PyCaret required dependencies:
2024-08-31 09:25:25,580:INFO:                 pip: 23.1.2
2024-08-31 09:25:25,580:INFO:          setuptools: 65.5.0
2024-08-31 09:25:25,580:INFO:             pycaret: 3.3.2
2024-08-31 09:25:25,580:INFO:             IPython: 8.27.0
2024-08-31 09:25:25,581:INFO:          ipywidgets: 8.1.5
2024-08-31 09:25:25,581:INFO:                tqdm: 4.66.5
2024-08-31 09:25:25,581:INFO:               numpy: 1.26.4
2024-08-31 09:25:25,581:INFO:              pandas: 2.1.4
2024-08-31 09:25:25,581:INFO:              jinja2: 3.1.4
2024-08-31 09:25:25,581:INFO:               scipy: 1.11.4
2024-08-31 09:25:25,581:INFO:              joblib: 1.3.2
2024-08-31 09:25:25,581:INFO:             sklearn: 1.4.2
2024-08-31 09:25:25,581:INFO:                pyod: 2.0.1
2024-08-31 09:25:25,581:INFO:            imblearn: 0.12.3
2024-08-31 09:25:25,581:INFO:   category_encoders: 2.6.3
2024-08-31 09:25:25,581:INFO:            lightgbm: 4.5.0
2024-08-31 09:25:25,581:INFO:               numba: 0.60.0
2024-08-31 09:25:25,581:INFO:            requests: 2.32.3
2024-08-31 09:25:25,581:INFO:          matplotlib: 3.7.5
2024-08-31 09:25:25,581:INFO:          scikitplot: 0.3.7
2024-08-31 09:25:25,581:INFO:         yellowbrick: 1.5
2024-08-31 09:25:25,581:INFO:              plotly: 5.24.0
2024-08-31 09:25:25,581:INFO:    plotly-resampler: Not installed
2024-08-31 09:25:25,581:INFO:             kaleido: 0.2.1
2024-08-31 09:25:25,581:INFO:           schemdraw: 0.15
2024-08-31 09:25:25,581:INFO:         statsmodels: 0.14.2
2024-08-31 09:25:25,581:INFO:              sktime: 0.26.0
2024-08-31 09:25:25,581:INFO:               tbats: 1.1.3
2024-08-31 09:25:25,581:INFO:            pmdarima: 2.0.4
2024-08-31 09:25:25,581:INFO:              psutil: 6.0.0
2024-08-31 09:25:25,581:INFO:          markupsafe: 2.1.5
2024-08-31 09:25:25,582:INFO:             pickle5: Not installed
2024-08-31 09:25:25,582:INFO:         cloudpickle: 3.0.0
2024-08-31 09:25:25,582:INFO:         deprecation: 2.1.0
2024-08-31 09:25:25,582:INFO:              xxhash: 3.5.0
2024-08-31 09:25:25,582:INFO:           wurlitzer: Not installed
2024-08-31 09:25:25,582:INFO:PyCaret optional dependencies:
2024-08-31 09:25:25,597:INFO:                shap: Not installed
2024-08-31 09:25:25,597:INFO:           interpret: Not installed
2024-08-31 09:25:25,597:INFO:                umap: Not installed
2024-08-31 09:25:25,597:INFO:     ydata_profiling: Not installed
2024-08-31 09:25:25,597:INFO:  explainerdashboard: Not installed
2024-08-31 09:25:25,597:INFO:             autoviz: Not installed
2024-08-31 09:25:25,597:INFO:           fairlearn: Not installed
2024-08-31 09:25:25,597:INFO:          deepchecks: Not installed
2024-08-31 09:25:25,597:INFO:             xgboost: Not installed
2024-08-31 09:25:25,597:INFO:            catboost: Not installed
2024-08-31 09:25:25,597:INFO:              kmodes: Not installed
2024-08-31 09:25:25,597:INFO:             mlxtend: Not installed
2024-08-31 09:25:25,597:INFO:       statsforecast: Not installed
2024-08-31 09:25:25,597:INFO:        tune_sklearn: Not installed
2024-08-31 09:25:25,597:INFO:                 ray: Not installed
2024-08-31 09:25:25,597:INFO:            hyperopt: Not installed
2024-08-31 09:25:25,597:INFO:              optuna: Not installed
2024-08-31 09:25:25,598:INFO:               skopt: Not installed
2024-08-31 09:25:25,598:INFO:              mlflow: Not installed
2024-08-31 09:25:25,598:INFO:              gradio: Not installed
2024-08-31 09:25:25,598:INFO:             fastapi: Not installed
2024-08-31 09:25:25,598:INFO:             uvicorn: Not installed
2024-08-31 09:25:25,598:INFO:              m2cgen: Not installed
2024-08-31 09:25:25,598:INFO:           evidently: Not installed
2024-08-31 09:25:25,598:INFO:               fugue: Not installed
2024-08-31 09:25:25,598:INFO:           streamlit: Not installed
2024-08-31 09:25:25,598:INFO:             prophet: Not installed
2024-08-31 09:25:25,598:INFO:None
2024-08-31 09:25:25,598:INFO:Set up data.
2024-08-31 09:25:25,602:INFO:Set up folding strategy.
2024-08-31 09:25:25,602:INFO:Set up train/test split.
2024-08-31 09:25:25,606:INFO:Set up index.
2024-08-31 09:25:25,606:INFO:Assigning column types.
2024-08-31 09:25:25,610:INFO:Engine successfully changes for model 'lr' to 'sklearn'.
2024-08-31 09:25:25,660:INFO:Engine for model 'knn' has not been set explicitly, hence returning None.
2024-08-31 09:25:25,663:INFO:Engine for model 'rbfsvm' has not been set explicitly, hence returning None.
2024-08-31 09:25:25,700:WARNING:
'xgboost' is a soft dependency and not included in the pycaret installation. Please run: `pip install xgboost` to install.
Alternately, you can install this by running `pip install pycaret[models]`
2024-08-31 09:25:25,700:WARNING:
'catboost' is a soft dependency and not included in the pycaret installation. Please run: `pip install catboost` to install.
Alternately, you can install this by running `pip install pycaret[models]`
2024-08-31 09:25:25,751:INFO:Engine for model 'knn' has not been set explicitly, hence returning None.
2024-08-31 09:25:25,752:INFO:Engine for model 'rbfsvm' has not been set explicitly, hence returning None.
2024-08-31 09:25:25,783:WARNING:
'xgboost' is a soft dependency and not included in the pycaret installation. Please run: `pip install xgboost` to install.
Alternately, you can install this by running `pip install pycaret[models]`
2024-08-31 09:25:25,784:WARNING:
'catboost' is a soft dependency and not included in the pycaret installation. Please run: `pip install catboost` to install.
Alternately, you can install this by running `pip install pycaret[models]`
2024-08-31 09:25:25,784:INFO:Engine successfully changes for model 'knn' to 'sklearn'.
2024-08-31 09:25:25,835:INFO:Engine for model 'rbfsvm' has not been set explicitly, hence returning None.
2024-08-31 09:25:25,866:WARNING:
'xgboost' is a soft dependency and not included in the pycaret installation. Please run: `pip install xgboost` to install.
Alternately, you can install this by running `pip install pycaret[models]`
2024-08-31 09:25:25,867:WARNING:
'catboost' is a soft dependency and not included in the pycaret installation. Please run: `pip install catboost` to install.
Alternately, you can install this by running `pip install pycaret[models]`
2024-08-31 09:25:25,918:INFO:Engine for model 'rbfsvm' has not been set explicitly, hence returning None.
2024-08-31 09:25:25,949:WARNING:
'xgboost' is a soft dependency and not included in the pycaret installation. Please run: `pip install xgboost` to install.
Alternately, you can install this by running `pip install pycaret[models]`
2024-08-31 09:25:25,950:WARNING:
'catboost' is a soft dependency and not included in the pycaret installation. Please run: `pip install catboost` to install.
Alternately, you can install this by running `pip install pycaret[models]`
2024-08-31 09:25:25,950:INFO:Engine successfully changes for model 'rbfsvm' to 'sklearn'.
2024-08-31 09:25:26,032:WARNING:
'xgboost' is a soft dependency and not included in the pycaret installation. Please run: `pip install xgboost` to install.
Alternately, you can install this by running `pip install pycaret[models]`
2024-08-31 09:25:26,032:WARNING:
'catboost' is a soft dependency and not included in the pycaret installation. Please run: `pip install catboost` to install.
Alternately, you can install this by running `pip install pycaret[models]`
2024-08-31 09:25:26,115:WARNING:
'xgboost' is a soft dependency and not included in the pycaret installation. Please run: `pip install xgboost` to install.
Alternately, you can install this by running `pip install pycaret[models]`
2024-08-31 09:25:26,116:WARNING:
'catboost' is a soft dependency and not included in the pycaret installation. Please run: `pip install catboost` to install.
Alternately, you can install this by running `pip install pycaret[models]`
2024-08-31 09:25:26,117:INFO:Preparing preprocessing pipeline...
2024-08-31 09:25:26,119:INFO:Set up simple imputation.
2024-08-31 09:25:26,119:INFO:Set up column name cleaning.
2024-08-31 09:25:26,142:INFO:Finished creating preprocessing pipeline.
2024-08-31 09:25:26,147:INFO:Pipeline: Pipeline(memory=FastMemory(location=C:\Users\surya\AppData\Local\Temp\joblib),
         steps=[('numerical_imputer',
                 TransformerWrapper(exclude=None,
                                    include=['Number of times pregnant',
                                             'Plasma glucose concentration a 2 '
                                             'hours in an oral glucose '
                                             'tolerance test',
                                             'Diastolic blood pressure (mm Hg)',
                                             'Triceps skin fold thickness (mm)',
                                             '2-Hour serum insulin (mu U/ml)',
                                             'Body mass index (weigh...
                ('categorical_imputer',
                 TransformerWrapper(exclude=None, include=[],
                                    transformer=SimpleImputer(add_indicator=False,
                                                              copy=True,
                                                              fill_value=None,
                                                              keep_empty_features=False,
                                                              missing_values=nan,
                                                              strategy='most_frequent'))),
                ('clean_column_names',
                 TransformerWrapper(exclude=None, include=None,
                                    transformer=CleanColumnNames(match='[\\]\\[\\,\\{\\}\\"\\:]+')))],
         verbose=False)
2024-08-31 09:25:26,147:INFO:Creating final display dataframe.
2024-08-31 09:25:26,217:INFO:Setup _display_container:                     Description             Value
0                    Session id               266
1                        Target    Class variable
2                   Target type            Binary
3           Original data shape          (768, 9)
4        Transformed data shape          (768, 9)
5   Transformed train set shape          (537, 9)
6    Transformed test set shape          (231, 9)
7              Numeric features                 8
8                    Preprocess              True
9               Imputation type            simple
10           Numeric imputation              mean
11       Categorical imputation              mode
12               Fold Generator   StratifiedKFold
13                  Fold Number                10
14                     CPU Jobs                -1
15                      Use GPU             False
16               Log Experiment             False
17              Experiment Name  clf-default-name
18                          USI              2e12
2024-08-31 09:25:26,306:WARNING:
'xgboost' is a soft dependency and not included in the pycaret installation. Please run: `pip install xgboost` to install.
Alternately, you can install this by running `pip install pycaret[models]`
2024-08-31 09:25:26,307:WARNING:
'catboost' is a soft dependency and not included in the pycaret installation. Please run: `pip install catboost` to install.
Alternately, you can install this by running `pip install pycaret[models]`
2024-08-31 09:25:26,390:WARNING:
'xgboost' is a soft dependency and not included in the pycaret installation. Please run: `pip install xgboost` to install.
Alternately, you can install this by running `pip install pycaret[models]`
2024-08-31 09:25:26,390:WARNING:
'catboost' is a soft dependency and not included in the pycaret installation. Please run: `pip install catboost` to install.
Alternately, you can install this by running `pip install pycaret[models]`
2024-08-31 09:25:26,392:INFO:setup() successfully completed in 0.9s...............
2024-08-31 09:25:26,392:INFO:Initializing compare_models()
2024-08-31 09:25:26,392:INFO:compare_models(self=<pycaret.classification.oop.ClassificationExperiment object at 0x0000023A4890EF90>, include=None, exclude=None, fold=None, round=4, cross_validation=True, sort=Accuracy, n_select=1, budget_time=None, turbo=True, errors=ignore, fit_kwargs=None, groups=None, experiment_custom_tags=None, probability_threshold=None, verbose=True, parallel=None, caller_params={'self': <pycaret.classification.oop.ClassificationExperiment object at 0x0000023A4890EF90>, 'include': None, 'exclude': None, 'fold': None, 'round': 4, 'cross_validation': True, 'sort': 'Accuracy', 'n_select': 1, 'budget_time': None, 'turbo': True, 'errors': 'ignore', 'fit_kwargs': None, 'groups': None, 'experiment_custom_tags': None, 'probability_threshold': None, 'engine': None, 'verbose': True, 'parallel': None, '__class__': <class 'pycaret.classification.oop.ClassificationExperiment'>})
2024-08-31 09:25:26,392:INFO:Checking exceptions
2024-08-31 09:25:26,395:INFO:Preparing display monitor
2024-08-31 09:25:26,400:INFO:Initializing Logistic Regression
2024-08-31 09:25:26,400:INFO:Total runtime is 2.344846725463867e-05 minutes
2024-08-31 09:25:26,400:INFO:SubProcess create_model() called ==================================
2024-08-31 09:25:26,401:INFO:Initializing create_model()
2024-08-31 09:25:26,401:INFO:create_model(self=<pycaret.classification.oop.ClassificationExperiment object at 0x0000023A4890EF90>, estimator=lr, fold=StratifiedKFold(n_splits=10, random_state=None, shuffle=False), round=4, cross_validation=True, predict=True, fit_kwargs={}, groups=None, refit=False, probability_threshold=None, experiment_custom_tags=None, verbose=False, system=False, add_to_model_list=True, metrics=None, display=<pycaret.internal.display.display.CommonDisplay object at 0x0000023A11E3F5D0>, model_only=True, return_train_score=False, error_score=0.0, kwargs={})
2024-08-31 09:25:26,401:INFO:Checking exceptions
2024-08-31 09:25:26,401:INFO:Importing libraries
2024-08-31 09:25:26,401:INFO:Copying training dataset
2024-08-31 09:25:26,408:INFO:Defining folds
2024-08-31 09:25:26,408:INFO:Declaring metric variables
2024-08-31 09:25:26,408:INFO:Importing untrained model
2024-08-31 09:25:26,409:INFO:Logistic Regression Imported successfully
2024-08-31 09:25:26,409:INFO:Starting cross validation
2024-08-31 09:25:26,410:INFO:Cross validating with StratifiedKFold(n_splits=10, random_state=None, shuffle=False), n_jobs=-1
2024-08-31 09:25:30,323:INFO:Calculating mean and std
2024-08-31 09:25:30,324:INFO:Creating metrics dataframe
2024-08-31 09:25:30,326:INFO:Uploading results into container
2024-08-31 09:25:30,326:INFO:Uploading model into container now
2024-08-31 09:25:30,327:INFO:_master_model_container: 1
2024-08-31 09:25:30,327:INFO:_display_container: 2
2024-08-31 09:25:30,327:INFO:LogisticRegression(C=1.0, class_weight=None, dual=False, fit_intercept=True,
                   intercept_scaling=1, l1_ratio=None, max_iter=1000,
                   multi_class='auto', n_jobs=None, penalty='l2',
                   random_state=266, solver='lbfgs', tol=0.0001, verbose=0,
                   warm_start=False)
2024-08-31 09:25:30,327:INFO:create_model() successfully completed......................................
2024-08-31 09:25:30,407:INFO:SubProcess create_model() end ==================================
2024-08-31 09:25:30,407:INFO:Creating metrics dataframe
2024-08-31 09:25:30,409:INFO:Initializing K Neighbors Classifier
2024-08-31 09:25:30,409:INFO:Total runtime is 0.06684402227401733 minutes
2024-08-31 09:25:30,409:INFO:SubProcess create_model() called ==================================
2024-08-31 09:25:30,409:INFO:Initializing create_model()
2024-08-31 09:25:30,410:INFO:create_model(self=<pycaret.classification.oop.ClassificationExperiment object at 0x0000023A4890EF90>, estimator=knn, fold=StratifiedKFold(n_splits=10, random_state=None, shuffle=False), round=4, cross_validation=True, predict=True, fit_kwargs={}, groups=None, refit=False, probability_threshold=None, experiment_custom_tags=None, verbose=False, system=False, add_to_model_list=True, metrics=None, display=<pycaret.internal.display.display.CommonDisplay object at 0x0000023A11E3F5D0>, model_only=True, return_train_score=False, error_score=0.0, kwargs={})
2024-08-31 09:25:30,410:INFO:Checking exceptions
2024-08-31 09:25:30,410:INFO:Importing libraries
2024-08-31 09:25:30,410:INFO:Copying training dataset
2024-08-31 09:25:30,412:INFO:Defining folds
2024-08-31 09:25:30,412:INFO:Declaring metric variables
2024-08-31 09:25:30,413:INFO:Importing untrained model
2024-08-31 09:25:30,413:INFO:K Neighbors Classifier Imported successfully
2024-08-31 09:25:30,413:INFO:Starting cross validation
2024-08-31 09:25:30,414:INFO:Cross validating with StratifiedKFold(n_splits=10, random_state=None, shuffle=False), n_jobs=-1
2024-08-31 09:25:32,687:INFO:Calculating mean and std
2024-08-31 09:25:32,689:INFO:Creating metrics dataframe
2024-08-31 09:25:32,691:INFO:Uploading results into container
2024-08-31 09:25:32,691:INFO:Uploading model into container now
2024-08-31 09:25:32,692:INFO:_master_model_container: 2
2024-08-31 09:25:32,692:INFO:_display_container: 2
2024-08-31 09:25:32,692:INFO:KNeighborsClassifier(algorithm='auto', leaf_size=30, metric='minkowski',
                     metric_params=None, n_jobs=-1, n_neighbors=5, p=2,
                     weights='uniform')
2024-08-31 09:25:32,692:INFO:create_model() successfully completed......................................
2024-08-31 09:25:32,787:INFO:SubProcess create_model() end ==================================
2024-08-31 09:25:32,787:INFO:Creating metrics dataframe
2024-08-31 09:25:32,789:INFO:Initializing Naive Bayes
2024-08-31 09:25:32,789:INFO:Total runtime is 0.10651991367340087 minutes
2024-08-31 09:25:32,790:INFO:SubProcess create_model() called ==================================
2024-08-31 09:25:32,790:INFO:Initializing create_model()
2024-08-31 09:25:32,790:INFO:create_model(self=<pycaret.classification.oop.ClassificationExperiment object at 0x0000023A4890EF90>, estimator=nb, fold=StratifiedKFold(n_splits=10, random_state=None, shuffle=False), round=4, cross_validation=True, predict=True, fit_kwargs={}, groups=None, refit=False, probability_threshold=None, experiment_custom_tags=None, verbose=False, system=False, add_to_model_list=True, metrics=None, display=<pycaret.internal.display.display.CommonDisplay object at 0x0000023A11E3F5D0>, model_only=True, return_train_score=False, error_score=0.0, kwargs={})
2024-08-31 09:25:32,790:INFO:Checking exceptions
2024-08-31 09:25:32,790:INFO:Importing libraries
2024-08-31 09:25:32,790:INFO:Copying training dataset
2024-08-31 09:25:32,793:INFO:Defining folds
2024-08-31 09:25:32,793:INFO:Declaring metric variables
2024-08-31 09:25:32,794:INFO:Importing untrained model
2024-08-31 09:25:32,794:INFO:Naive Bayes Imported successfully
2024-08-31 09:25:32,795:INFO:Starting cross validation
2024-08-31 09:25:32,796:INFO:Cross validating with StratifiedKFold(n_splits=10, random_state=None, shuffle=False), n_jobs=-1
2024-08-31 09:25:32,866:INFO:Calculating mean and std
2024-08-31 09:25:32,872:INFO:Creating metrics dataframe
2024-08-31 09:25:32,874:INFO:Uploading results into container
2024-08-31 09:25:32,874:INFO:Uploading model into container now
2024-08-31 09:25:32,874:INFO:_master_model_container: 3
2024-08-31 09:25:32,874:INFO:_display_container: 2
2024-08-31 09:25:32,875:INFO:GaussianNB(priors=None, var_smoothing=1e-09)
2024-08-31 09:25:32,875:INFO:create_model() successfully completed......................................
2024-08-31 09:25:32,940:INFO:SubProcess create_model() end ==================================
2024-08-31 09:25:32,940:INFO:Creating metrics dataframe
2024-08-31 09:25:32,942:INFO:Initializing Decision Tree Classifier
2024-08-31 09:25:32,943:INFO:Total runtime is 0.10908569892247517 minutes
2024-08-31 09:25:32,943:INFO:SubProcess create_model() called ==================================
2024-08-31 09:25:32,943:INFO:Initializing create_model()
2024-08-31 09:25:32,943:INFO:create_model(self=<pycaret.classification.oop.ClassificationExperiment object at 0x0000023A4890EF90>, estimator=dt, fold=StratifiedKFold(n_splits=10, random_state=None, shuffle=False), round=4, cross_validation=True, predict=True, fit_kwargs={}, groups=None, refit=False, probability_threshold=None, experiment_custom_tags=None, verbose=False, system=False, add_to_model_list=True, metrics=None, display=<pycaret.internal.display.display.CommonDisplay object at 0x0000023A11E3F5D0>, model_only=True, return_train_score=False, error_score=0.0, kwargs={})
2024-08-31 09:25:32,943:INFO:Checking exceptions
2024-08-31 09:25:32,943:INFO:Importing libraries
2024-08-31 09:25:32,943:INFO:Copying training dataset
2024-08-31 09:25:32,946:INFO:Defining folds
2024-08-31 09:25:32,946:INFO:Declaring metric variables
2024-08-31 09:25:32,946:INFO:Importing untrained model
2024-08-31 09:25:32,947:INFO:Decision Tree Classifier Imported successfully
2024-08-31 09:25:32,947:INFO:Starting cross validation
2024-08-31 09:25:32,947:INFO:Cross validating with StratifiedKFold(n_splits=10, random_state=None, shuffle=False), n_jobs=-1
2024-08-31 09:25:33,009:INFO:Calculating mean and std
2024-08-31 09:25:33,009:INFO:Creating metrics dataframe
2024-08-31 09:25:33,012:INFO:Uploading results into container
2024-08-31 09:25:33,012:INFO:Uploading model into container now
2024-08-31 09:25:33,012:INFO:_master_model_container: 4
2024-08-31 09:25:33,012:INFO:_display_container: 2
2024-08-31 09:25:33,013:INFO:DecisionTreeClassifier(ccp_alpha=0.0, class_weight=None, criterion='gini',
                       max_depth=None, max_features=None, max_leaf_nodes=None,
                       min_impurity_decrease=0.0, min_samples_leaf=1,
                       min_samples_split=2, min_weight_fraction_leaf=0.0,
                       monotonic_cst=None, random_state=266, splitter='best')
2024-08-31 09:25:33,013:INFO:create_model() successfully completed......................................
2024-08-31 09:25:33,078:INFO:SubProcess create_model() end ==================================
2024-08-31 09:25:33,078:INFO:Creating metrics dataframe
2024-08-31 09:25:33,080:INFO:Initializing SVM - Linear Kernel
2024-08-31 09:25:33,081:INFO:Total runtime is 0.11138270298639932 minutes
2024-08-31 09:25:33,081:INFO:SubProcess create_model() called ==================================
2024-08-31 09:25:33,081:INFO:Initializing create_model()
2024-08-31 09:25:33,081:INFO:create_model(self=<pycaret.classification.oop.ClassificationExperiment object at 0x0000023A4890EF90>, estimator=svm, fold=StratifiedKFold(n_splits=10, random_state=None, shuffle=False), round=4, cross_validation=True, predict=True, fit_kwargs={}, groups=None, refit=False, probability_threshold=None, experiment_custom_tags=None, verbose=False, system=False, add_to_model_list=True, metrics=None, display=<pycaret.internal.display.display.CommonDisplay object at 0x0000023A11E3F5D0>, model_only=True, return_train_score=False, error_score=0.0, kwargs={})
2024-08-31 09:25:33,081:INFO:Checking exceptions
2024-08-31 09:25:33,081:INFO:Importing libraries
2024-08-31 09:25:33,081:INFO:Copying training dataset
2024-08-31 09:25:33,084:INFO:Defining folds
2024-08-31 09:25:33,084:INFO:Declaring metric variables
2024-08-31 09:25:33,084:INFO:Importing untrained model
2024-08-31 09:25:33,085:INFO:SVM - Linear Kernel Imported successfully
2024-08-31 09:25:33,085:INFO:Starting cross validation
2024-08-31 09:25:33,085:INFO:Cross validating with StratifiedKFold(n_splits=10, random_state=None, shuffle=False), n_jobs=-1
2024-08-31 09:25:33,146:INFO:Calculating mean and std
2024-08-31 09:25:33,147:INFO:Creating metrics dataframe
2024-08-31 09:25:33,149:INFO:Uploading results into container
2024-08-31 09:25:33,149:INFO:Uploading model into container now
2024-08-31 09:25:33,150:INFO:_master_model_container: 5
2024-08-31 09:25:33,150:INFO:_display_container: 2
2024-08-31 09:25:33,150:INFO:SGDClassifier(alpha=0.0001, average=False, class_weight=None,
              early_stopping=False, epsilon=0.1, eta0=0.001, fit_intercept=True,
              l1_ratio=0.15, learning_rate='optimal', loss='hinge',
              max_iter=1000, n_iter_no_change=5, n_jobs=-1, penalty='l2',
              power_t=0.5, random_state=266, shuffle=True, tol=0.001,
              validation_fraction=0.1, verbose=0, warm_start=False)
2024-08-31 09:25:33,150:INFO:create_model() successfully completed......................................
2024-08-31 09:25:33,217:INFO:SubProcess create_model() end ==================================
2024-08-31 09:25:33,217:INFO:Creating metrics dataframe
2024-08-31 09:25:33,219:INFO:Initializing Ridge Classifier
2024-08-31 09:25:33,219:INFO:Total runtime is 0.11367597182591756 minutes
2024-08-31 09:25:33,219:INFO:SubProcess create_model() called ==================================
2024-08-31 09:25:33,219:INFO:Initializing create_model()
2024-08-31 09:25:33,219:INFO:create_model(self=<pycaret.classification.oop.ClassificationExperiment object at 0x0000023A4890EF90>, estimator=ridge, fold=StratifiedKFold(n_splits=10, random_state=None, shuffle=False), round=4, cross_validation=True, predict=True, fit_kwargs={}, groups=None, refit=False, probability_threshold=None, experiment_custom_tags=None, verbose=False, system=False, add_to_model_list=True, metrics=None, display=<pycaret.internal.display.display.CommonDisplay object at 0x0000023A11E3F5D0>, model_only=True, return_train_score=False, error_score=0.0, kwargs={})
2024-08-31 09:25:33,219:INFO:Checking exceptions
2024-08-31 09:25:33,219:INFO:Importing libraries
2024-08-31 09:25:33,219:INFO:Copying training dataset
2024-08-31 09:25:33,222:INFO:Defining folds
2024-08-31 09:25:33,222:INFO:Declaring metric variables
2024-08-31 09:25:33,222:INFO:Importing untrained model
2024-08-31 09:25:33,223:INFO:Ridge Classifier Imported successfully
2024-08-31 09:25:33,223:INFO:Starting cross validation
2024-08-31 09:25:33,224:INFO:Cross validating with StratifiedKFold(n_splits=10, random_state=None, shuffle=False), n_jobs=-1
2024-08-31 09:25:33,283:INFO:Calculating mean and std
2024-08-31 09:25:33,284:INFO:Creating metrics dataframe
2024-08-31 09:25:33,285:INFO:Uploading results into container
2024-08-31 09:25:33,286:INFO:Uploading model into container now
2024-08-31 09:25:33,286:INFO:_master_model_container: 6
2024-08-31 09:25:33,286:INFO:_display_container: 2
2024-08-31 09:25:33,286:INFO:RidgeClassifier(alpha=1.0, class_weight=None, copy_X=True, fit_intercept=True,
                max_iter=None, positive=False, random_state=266, solver='auto',
                tol=0.0001)
2024-08-31 09:25:33,286:INFO:create_model() successfully completed......................................
2024-08-31 09:25:33,353:INFO:SubProcess create_model() end ==================================
2024-08-31 09:25:33,354:INFO:Creating metrics dataframe
2024-08-31 09:25:33,356:INFO:Initializing Random Forest Classifier
2024-08-31 09:25:33,356:INFO:Total runtime is 0.11595731178919474 minutes
2024-08-31 09:25:33,356:INFO:SubProcess create_model() called ==================================
2024-08-31 09:25:33,356:INFO:Initializing create_model()
2024-08-31 09:25:33,356:INFO:create_model(self=<pycaret.classification.oop.ClassificationExperiment object at 0x0000023A4890EF90>, estimator=rf, fold=StratifiedKFold(n_splits=10, random_state=None, shuffle=False), round=4, cross_validation=True, predict=True, fit_kwargs={}, groups=None, refit=False, probability_threshold=None, experiment_custom_tags=None, verbose=False, system=False, add_to_model_list=True, metrics=None, display=<pycaret.internal.display.display.CommonDisplay object at 0x0000023A11E3F5D0>, model_only=True, return_train_score=False, error_score=0.0, kwargs={})
2024-08-31 09:25:33,356:INFO:Checking exceptions
2024-08-31 09:25:33,356:INFO:Importing libraries
2024-08-31 09:25:33,356:INFO:Copying training dataset
2024-08-31 09:25:33,359:INFO:Defining folds
2024-08-31 09:25:33,359:INFO:Declaring metric variables
2024-08-31 09:25:33,360:INFO:Importing untrained model
2024-08-31 09:25:33,360:INFO:Random Forest Classifier Imported successfully
2024-08-31 09:25:33,360:INFO:Starting cross validation
2024-08-31 09:25:33,361:INFO:Cross validating with StratifiedKFold(n_splits=10, random_state=None, shuffle=False), n_jobs=-1
2024-08-31 09:25:33,762:INFO:Calculating mean and std
2024-08-31 09:25:33,763:INFO:Creating metrics dataframe
2024-08-31 09:25:33,765:INFO:Uploading results into container
2024-08-31 09:25:33,765:INFO:Uploading model into container now
2024-08-31 09:25:33,766:INFO:_master_model_container: 7
2024-08-31 09:25:33,766:INFO:_display_container: 2
2024-08-31 09:25:33,767:INFO:RandomForestClassifier(bootstrap=True, ccp_alpha=0.0, class_weight=None,
                       criterion='gini', max_depth=None, max_features='sqrt',
                       max_leaf_nodes=None, max_samples=None,
                       min_impurity_decrease=0.0, min_samples_leaf=1,
                       min_samples_split=2, min_weight_fraction_leaf=0.0,
                       monotonic_cst=None, n_estimators=100, n_jobs=-1,
                       oob_score=False, random_state=266, verbose=0,
                       warm_start=False)
2024-08-31 09:25:33,767:INFO:create_model() successfully completed......................................
2024-08-31 09:25:33,835:INFO:SubProcess create_model() end ==================================
2024-08-31 09:25:33,835:INFO:Creating metrics dataframe
2024-08-31 09:25:33,837:INFO:Initializing Quadratic Discriminant Analysis
2024-08-31 09:25:33,837:INFO:Total runtime is 0.12397785186767578 minutes
2024-08-31 09:25:33,838:INFO:SubProcess create_model() called ==================================
2024-08-31 09:25:33,838:INFO:Initializing create_model()
2024-08-31 09:25:33,838:INFO:create_model(self=<pycaret.classification.oop.ClassificationExperiment object at 0x0000023A4890EF90>, estimator=qda, fold=StratifiedKFold(n_splits=10, random_state=None, shuffle=False), round=4, cross_validation=True, predict=True, fit_kwargs={}, groups=None, refit=False, probability_threshold=None, experiment_custom_tags=None, verbose=False, system=False, add_to_model_list=True, metrics=None, display=<pycaret.internal.display.display.CommonDisplay object at 0x0000023A11E3F5D0>, model_only=True, return_train_score=False, error_score=0.0, kwargs={})
2024-08-31 09:25:33,838:INFO:Checking exceptions
2024-08-31 09:25:33,838:INFO:Importing libraries
2024-08-31 09:25:33,838:INFO:Copying training dataset
2024-08-31 09:25:33,841:INFO:Defining folds
2024-08-31 09:25:33,841:INFO:Declaring metric variables
2024-08-31 09:25:33,841:INFO:Importing untrained model
2024-08-31 09:25:33,841:INFO:Quadratic Discriminant Analysis Imported successfully
2024-08-31 09:25:33,841:INFO:Starting cross validation
2024-08-31 09:25:33,842:INFO:Cross validating with StratifiedKFold(n_splits=10, random_state=None, shuffle=False), n_jobs=-1
2024-08-31 09:25:33,901:INFO:Calculating mean and std
2024-08-31 09:25:33,902:INFO:Creating metrics dataframe
2024-08-31 09:25:33,904:INFO:Uploading results into container
2024-08-31 09:25:33,904:INFO:Uploading model into container now
2024-08-31 09:25:33,904:INFO:_master_model_container: 8
2024-08-31 09:25:33,904:INFO:_display_container: 2
2024-08-31 09:25:33,904:INFO:QuadraticDiscriminantAnalysis(priors=None, reg_param=0.0,
                              store_covariance=False, tol=0.0001)
2024-08-31 09:25:33,905:INFO:create_model() successfully completed......................................
2024-08-31 09:25:33,972:INFO:SubProcess create_model() end ==================================
2024-08-31 09:25:33,972:INFO:Creating metrics dataframe
2024-08-31 09:25:33,974:INFO:Initializing Ada Boost Classifier
2024-08-31 09:25:33,974:INFO:Total runtime is 0.1262588898340861 minutes
2024-08-31 09:25:33,974:INFO:SubProcess create_model() called ==================================
2024-08-31 09:25:33,975:INFO:Initializing create_model()
2024-08-31 09:25:33,975:INFO:create_model(self=<pycaret.classification.oop.ClassificationExperiment object at 0x0000023A4890EF90>, estimator=ada, fold=StratifiedKFold(n_splits=10, random_state=None, shuffle=False), round=4, cross_validation=True, predict=True, fit_kwargs={}, groups=None, refit=False, probability_threshold=None, experiment_custom_tags=None, verbose=False, system=False, add_to_model_list=True, metrics=None, display=<pycaret.internal.display.display.CommonDisplay object at 0x0000023A11E3F5D0>, model_only=True, return_train_score=False, error_score=0.0, kwargs={})
2024-08-31 09:25:33,975:INFO:Checking exceptions
2024-08-31 09:25:33,975:INFO:Importing libraries
2024-08-31 09:25:33,975:INFO:Copying training dataset
2024-08-31 09:25:33,977:INFO:Defining folds
2024-08-31 09:25:33,978:INFO:Declaring metric variables
2024-08-31 09:25:33,978:INFO:Importing untrained model
2024-08-31 09:25:33,978:INFO:Ada Boost Classifier Imported successfully
2024-08-31 09:25:33,978:INFO:Starting cross validation
2024-08-31 09:25:33,979:INFO:Cross validating with StratifiedKFold(n_splits=10, random_state=None, shuffle=False), n_jobs=-1
2024-08-31 09:25:34,000:WARNING:C:\Users\surya\OneDrive\Desktop\Data Science Project\Diabetes analysis\.venv\Lib\site-packages\sklearn\ensemble\_weight_boosting.py:519: FutureWarning: The SAMME.R algorithm (the default) is deprecated and will be removed in 1.6. Use the SAMME algorithm to circumvent this warning.
  warnings.warn(

2024-08-31 09:25:34,002:WARNING:C:\Users\surya\OneDrive\Desktop\Data Science Project\Diabetes analysis\.venv\Lib\site-packages\sklearn\ensemble\_weight_boosting.py:519: FutureWarning: The SAMME.R algorithm (the default) is deprecated and will be removed in 1.6. Use the SAMME algorithm to circumvent this warning.
  warnings.warn(

2024-08-31 09:25:34,004:WARNING:C:\Users\surya\OneDrive\Desktop\Data Science Project\Diabetes analysis\.venv\Lib\site-packages\sklearn\ensemble\_weight_boosting.py:519: FutureWarning: The SAMME.R algorithm (the default) is deprecated and will be removed in 1.6. Use the SAMME algorithm to circumvent this warning.
  warnings.warn(

2024-08-31 09:25:34,005:WARNING:C:\Users\surya\OneDrive\Desktop\Data Science Project\Diabetes analysis\.venv\Lib\site-packages\sklearn\ensemble\_weight_boosting.py:519: FutureWarning: The SAMME.R algorithm (the default) is deprecated and will be removed in 1.6. Use the SAMME algorithm to circumvent this warning.
  warnings.warn(

2024-08-31 09:25:34,005:WARNING:C:\Users\surya\OneDrive\Desktop\Data Science Project\Diabetes analysis\.venv\Lib\site-packages\sklearn\ensemble\_weight_boosting.py:519: FutureWarning: The SAMME.R algorithm (the default) is deprecated and will be removed in 1.6. Use the SAMME algorithm to circumvent this warning.
  warnings.warn(

2024-08-31 09:25:34,006:WARNING:C:\Users\surya\OneDrive\Desktop\Data Science Project\Diabetes analysis\.venv\Lib\site-packages\sklearn\ensemble\_weight_boosting.py:519: FutureWarning: The SAMME.R algorithm (the default) is deprecated and will be removed in 1.6. Use the SAMME algorithm to circumvent this warning.
  warnings.warn(

2024-08-31 09:25:34,009:WARNING:C:\Users\surya\OneDrive\Desktop\Data Science Project\Diabetes analysis\.venv\Lib\site-packages\sklearn\ensemble\_weight_boosting.py:519: FutureWarning: The SAMME.R algorithm (the default) is deprecated and will be removed in 1.6. Use the SAMME algorithm to circumvent this warning.
  warnings.warn(

2024-08-31 09:25:34,012:WARNING:C:\Users\surya\OneDrive\Desktop\Data Science Project\Diabetes analysis\.venv\Lib\site-packages\sklearn\ensemble\_weight_boosting.py:519: FutureWarning: The SAMME.R algorithm (the default) is deprecated and will be removed in 1.6. Use the SAMME algorithm to circumvent this warning.
  warnings.warn(

2024-08-31 09:25:34,014:WARNING:C:\Users\surya\OneDrive\Desktop\Data Science Project\Diabetes analysis\.venv\Lib\site-packages\sklearn\ensemble\_weight_boosting.py:519: FutureWarning: The SAMME.R algorithm (the default) is deprecated and will be removed in 1.6. Use the SAMME algorithm to circumvent this warning.
  warnings.warn(

2024-08-31 09:25:34,016:WARNING:C:\Users\surya\OneDrive\Desktop\Data Science Project\Diabetes analysis\.venv\Lib\site-packages\sklearn\ensemble\_weight_boosting.py:519: FutureWarning: The SAMME.R algorithm (the default) is deprecated and will be removed in 1.6. Use the SAMME algorithm to circumvent this warning.
  warnings.warn(

2024-08-31 09:25:34,163:INFO:Calculating mean and std
2024-08-31 09:25:34,164:INFO:Creating metrics dataframe
2024-08-31 09:25:34,166:INFO:Uploading results into container
2024-08-31 09:25:34,166:INFO:Uploading model into container now
2024-08-31 09:25:34,167:INFO:_master_model_container: 9
2024-08-31 09:25:34,167:INFO:_display_container: 2
2024-08-31 09:25:34,167:INFO:AdaBoostClassifier(algorithm='SAMME.R', estimator=None, learning_rate=1.0,
                   n_estimators=50, random_state=266)
2024-08-31 09:25:34,167:INFO:create_model() successfully completed......................................
2024-08-31 09:25:34,233:INFO:SubProcess create_model() end ==================================
2024-08-31 09:25:34,234:INFO:Creating metrics dataframe
2024-08-31 09:25:34,235:INFO:Initializing Gradient Boosting Classifier
2024-08-31 09:25:34,235:INFO:Total runtime is 0.13061986764272054 minutes
2024-08-31 09:25:34,235:INFO:SubProcess create_model() called ==================================
2024-08-31 09:25:34,237:INFO:Initializing create_model()
2024-08-31 09:25:34,237:INFO:create_model(self=<pycaret.classification.oop.ClassificationExperiment object at 0x0000023A4890EF90>, estimator=gbc, fold=StratifiedKFold(n_splits=10, random_state=None, shuffle=False), round=4, cross_validation=True, predict=True, fit_kwargs={}, groups=None, refit=False, probability_threshold=None, experiment_custom_tags=None, verbose=False, system=False, add_to_model_list=True, metrics=None, display=<pycaret.internal.display.display.CommonDisplay object at 0x0000023A11E3F5D0>, model_only=True, return_train_score=False, error_score=0.0, kwargs={})
2024-08-31 09:25:34,237:INFO:Checking exceptions
2024-08-31 09:25:34,237:INFO:Importing libraries
2024-08-31 09:25:34,237:INFO:Copying training dataset
2024-08-31 09:25:34,239:INFO:Defining folds
2024-08-31 09:25:34,239:INFO:Declaring metric variables
2024-08-31 09:25:34,239:INFO:Importing untrained model
2024-08-31 09:25:34,240:INFO:Gradient Boosting Classifier Imported successfully
2024-08-31 09:25:34,240:INFO:Starting cross validation
2024-08-31 09:25:34,240:INFO:Cross validating with StratifiedKFold(n_splits=10, random_state=None, shuffle=False), n_jobs=-1
2024-08-31 09:25:34,497:INFO:Calculating mean and std
2024-08-31 09:25:34,499:INFO:Creating metrics dataframe
2024-08-31 09:25:34,501:INFO:Uploading results into container
2024-08-31 09:25:34,501:INFO:Uploading model into container now
2024-08-31 09:25:34,501:INFO:_master_model_container: 10
2024-08-31 09:25:34,501:INFO:_display_container: 2
2024-08-31 09:25:34,502:INFO:GradientBoostingClassifier(ccp_alpha=0.0, criterion='friedman_mse', init=None,
                           learning_rate=0.1, loss='log_loss', max_depth=3,
                           max_features=None, max_leaf_nodes=None,
                           min_impurity_decrease=0.0, min_samples_leaf=1,
                           min_samples_split=2, min_weight_fraction_leaf=0.0,
                           n_estimators=100, n_iter_no_change=None,
                           random_state=266, subsample=1.0, tol=0.0001,
                           validation_fraction=0.1, verbose=0,
                           warm_start=False)
2024-08-31 09:25:34,502:INFO:create_model() successfully completed......................................
2024-08-31 09:25:34,569:INFO:SubProcess create_model() end ==================================
2024-08-31 09:25:34,570:INFO:Creating metrics dataframe
2024-08-31 09:25:34,572:INFO:Initializing Linear Discriminant Analysis
2024-08-31 09:25:34,572:INFO:Total runtime is 0.13622239828109742 minutes
2024-08-31 09:25:34,572:INFO:SubProcess create_model() called ==================================
2024-08-31 09:25:34,572:INFO:Initializing create_model()
2024-08-31 09:25:34,572:INFO:create_model(self=<pycaret.classification.oop.ClassificationExperiment object at 0x0000023A4890EF90>, estimator=lda, fold=StratifiedKFold(n_splits=10, random_state=None, shuffle=False), round=4, cross_validation=True, predict=True, fit_kwargs={}, groups=None, refit=False, probability_threshold=None, experiment_custom_tags=None, verbose=False, system=False, add_to_model_list=True, metrics=None, display=<pycaret.internal.display.display.CommonDisplay object at 0x0000023A11E3F5D0>, model_only=True, return_train_score=False, error_score=0.0, kwargs={})
2024-08-31 09:25:34,572:INFO:Checking exceptions
2024-08-31 09:25:34,572:INFO:Importing libraries
2024-08-31 09:25:34,572:INFO:Copying training dataset
2024-08-31 09:25:34,575:INFO:Defining folds
2024-08-31 09:25:34,575:INFO:Declaring metric variables
2024-08-31 09:25:34,575:INFO:Importing untrained model
2024-08-31 09:25:34,575:INFO:Linear Discriminant Analysis Imported successfully
2024-08-31 09:25:34,576:INFO:Starting cross validation
2024-08-31 09:25:34,576:INFO:Cross validating with StratifiedKFold(n_splits=10, random_state=None, shuffle=False), n_jobs=-1
2024-08-31 09:25:34,635:INFO:Calculating mean and std
2024-08-31 09:25:34,636:INFO:Creating metrics dataframe
2024-08-31 09:25:34,638:INFO:Uploading results into container
2024-08-31 09:25:34,638:INFO:Uploading model into container now
2024-08-31 09:25:34,639:INFO:_master_model_container: 11
2024-08-31 09:25:34,639:INFO:_display_container: 2
2024-08-31 09:25:34,639:INFO:LinearDiscriminantAnalysis(covariance_estimator=None, n_components=None,
                           priors=None, shrinkage=None, solver='svd',
                           store_covariance=False, tol=0.0001)
2024-08-31 09:25:34,639:INFO:create_model() successfully completed......................................
2024-08-31 09:25:34,706:INFO:SubProcess create_model() end ==================================
2024-08-31 09:25:34,706:INFO:Creating metrics dataframe
2024-08-31 09:25:34,708:INFO:Initializing Extra Trees Classifier
2024-08-31 09:25:34,708:INFO:Total runtime is 0.13849282662073772 minutes
2024-08-31 09:25:34,708:INFO:SubProcess create_model() called ==================================
2024-08-31 09:25:34,708:INFO:Initializing create_model()
2024-08-31 09:25:34,708:INFO:create_model(self=<pycaret.classification.oop.ClassificationExperiment object at 0x0000023A4890EF90>, estimator=et, fold=StratifiedKFold(n_splits=10, random_state=None, shuffle=False), round=4, cross_validation=True, predict=True, fit_kwargs={}, groups=None, refit=False, probability_threshold=None, experiment_custom_tags=None, verbose=False, system=False, add_to_model_list=True, metrics=None, display=<pycaret.internal.display.display.CommonDisplay object at 0x0000023A11E3F5D0>, model_only=True, return_train_score=False, error_score=0.0, kwargs={})
2024-08-31 09:25:34,708:INFO:Checking exceptions
2024-08-31 09:25:34,709:INFO:Importing libraries
2024-08-31 09:25:34,709:INFO:Copying training dataset
2024-08-31 09:25:34,711:INFO:Defining folds
2024-08-31 09:25:34,711:INFO:Declaring metric variables
2024-08-31 09:25:34,712:INFO:Importing untrained model
2024-08-31 09:25:34,712:INFO:Extra Trees Classifier Imported successfully
2024-08-31 09:25:34,712:INFO:Starting cross validation
2024-08-31 09:25:34,713:INFO:Cross validating with StratifiedKFold(n_splits=10, random_state=None, shuffle=False), n_jobs=-1
2024-08-31 09:25:35,042:INFO:Calculating mean and std
2024-08-31 09:25:35,044:INFO:Creating metrics dataframe
2024-08-31 09:25:35,046:INFO:Uploading results into container
2024-08-31 09:25:35,046:INFO:Uploading model into container now
2024-08-31 09:25:35,046:INFO:_master_model_container: 12
2024-08-31 09:25:35,046:INFO:_display_container: 2
2024-08-31 09:25:35,047:INFO:ExtraTreesClassifier(bootstrap=False, ccp_alpha=0.0, class_weight=None,
                     criterion='gini', max_depth=None, max_features='sqrt',
                     max_leaf_nodes=None, max_samples=None,
                     min_impurity_decrease=0.0, min_samples_leaf=1,
                     min_samples_split=2, min_weight_fraction_leaf=0.0,
                     monotonic_cst=None, n_estimators=100, n_jobs=-1,
                     oob_score=False, random_state=266, verbose=0,
                     warm_start=False)
2024-08-31 09:25:35,047:INFO:create_model() successfully completed......................................
2024-08-31 09:25:35,118:INFO:SubProcess create_model() end ==================================
2024-08-31 09:25:35,119:INFO:Creating metrics dataframe
2024-08-31 09:25:35,121:INFO:Initializing Light Gradient Boosting Machine
2024-08-31 09:25:35,121:INFO:Total runtime is 0.14537667433420817 minutes
2024-08-31 09:25:35,121:INFO:SubProcess create_model() called ==================================
2024-08-31 09:25:35,121:INFO:Initializing create_model()
2024-08-31 09:25:35,121:INFO:create_model(self=<pycaret.classification.oop.ClassificationExperiment object at 0x0000023A4890EF90>, estimator=lightgbm, fold=StratifiedKFold(n_splits=10, random_state=None, shuffle=False), round=4, cross_validation=True, predict=True, fit_kwargs={}, groups=None, refit=False, probability_threshold=None, experiment_custom_tags=None, verbose=False, system=False, add_to_model_list=True, metrics=None, display=<pycaret.internal.display.display.CommonDisplay object at 0x0000023A11E3F5D0>, model_only=True, return_train_score=False, error_score=0.0, kwargs={})
2024-08-31 09:25:35,121:INFO:Checking exceptions
2024-08-31 09:25:35,121:INFO:Importing libraries
2024-08-31 09:25:35,121:INFO:Copying training dataset
2024-08-31 09:25:35,124:INFO:Defining folds
2024-08-31 09:25:35,124:INFO:Declaring metric variables
2024-08-31 09:25:35,124:INFO:Importing untrained model
2024-08-31 09:25:35,125:INFO:Light Gradient Boosting Machine Imported successfully
2024-08-31 09:25:35,125:INFO:Starting cross validation
2024-08-31 09:25:35,125:INFO:Cross validating with StratifiedKFold(n_splits=10, random_state=None, shuffle=False), n_jobs=-1
2024-08-31 09:25:35,701:INFO:Calculating mean and std
2024-08-31 09:25:35,702:INFO:Creating metrics dataframe
2024-08-31 09:25:35,704:INFO:Uploading results into container
2024-08-31 09:25:35,705:INFO:Uploading model into container now
2024-08-31 09:25:35,705:INFO:_master_model_container: 13
2024-08-31 09:25:35,706:INFO:_display_container: 2
2024-08-31 09:25:35,706:INFO:LGBMClassifier(boosting_type='gbdt', class_weight=None, colsample_bytree=1.0,
               importance_type='split', learning_rate=0.1, max_depth=-1,
               min_child_samples=20, min_child_weight=0.001, min_split_gain=0.0,
               n_estimators=100, n_jobs=-1, num_leaves=31, objective=None,
               random_state=266, reg_alpha=0.0, reg_lambda=0.0, subsample=1.0,
               subsample_for_bin=200000, subsample_freq=0)
2024-08-31 09:25:35,707:INFO:create_model() successfully completed......................................
2024-08-31 09:25:35,792:INFO:SubProcess create_model() end ==================================
2024-08-31 09:25:35,792:INFO:Creating metrics dataframe
2024-08-31 09:25:35,794:INFO:Initializing Dummy Classifier
2024-08-31 09:25:35,794:INFO:Total runtime is 0.15659232934316 minutes
2024-08-31 09:25:35,794:INFO:SubProcess create_model() called ==================================
2024-08-31 09:25:35,794:INFO:Initializing create_model()
2024-08-31 09:25:35,794:INFO:create_model(self=<pycaret.classification.oop.ClassificationExperiment object at 0x0000023A4890EF90>, estimator=dummy, fold=StratifiedKFold(n_splits=10, random_state=None, shuffle=False), round=4, cross_validation=True, predict=True, fit_kwargs={}, groups=None, refit=False, probability_threshold=None, experiment_custom_tags=None, verbose=False, system=False, add_to_model_list=True, metrics=None, display=<pycaret.internal.display.display.CommonDisplay object at 0x0000023A11E3F5D0>, model_only=True, return_train_score=False, error_score=0.0, kwargs={})
2024-08-31 09:25:35,794:INFO:Checking exceptions
2024-08-31 09:25:35,794:INFO:Importing libraries
2024-08-31 09:25:35,794:INFO:Copying training dataset
2024-08-31 09:25:35,797:INFO:Defining folds
2024-08-31 09:25:35,797:INFO:Declaring metric variables
2024-08-31 09:25:35,797:INFO:Importing untrained model
2024-08-31 09:25:35,797:INFO:Dummy Classifier Imported successfully
2024-08-31 09:25:35,798:INFO:Starting cross validation
2024-08-31 09:25:35,798:INFO:Cross validating with StratifiedKFold(n_splits=10, random_state=None, shuffle=False), n_jobs=-1
2024-08-31 09:25:35,830:WARNING:C:\Users\surya\OneDrive\Desktop\Data Science Project\Diabetes analysis\.venv\Lib\site-packages\sklearn\metrics\_classification.py:1509: UndefinedMetricWarning: Precision is ill-defined and being set to 0.0 due to no predicted samples. Use `zero_division` parameter to control this behavior.
  _warn_prf(average, modifier, f"{metric.capitalize()} is", len(result))

2024-08-31 09:25:35,833:WARNING:C:\Users\surya\OneDrive\Desktop\Data Science Project\Diabetes analysis\.venv\Lib\site-packages\sklearn\metrics\_classification.py:1509: UndefinedMetricWarning: Precision is ill-defined and being set to 0.0 due to no predicted samples. Use `zero_division` parameter to control this behavior.
  _warn_prf(average, modifier, f"{metric.capitalize()} is", len(result))

2024-08-31 09:25:35,834:WARNING:C:\Users\surya\OneDrive\Desktop\Data Science Project\Diabetes analysis\.venv\Lib\site-packages\sklearn\metrics\_classification.py:1509: UndefinedMetricWarning: Precision is ill-defined and being set to 0.0 due to no predicted samples. Use `zero_division` parameter to control this behavior.
  _warn_prf(average, modifier, f"{metric.capitalize()} is", len(result))

2024-08-31 09:25:35,835:WARNING:C:\Users\surya\OneDrive\Desktop\Data Science Project\Diabetes analysis\.venv\Lib\site-packages\sklearn\metrics\_classification.py:1509: UndefinedMetricWarning: Precision is ill-defined and being set to 0.0 due to no predicted samples. Use `zero_division` parameter to control this behavior.
  _warn_prf(average, modifier, f"{metric.capitalize()} is", len(result))

2024-08-31 09:25:35,835:WARNING:C:\Users\surya\OneDrive\Desktop\Data Science Project\Diabetes analysis\.venv\Lib\site-packages\sklearn\metrics\_classification.py:1509: UndefinedMetricWarning: Precision is ill-defined and being set to 0.0 due to no predicted samples. Use `zero_division` parameter to control this behavior.
  _warn_prf(average, modifier, f"{metric.capitalize()} is", len(result))

2024-08-31 09:25:35,838:WARNING:C:\Users\surya\OneDrive\Desktop\Data Science Project\Diabetes analysis\.venv\Lib\site-packages\sklearn\metrics\_classification.py:1509: UndefinedMetricWarning: Precision is ill-defined and being set to 0.0 due to no predicted samples. Use `zero_division` parameter to control this behavior.
  _warn_prf(average, modifier, f"{metric.capitalize()} is", len(result))

2024-08-31 09:25:35,838:WARNING:C:\Users\surya\OneDrive\Desktop\Data Science Project\Diabetes analysis\.venv\Lib\site-packages\sklearn\metrics\_classification.py:1509: UndefinedMetricWarning: Precision is ill-defined and being set to 0.0 due to no predicted samples. Use `zero_division` parameter to control this behavior.
  _warn_prf(average, modifier, f"{metric.capitalize()} is", len(result))

2024-08-31 09:25:35,843:WARNING:C:\Users\surya\OneDrive\Desktop\Data Science Project\Diabetes analysis\.venv\Lib\site-packages\sklearn\metrics\_classification.py:1509: UndefinedMetricWarning: Precision is ill-defined and being set to 0.0 due to no predicted samples. Use `zero_division` parameter to control this behavior.
  _warn_prf(average, modifier, f"{metric.capitalize()} is", len(result))

2024-08-31 09:25:35,844:WARNING:C:\Users\surya\OneDrive\Desktop\Data Science Project\Diabetes analysis\.venv\Lib\site-packages\sklearn\metrics\_classification.py:1509: UndefinedMetricWarning: Precision is ill-defined and being set to 0.0 due to no predicted samples. Use `zero_division` parameter to control this behavior.
  _warn_prf(average, modifier, f"{metric.capitalize()} is", len(result))

2024-08-31 09:25:35,845:WARNING:C:\Users\surya\OneDrive\Desktop\Data Science Project\Diabetes analysis\.venv\Lib\site-packages\sklearn\metrics\_classification.py:1509: UndefinedMetricWarning: Precision is ill-defined and being set to 0.0 due to no predicted samples. Use `zero_division` parameter to control this behavior.
  _warn_prf(average, modifier, f"{metric.capitalize()} is", len(result))

2024-08-31 09:25:35,858:INFO:Calculating mean and std
2024-08-31 09:25:35,860:INFO:Creating metrics dataframe
2024-08-31 09:25:35,861:INFO:Uploading results into container
2024-08-31 09:25:35,862:INFO:Uploading model into container now
2024-08-31 09:25:35,862:INFO:_master_model_container: 14
2024-08-31 09:25:35,862:INFO:_display_container: 2
2024-08-31 09:25:35,862:INFO:DummyClassifier(constant=None, random_state=266, strategy='prior')
2024-08-31 09:25:35,862:INFO:create_model() successfully completed......................................
2024-08-31 09:25:35,931:INFO:SubProcess create_model() end ==================================
2024-08-31 09:25:35,932:INFO:Creating metrics dataframe
2024-08-31 09:25:35,935:INFO:Initializing create_model()
2024-08-31 09:25:35,935:INFO:create_model(self=<pycaret.classification.oop.ClassificationExperiment object at 0x0000023A4890EF90>, estimator=RidgeClassifier(alpha=1.0, class_weight=None, copy_X=True, fit_intercept=True,
                max_iter=None, positive=False, random_state=266, solver='auto',
                tol=0.0001), fold=StratifiedKFold(n_splits=10, random_state=None, shuffle=False), round=4, cross_validation=False, predict=False, fit_kwargs={}, groups=None, refit=True, probability_threshold=None, experiment_custom_tags=None, verbose=False, system=False, add_to_model_list=True, metrics=None, display=None, model_only=True, return_train_score=False, error_score=0.0, kwargs={})
2024-08-31 09:25:35,935:INFO:Checking exceptions
2024-08-31 09:25:35,935:INFO:Importing libraries
2024-08-31 09:25:35,935:INFO:Copying training dataset
2024-08-31 09:25:35,938:INFO:Defining folds
2024-08-31 09:25:35,938:INFO:Declaring metric variables
2024-08-31 09:25:35,938:INFO:Importing untrained model
2024-08-31 09:25:35,938:INFO:Declaring custom model
2024-08-31 09:25:35,939:INFO:Ridge Classifier Imported successfully
2024-08-31 09:25:35,939:INFO:Cross validation set to False
2024-08-31 09:25:35,939:INFO:Fitting Model
2024-08-31 09:25:35,947:INFO:RidgeClassifier(alpha=1.0, class_weight=None, copy_X=True, fit_intercept=True,
                max_iter=None, positive=False, random_state=266, solver='auto',
                tol=0.0001)
2024-08-31 09:25:35,947:INFO:create_model() successfully completed......................................
2024-08-31 09:25:36,026:INFO:_master_model_container: 14
2024-08-31 09:25:36,027:INFO:_display_container: 2
2024-08-31 09:25:36,027:INFO:RidgeClassifier(alpha=1.0, class_weight=None, copy_X=True, fit_intercept=True,
                max_iter=None, positive=False, random_state=266, solver='auto',
                tol=0.0001)
2024-08-31 09:25:36,027:INFO:compare_models() successfully completed......................................
2024-08-31 09:25:36,027:INFO:Initializing create_model()
2024-08-31 09:25:36,027:INFO:create_model(self=<pycaret.classification.oop.ClassificationExperiment object at 0x0000023A4890EF90>, estimator=lda, fold=None, round=4, cross_validation=True, predict=True, fit_kwargs=None, groups=None, refit=True, probability_threshold=None, experiment_custom_tags=None, verbose=True, system=True, add_to_model_list=True, metrics=None, display=None, model_only=True, return_train_score=False, error_score=0.0, kwargs={})
2024-08-31 09:25:36,027:INFO:Checking exceptions
2024-08-31 09:25:36,028:INFO:Importing libraries
2024-08-31 09:25:36,028:INFO:Copying training dataset
2024-08-31 09:25:36,031:INFO:Defining folds
2024-08-31 09:25:36,031:INFO:Declaring metric variables
2024-08-31 09:25:36,031:INFO:Importing untrained model
2024-08-31 09:25:36,032:INFO:Linear Discriminant Analysis Imported successfully
2024-08-31 09:25:36,032:INFO:Starting cross validation
2024-08-31 09:25:36,032:INFO:Cross validating with StratifiedKFold(n_splits=10, random_state=None, shuffle=False), n_jobs=-1
2024-08-31 09:25:36,103:INFO:Calculating mean and std
2024-08-31 09:25:36,104:INFO:Creating metrics dataframe
2024-08-31 09:25:36,106:INFO:Finalizing model
2024-08-31 09:25:36,116:INFO:Uploading results into container
2024-08-31 09:25:36,117:INFO:Uploading model into container now
2024-08-31 09:25:36,126:INFO:_master_model_container: 15
2024-08-31 09:25:36,127:INFO:_display_container: 3
2024-08-31 09:25:36,127:INFO:LinearDiscriminantAnalysis(covariance_estimator=None, n_components=None,
                           priors=None, shrinkage=None, solver='svd',
                           store_covariance=False, tol=0.0001)
2024-08-31 09:25:36,127:INFO:create_model() successfully completed......................................
2024-08-31 09:25:36,196:INFO:Initializing tune_model()
2024-08-31 09:25:36,196:INFO:tune_model(self=<pycaret.classification.oop.ClassificationExperiment object at 0x0000023A4890EF90>, estimator=LinearDiscriminantAnalysis(covariance_estimator=None, n_components=None,
                           priors=None, shrinkage=None, solver='svd',
                           store_covariance=False, tol=0.0001), fold=None, round=4, n_iter=10, custom_grid=None, optimize=Accuracy, custom_scorer=None, search_library=scikit-learn, search_algorithm=None, early_stopping=False, early_stopping_max_iters=10, choose_better=True, fit_kwargs=None, groups=None, return_tuner=False, verbose=True, tuner_verbose=True, return_train_score=False, kwargs={})
2024-08-31 09:25:36,196:INFO:Checking exceptions
2024-08-31 09:25:36,198:INFO:Copying training dataset
2024-08-31 09:25:36,200:INFO:Checking base model
2024-08-31 09:25:36,200:INFO:Base model : Linear Discriminant Analysis
2024-08-31 09:25:36,200:INFO:Declaring metric variables
2024-08-31 09:25:36,201:INFO:Defining Hyperparameters
2024-08-31 09:25:36,269:INFO:Tuning with n_jobs=-1
2024-08-31 09:25:36,269:INFO:Initializing RandomizedSearchCV
2024-08-31 09:25:36,528:INFO:best_params: {'actual_estimator__solver': 'eigen', 'actual_estimator__shrinkage': 0.001}
2024-08-31 09:25:36,529:INFO:Hyperparameter search completed
2024-08-31 09:25:36,529:INFO:SubProcess create_model() called ==================================
2024-08-31 09:25:36,530:INFO:Initializing create_model()
2024-08-31 09:25:36,530:INFO:create_model(self=<pycaret.classification.oop.ClassificationExperiment object at 0x0000023A4890EF90>, estimator=LinearDiscriminantAnalysis(covariance_estimator=None, n_components=None,
                           priors=None, shrinkage=None, solver='svd',
                           store_covariance=False, tol=0.0001), fold=StratifiedKFold(n_splits=10, random_state=None, shuffle=False), round=4, cross_validation=True, predict=True, fit_kwargs={}, groups=None, refit=True, probability_threshold=None, experiment_custom_tags=None, verbose=True, system=False, add_to_model_list=True, metrics=None, display=<pycaret.internal.display.display.CommonDisplay object at 0x0000023A118D1F90>, model_only=True, return_train_score=False, error_score=0.0, kwargs={'solver': 'eigen', 'shrinkage': 0.001})
2024-08-31 09:25:36,530:INFO:Checking exceptions
2024-08-31 09:25:36,530:INFO:Importing libraries
2024-08-31 09:25:36,530:INFO:Copying training dataset
2024-08-31 09:25:36,533:INFO:Defining folds
2024-08-31 09:25:36,533:INFO:Declaring metric variables
2024-08-31 09:25:36,533:INFO:Importing untrained model
2024-08-31 09:25:36,533:INFO:Declaring custom model
2024-08-31 09:25:36,534:INFO:Linear Discriminant Analysis Imported successfully
2024-08-31 09:25:36,534:INFO:Starting cross validation
2024-08-31 09:25:36,534:INFO:Cross validating with StratifiedKFold(n_splits=10, random_state=None, shuffle=False), n_jobs=-1
2024-08-31 09:25:36,606:INFO:Calculating mean and std
2024-08-31 09:25:36,607:INFO:Creating metrics dataframe
2024-08-31 09:25:36,608:INFO:Finalizing model
2024-08-31 09:25:36,616:INFO:Uploading results into container
2024-08-31 09:25:36,617:INFO:Uploading model into container now
2024-08-31 09:25:36,618:INFO:_master_model_container: 16
2024-08-31 09:25:36,618:INFO:_display_container: 4
2024-08-31 09:25:36,618:INFO:LinearDiscriminantAnalysis(covariance_estimator=None, n_components=None,
                           priors=None, shrinkage=0.001, solver='eigen',
                           store_covariance=False, tol=0.0001)
2024-08-31 09:25:36,618:INFO:create_model() successfully completed......................................
2024-08-31 09:25:36,690:INFO:SubProcess create_model() end ==================================
2024-08-31 09:25:36,690:INFO:choose_better activated
2024-08-31 09:25:36,690:INFO:SubProcess create_model() called ==================================
2024-08-31 09:25:36,691:INFO:Initializing create_model()
2024-08-31 09:25:36,691:INFO:create_model(self=<pycaret.classification.oop.ClassificationExperiment object at 0x0000023A4890EF90>, estimator=LinearDiscriminantAnalysis(covariance_estimator=None, n_components=None,
                           priors=None, shrinkage=None, solver='svd',
                           store_covariance=False, tol=0.0001), fold=StratifiedKFold(n_splits=10, random_state=None, shuffle=False), round=4, cross_validation=True, predict=True, fit_kwargs={}, groups=None, refit=True, probability_threshold=None, experiment_custom_tags=None, verbose=False, system=False, add_to_model_list=True, metrics=None, display=None, model_only=True, return_train_score=False, error_score=0.0, kwargs={})
2024-08-31 09:25:36,691:INFO:Checking exceptions
2024-08-31 09:25:36,691:INFO:Importing libraries
2024-08-31 09:25:36,691:INFO:Copying training dataset
2024-08-31 09:25:36,695:INFO:Defining folds
2024-08-31 09:25:36,695:INFO:Declaring metric variables
2024-08-31 09:25:36,695:INFO:Importing untrained model
2024-08-31 09:25:36,695:INFO:Declaring custom model
2024-08-31 09:25:36,696:INFO:Linear Discriminant Analysis Imported successfully
2024-08-31 09:25:36,696:INFO:Starting cross validation
2024-08-31 09:25:36,697:INFO:Cross validating with StratifiedKFold(n_splits=10, random_state=None, shuffle=False), n_jobs=-1
2024-08-31 09:25:36,757:INFO:Calculating mean and std
2024-08-31 09:25:36,757:INFO:Creating metrics dataframe
2024-08-31 09:25:36,759:INFO:Finalizing model
2024-08-31 09:25:36,766:INFO:Uploading results into container
2024-08-31 09:25:36,767:INFO:Uploading model into container now
2024-08-31 09:25:36,767:INFO:_master_model_container: 17
2024-08-31 09:25:36,767:INFO:_display_container: 5
2024-08-31 09:25:36,767:INFO:LinearDiscriminantAnalysis(covariance_estimator=None, n_components=None,
                           priors=None, shrinkage=None, solver='svd',
                           store_covariance=False, tol=0.0001)
2024-08-31 09:25:36,767:INFO:create_model() successfully completed......................................
2024-08-31 09:25:36,838:INFO:SubProcess create_model() end ==================================
2024-08-31 09:25:36,838:INFO:LinearDiscriminantAnalysis(covariance_estimator=None, n_components=None,
                           priors=None, shrinkage=None, solver='svd',
                           store_covariance=False, tol=0.0001) result for Accuracy is 0.7692
2024-08-31 09:25:36,838:INFO:LinearDiscriminantAnalysis(covariance_estimator=None, n_components=None,
                           priors=None, shrinkage=0.001, solver='eigen',
                           store_covariance=False, tol=0.0001) result for Accuracy is 0.7617
2024-08-31 09:25:36,838:INFO:LinearDiscriminantAnalysis(covariance_estimator=None, n_components=None,
                           priors=None, shrinkage=None, solver='svd',
                           store_covariance=False, tol=0.0001) is best model
2024-08-31 09:25:36,838:INFO:choose_better completed
2024-08-31 09:25:36,839:INFO:Original model was better than the tuned model, hence it will be returned. NOTE: The display metrics are for the tuned model (not the original one).
2024-08-31 09:25:36,851:INFO:_master_model_container: 17
2024-08-31 09:25:36,851:INFO:_display_container: 4
2024-08-31 09:25:36,852:INFO:LinearDiscriminantAnalysis(covariance_estimator=None, n_components=None,
                           priors=None, shrinkage=None, solver='svd',
                           store_covariance=False, tol=0.0001)
2024-08-31 09:25:36,852:INFO:tune_model() successfully completed......................................
2024-08-31 09:25:36,930:INFO:Initializing plot_model()
2024-08-31 09:25:36,930:INFO:plot_model(self=<pycaret.classification.oop.ClassificationExperiment object at 0x0000023A4890EF90>, estimator=LinearDiscriminantAnalysis(covariance_estimator=None, n_components=None,
                           priors=None, shrinkage=None, solver='svd',
                           store_covariance=False, tol=0.0001), plot=feature, scale=1, save=False, fold=None, fit_kwargs=None, plot_kwargs=None, groups=None, feature_name=None, label=False, verbose=True, system=True, display=None, display_format=None)
2024-08-31 09:25:36,930:INFO:Checking exceptions
2024-08-31 09:25:36,932:INFO:Preloading libraries
2024-08-31 09:25:36,932:INFO:Copying training dataset
2024-08-31 09:25:36,932:INFO:Plot type: feature
2024-08-31 09:25:57,811:INFO:Visual Rendered Successfully
2024-08-31 09:25:57,977:INFO:plot_model() successfully completed......................................
