2024-08-30 20:13:38,290:WARNING:
'cuml' is a soft dependency and not included in the pycaret installation. Please run: `pip install cuml` to install.
2024-08-30 20:13:38,291:WARNING:
'cuml' is a soft dependency and not included in the pycaret installation. Please run: `pip install cuml` to install.
2024-08-30 20:13:38,291:WARNING:
'cuml' is a soft dependency and not included in the pycaret installation. Please run: `pip install cuml` to install.
2024-08-30 20:13:38,291:WARNING:
'cuml' is a soft dependency and not included in the pycaret installation. Please run: `pip install cuml` to install.
2024-08-30 20:14:20,461:WARNING:
'cuml' is a soft dependency and not included in the pycaret installation. Please run: `pip install cuml` to install.
2024-08-30 20:14:20,468:WARNING:
'cuml' is a soft dependency and not included in the pycaret installation. Please run: `pip install cuml` to install.
2024-08-30 20:14:20,468:WARNING:
'cuml' is a soft dependency and not included in the pycaret installation. Please run: `pip install cuml` to install.
2024-08-30 20:14:20,468:WARNING:
'cuml' is a soft dependency and not included in the pycaret installation. Please run: `pip install cuml` to install.
2024-08-30 20:14:33,586:WARNING:
'cuml' is a soft dependency and not included in the pycaret installation. Please run: `pip install cuml` to install.
2024-08-30 20:14:33,587:WARNING:
'cuml' is a soft dependency and not included in the pycaret installation. Please run: `pip install cuml` to install.
2024-08-30 20:14:33,587:WARNING:
'cuml' is a soft dependency and not included in the pycaret installation. Please run: `pip install cuml` to install.
2024-08-30 20:14:33,587:WARNING:
'cuml' is a soft dependency and not included in the pycaret installation. Please run: `pip install cuml` to install.
2024-08-30 20:15:42,920:WARNING:
'cuml' is a soft dependency and not included in the pycaret installation. Please run: `pip install cuml` to install.
2024-08-30 20:15:42,920:WARNING:
'cuml' is a soft dependency and not included in the pycaret installation. Please run: `pip install cuml` to install.
2024-08-30 20:15:42,920:WARNING:
'cuml' is a soft dependency and not included in the pycaret installation. Please run: `pip install cuml` to install.
2024-08-30 20:15:42,921:WARNING:
'cuml' is a soft dependency and not included in the pycaret installation. Please run: `pip install cuml` to install.
2024-08-30 20:16:36,831:WARNING:
'cuml' is a soft dependency and not included in the pycaret installation. Please run: `pip install cuml` to install.
2024-08-30 20:16:36,831:WARNING:
'cuml' is a soft dependency and not included in the pycaret installation. Please run: `pip install cuml` to install.
2024-08-30 20:16:36,831:WARNING:
'cuml' is a soft dependency and not included in the pycaret installation. Please run: `pip install cuml` to install.
2024-08-30 20:16:36,831:WARNING:
'cuml' is a soft dependency and not included in the pycaret installation. Please run: `pip install cuml` to install.
2024-08-30 20:29:23,679:WARNING:
'cuml' is a soft dependency and not included in the pycaret installation. Please run: `pip install cuml` to install.
2024-08-30 20:29:23,679:WARNING:
'cuml' is a soft dependency and not included in the pycaret installation. Please run: `pip install cuml` to install.
2024-08-30 20:29:23,679:WARNING:
'cuml' is a soft dependency and not included in the pycaret installation. Please run: `pip install cuml` to install.
2024-08-30 20:29:23,679:WARNING:
'cuml' is a soft dependency and not included in the pycaret installation. Please run: `pip install cuml` to install.
2024-08-30 20:33:25,893:WARNING:
'cuml' is a soft dependency and not included in the pycaret installation. Please run: `pip install cuml` to install.
2024-08-30 20:33:25,893:WARNING:
'cuml' is a soft dependency and not included in the pycaret installation. Please run: `pip install cuml` to install.
2024-08-30 20:33:25,893:WARNING:
'cuml' is a soft dependency and not included in the pycaret installation. Please run: `pip install cuml` to install.
2024-08-30 20:33:25,893:WARNING:
'cuml' is a soft dependency and not included in the pycaret installation. Please run: `pip install cuml` to install.
2024-08-30 20:35:00,258:WARNING:
'cuml' is a soft dependency and not included in the pycaret installation. Please run: `pip install cuml` to install.
2024-08-30 20:35:00,258:WARNING:
'cuml' is a soft dependency and not included in the pycaret installation. Please run: `pip install cuml` to install.
2024-08-30 20:35:00,258:WARNING:
'cuml' is a soft dependency and not included in the pycaret installation. Please run: `pip install cuml` to install.
2024-08-30 20:35:00,258:WARNING:
'cuml' is a soft dependency and not included in the pycaret installation. Please run: `pip install cuml` to install.
2024-08-30 21:07:54,054:WARNING:
'cuml' is a soft dependency and not included in the pycaret installation. Please run: `pip install cuml` to install.
2024-08-30 21:07:54,055:WARNING:
'cuml' is a soft dependency and not included in the pycaret installation. Please run: `pip install cuml` to install.
2024-08-30 21:07:54,055:WARNING:
'cuml' is a soft dependency and not included in the pycaret installation. Please run: `pip install cuml` to install.
2024-08-30 21:07:54,055:WARNING:
'cuml' is a soft dependency and not included in the pycaret installation. Please run: `pip install cuml` to install.
2024-08-30 21:10:13,405:WARNING:
'cuml' is a soft dependency and not included in the pycaret installation. Please run: `pip install cuml` to install.
2024-08-30 21:10:13,405:WARNING:
'cuml' is a soft dependency and not included in the pycaret installation. Please run: `pip install cuml` to install.
2024-08-30 21:10:13,405:WARNING:
'cuml' is a soft dependency and not included in the pycaret installation. Please run: `pip install cuml` to install.
2024-08-30 21:10:13,405:WARNING:
'cuml' is a soft dependency and not included in the pycaret installation. Please run: `pip install cuml` to install.
2024-08-30 21:27:23,559:WARNING:
'cuml' is a soft dependency and not included in the pycaret installation. Please run: `pip install cuml` to install.
2024-08-30 21:27:23,560:WARNING:
'cuml' is a soft dependency and not included in the pycaret installation. Please run: `pip install cuml` to install.
2024-08-30 21:27:23,560:WARNING:
'cuml' is a soft dependency and not included in the pycaret installation. Please run: `pip install cuml` to install.
2024-08-30 21:27:23,560:WARNING:
'cuml' is a soft dependency and not included in the pycaret installation. Please run: `pip install cuml` to install.
2024-08-30 21:27:24,431:INFO:PyCaret ClassificationExperiment
2024-08-30 21:27:24,431:INFO:Logging name: clf-default-name
2024-08-30 21:27:24,432:INFO:ML Usecase: MLUsecase.CLASSIFICATION
2024-08-30 21:27:24,432:INFO:version 3.3.2
2024-08-30 21:27:24,432:INFO:Initializing setup()
2024-08-30 21:27:24,432:INFO:self.USI: 4a02
2024-08-30 21:27:24,432:INFO:self._variable_keys: {'gpu_n_jobs_param', 'memory', '_available_plots', 'exp_name_log', 'y', 'USI', 'y_test', 'target_param', 'log_plots_param', 'is_multiclass', 'X_train', 'data', 'fold_generator', '_ml_usecase', 'html_param', 'exp_id', 'gpu_param', 'n_jobs_param', 'fix_imbalance', 'idx', 'X', 'y_train', 'logging_param', 'seed', 'fold_groups_param', 'fold_shuffle_param', 'X_test', 'pipeline'}
2024-08-30 21:27:24,432:INFO:Checking environment
2024-08-30 21:27:24,432:INFO:python_version: 3.11.4
2024-08-30 21:27:24,432:INFO:python_build: ('tags/v3.11.4:d2340ef', 'Jun  7 2023 05:45:37')
2024-08-30 21:27:24,432:INFO:machine: AMD64
2024-08-30 21:27:24,460:INFO:platform: Windows-10-10.0.22631-SP0
2024-08-30 21:27:24,464:INFO:Memory: svmem(total=16520773632, available=7637790720, percent=53.8, used=8882982912, free=7637790720)
2024-08-30 21:27:24,464:INFO:Physical Core: 8
2024-08-30 21:27:24,465:INFO:Logical Core: 16
2024-08-30 21:27:24,465:INFO:Checking libraries
2024-08-30 21:27:24,465:INFO:System:
2024-08-30 21:27:24,465:INFO:    python: 3.11.4 (tags/v3.11.4:d2340ef, Jun  7 2023, 05:45:37) [MSC v.1934 64 bit (AMD64)]
2024-08-30 21:27:24,465:INFO:executable: C:\Users\surya\OneDrive\Desktop\Data Science Project\Breast Cancer\.venv\Scripts\python.exe
2024-08-30 21:27:24,465:INFO:   machine: Windows-10-10.0.22631-SP0
2024-08-30 21:27:24,465:INFO:PyCaret required dependencies:
2024-08-30 21:27:24,532:INFO:                 pip: 23.1.2
2024-08-30 21:27:24,532:INFO:          setuptools: 65.5.0
2024-08-30 21:27:24,532:INFO:             pycaret: 3.3.2
2024-08-30 21:27:24,532:INFO:             IPython: 8.27.0
2024-08-30 21:27:24,532:INFO:          ipywidgets: 8.1.5
2024-08-30 21:27:24,532:INFO:                tqdm: 4.66.5
2024-08-30 21:27:24,532:INFO:               numpy: 1.26.4
2024-08-30 21:27:24,532:INFO:              pandas: 2.1.4
2024-08-30 21:27:24,532:INFO:              jinja2: 3.1.4
2024-08-30 21:27:24,532:INFO:               scipy: 1.11.4
2024-08-30 21:27:24,533:INFO:              joblib: 1.3.2
2024-08-30 21:27:24,533:INFO:             sklearn: 1.4.2
2024-08-30 21:27:24,533:INFO:                pyod: 2.0.1
2024-08-30 21:27:24,533:INFO:            imblearn: 0.12.3
2024-08-30 21:27:24,533:INFO:   category_encoders: 2.6.3
2024-08-30 21:27:24,533:INFO:            lightgbm: 4.5.0
2024-08-30 21:27:24,533:INFO:               numba: 0.60.0
2024-08-30 21:27:24,533:INFO:            requests: 2.32.3
2024-08-30 21:27:24,533:INFO:          matplotlib: 3.7.5
2024-08-30 21:27:24,533:INFO:          scikitplot: 0.3.7
2024-08-30 21:27:24,533:INFO:         yellowbrick: 1.5
2024-08-30 21:27:24,533:INFO:              plotly: 5.24.0
2024-08-30 21:27:24,533:INFO:    plotly-resampler: Not installed
2024-08-30 21:27:24,533:INFO:             kaleido: 0.2.1
2024-08-30 21:27:24,533:INFO:           schemdraw: 0.15
2024-08-30 21:27:24,533:INFO:         statsmodels: 0.14.2
2024-08-30 21:27:24,533:INFO:              sktime: 0.26.0
2024-08-30 21:27:24,533:INFO:               tbats: 1.1.3
2024-08-30 21:27:24,533:INFO:            pmdarima: 2.0.4
2024-08-30 21:27:24,533:INFO:              psutil: 6.0.0
2024-08-30 21:27:24,533:INFO:          markupsafe: 2.1.5
2024-08-30 21:27:24,533:INFO:             pickle5: Not installed
2024-08-30 21:27:24,533:INFO:         cloudpickle: 3.0.0
2024-08-30 21:27:24,533:INFO:         deprecation: 2.1.0
2024-08-30 21:27:24,533:INFO:              xxhash: 3.5.0
2024-08-30 21:27:24,533:INFO:           wurlitzer: Not installed
2024-08-30 21:27:24,533:INFO:PyCaret optional dependencies:
2024-08-30 21:27:24,546:INFO:                shap: Not installed
2024-08-30 21:27:24,546:INFO:           interpret: Not installed
2024-08-30 21:27:24,546:INFO:                umap: Not installed
2024-08-30 21:27:24,546:INFO:     ydata_profiling: Not installed
2024-08-30 21:27:24,546:INFO:  explainerdashboard: Not installed
2024-08-30 21:27:24,546:INFO:             autoviz: Not installed
2024-08-30 21:27:24,546:INFO:           fairlearn: Not installed
2024-08-30 21:27:24,546:INFO:          deepchecks: Not installed
2024-08-30 21:27:24,546:INFO:             xgboost: Not installed
2024-08-30 21:27:24,546:INFO:            catboost: Not installed
2024-08-30 21:27:24,546:INFO:              kmodes: Not installed
2024-08-30 21:27:24,546:INFO:             mlxtend: Not installed
2024-08-30 21:27:24,546:INFO:       statsforecast: Not installed
2024-08-30 21:27:24,546:INFO:        tune_sklearn: Not installed
2024-08-30 21:27:24,546:INFO:                 ray: Not installed
2024-08-30 21:27:24,546:INFO:            hyperopt: Not installed
2024-08-30 21:27:24,547:INFO:              optuna: Not installed
2024-08-30 21:27:24,547:INFO:               skopt: Not installed
2024-08-30 21:27:24,547:INFO:              mlflow: Not installed
2024-08-30 21:27:24,547:INFO:              gradio: Not installed
2024-08-30 21:27:24,547:INFO:             fastapi: Not installed
2024-08-30 21:27:24,547:INFO:             uvicorn: Not installed
2024-08-30 21:27:24,547:INFO:              m2cgen: Not installed
2024-08-30 21:27:24,547:INFO:           evidently: Not installed
2024-08-30 21:27:24,547:INFO:               fugue: Not installed
2024-08-30 21:27:24,547:INFO:           streamlit: Not installed
2024-08-30 21:27:24,547:INFO:             prophet: Not installed
2024-08-30 21:27:24,547:INFO:None
2024-08-30 21:27:24,547:INFO:Set up data.
2024-08-30 21:27:24,555:INFO:Set up folding strategy.
2024-08-30 21:27:24,555:INFO:Set up train/test split.
2024-08-30 21:27:24,565:INFO:Set up index.
2024-08-30 21:27:24,565:INFO:Assigning column types.
2024-08-30 21:27:24,571:INFO:Engine successfully changes for model 'lr' to 'sklearn'.
2024-08-30 21:27:24,621:INFO:Engine for model 'knn' has not been set explicitly, hence returning None.
2024-08-30 21:27:24,631:INFO:Engine for model 'rbfsvm' has not been set explicitly, hence returning None.
2024-08-30 21:27:24,694:WARNING:
'xgboost' is a soft dependency and not included in the pycaret installation. Please run: `pip install xgboost` to install.
Alternately, you can install this by running `pip install pycaret[models]`
2024-08-30 21:27:24,694:WARNING:
'catboost' is a soft dependency and not included in the pycaret installation. Please run: `pip install catboost` to install.
Alternately, you can install this by running `pip install pycaret[models]`
2024-08-30 21:27:24,744:INFO:Engine for model 'knn' has not been set explicitly, hence returning None.
2024-08-30 21:27:24,746:INFO:Engine for model 'rbfsvm' has not been set explicitly, hence returning None.
2024-08-30 21:27:24,777:WARNING:
'xgboost' is a soft dependency and not included in the pycaret installation. Please run: `pip install xgboost` to install.
Alternately, you can install this by running `pip install pycaret[models]`
2024-08-30 21:27:24,777:WARNING:
'catboost' is a soft dependency and not included in the pycaret installation. Please run: `pip install catboost` to install.
Alternately, you can install this by running `pip install pycaret[models]`
2024-08-30 21:27:24,778:INFO:Engine successfully changes for model 'knn' to 'sklearn'.
2024-08-30 21:27:24,830:INFO:Engine for model 'rbfsvm' has not been set explicitly, hence returning None.
2024-08-30 21:27:24,861:WARNING:
'xgboost' is a soft dependency and not included in the pycaret installation. Please run: `pip install xgboost` to install.
Alternately, you can install this by running `pip install pycaret[models]`
2024-08-30 21:27:24,862:WARNING:
'catboost' is a soft dependency and not included in the pycaret installation. Please run: `pip install catboost` to install.
Alternately, you can install this by running `pip install pycaret[models]`
2024-08-30 21:27:24,914:INFO:Engine for model 'rbfsvm' has not been set explicitly, hence returning None.
2024-08-30 21:27:24,945:WARNING:
'xgboost' is a soft dependency and not included in the pycaret installation. Please run: `pip install xgboost` to install.
Alternately, you can install this by running `pip install pycaret[models]`
2024-08-30 21:27:24,945:WARNING:
'catboost' is a soft dependency and not included in the pycaret installation. Please run: `pip install catboost` to install.
Alternately, you can install this by running `pip install pycaret[models]`
2024-08-30 21:27:24,945:INFO:Engine successfully changes for model 'rbfsvm' to 'sklearn'.
2024-08-30 21:27:25,027:WARNING:
'xgboost' is a soft dependency and not included in the pycaret installation. Please run: `pip install xgboost` to install.
Alternately, you can install this by running `pip install pycaret[models]`
2024-08-30 21:27:25,027:WARNING:
'catboost' is a soft dependency and not included in the pycaret installation. Please run: `pip install catboost` to install.
Alternately, you can install this by running `pip install pycaret[models]`
2024-08-30 21:27:25,109:WARNING:
'xgboost' is a soft dependency and not included in the pycaret installation. Please run: `pip install xgboost` to install.
Alternately, you can install this by running `pip install pycaret[models]`
2024-08-30 21:27:25,110:WARNING:
'catboost' is a soft dependency and not included in the pycaret installation. Please run: `pip install catboost` to install.
Alternately, you can install this by running `pip install pycaret[models]`
2024-08-30 21:27:25,113:INFO:Preparing preprocessing pipeline...
2024-08-30 21:27:25,115:INFO:Set up label encoding.
2024-08-30 21:27:25,115:INFO:Set up simple imputation.
2024-08-30 21:27:25,116:INFO:Set up column name cleaning.
2024-08-30 21:27:25,155:INFO:Finished creating preprocessing pipeline.
2024-08-30 21:27:25,163:INFO:Pipeline: Pipeline(memory=FastMemory(location=C:\Users\surya\AppData\Local\Temp\joblib),
         steps=[('label_encoding',
                 TransformerWrapperWithInverse(exclude=None, include=None,
                                               transformer=LabelEncoder())),
                ('numerical_imputer',
                 TransformerWrapper(exclude=None,
                                    include=['radius_mean', 'texture_mean',
                                             'perimeter_mean', 'area_mean',
                                             'smoothness_mean',
                                             'compactness_mean',
                                             'conc...
                ('categorical_imputer',
                 TransformerWrapper(exclude=None, include=[],
                                    transformer=SimpleImputer(add_indicator=False,
                                                              copy=True,
                                                              fill_value=None,
                                                              keep_empty_features=False,
                                                              missing_values=nan,
                                                              strategy='most_frequent'))),
                ('clean_column_names',
                 TransformerWrapper(exclude=None, include=None,
                                    transformer=CleanColumnNames(match='[\\]\\[\\,\\{\\}\\"\\:]+')))],
         verbose=False)
2024-08-30 21:27:25,163:INFO:Creating final display dataframe.
2024-08-30 21:27:25,262:INFO:Setup _display_container:                     Description             Value
0                    Session id              6168
1                        Target         diagnosis
2                   Target type            Binary
3                Target mapping        B: 0, M: 1
4           Original data shape         (569, 31)
5        Transformed data shape         (569, 31)
6   Transformed train set shape         (398, 31)
7    Transformed test set shape         (171, 31)
8              Numeric features                30
9                    Preprocess              True
10              Imputation type            simple
11           Numeric imputation              mean
12       Categorical imputation              mode
13               Fold Generator   StratifiedKFold
14                  Fold Number                10
15                     CPU Jobs                -1
16                      Use GPU             False
17               Log Experiment             False
18              Experiment Name  clf-default-name
19                          USI              4a02
2024-08-30 21:27:25,350:WARNING:
'xgboost' is a soft dependency and not included in the pycaret installation. Please run: `pip install xgboost` to install.
Alternately, you can install this by running `pip install pycaret[models]`
2024-08-30 21:27:25,351:WARNING:
'catboost' is a soft dependency and not included in the pycaret installation. Please run: `pip install catboost` to install.
Alternately, you can install this by running `pip install pycaret[models]`
2024-08-30 21:27:25,434:WARNING:
'xgboost' is a soft dependency and not included in the pycaret installation. Please run: `pip install xgboost` to install.
Alternately, you can install this by running `pip install pycaret[models]`
2024-08-30 21:27:25,434:WARNING:
'catboost' is a soft dependency and not included in the pycaret installation. Please run: `pip install catboost` to install.
Alternately, you can install this by running `pip install pycaret[models]`
2024-08-30 21:27:25,435:INFO:setup() successfully completed in 1.01s...............
2024-08-30 21:34:21,232:WARNING:
'cuml' is a soft dependency and not included in the pycaret installation. Please run: `pip install cuml` to install.
2024-08-30 21:34:21,233:WARNING:
'cuml' is a soft dependency and not included in the pycaret installation. Please run: `pip install cuml` to install.
2024-08-30 21:34:21,233:WARNING:
'cuml' is a soft dependency and not included in the pycaret installation. Please run: `pip install cuml` to install.
2024-08-30 21:34:21,233:WARNING:
'cuml' is a soft dependency and not included in the pycaret installation. Please run: `pip install cuml` to install.
2024-08-30 21:35:30,942:WARNING:
'cuml' is a soft dependency and not included in the pycaret installation. Please run: `pip install cuml` to install.
2024-08-30 21:35:30,942:WARNING:
'cuml' is a soft dependency and not included in the pycaret installation. Please run: `pip install cuml` to install.
2024-08-30 21:35:30,942:WARNING:
'cuml' is a soft dependency and not included in the pycaret installation. Please run: `pip install cuml` to install.
2024-08-30 21:35:30,943:WARNING:
'cuml' is a soft dependency and not included in the pycaret installation. Please run: `pip install cuml` to install.
2024-08-30 21:36:52,953:WARNING:
'cuml' is a soft dependency and not included in the pycaret installation. Please run: `pip install cuml` to install.
2024-08-30 21:36:52,953:WARNING:
'cuml' is a soft dependency and not included in the pycaret installation. Please run: `pip install cuml` to install.
2024-08-30 21:36:52,953:WARNING:
'cuml' is a soft dependency and not included in the pycaret installation. Please run: `pip install cuml` to install.
2024-08-30 21:36:52,953:WARNING:
'cuml' is a soft dependency and not included in the pycaret installation. Please run: `pip install cuml` to install.
2024-08-30 21:36:53,939:INFO:PyCaret ClassificationExperiment
2024-08-30 21:36:53,939:INFO:Logging name: clf-default-name
2024-08-30 21:36:53,939:INFO:ML Usecase: MLUsecase.CLASSIFICATION
2024-08-30 21:36:53,939:INFO:version 3.3.2
2024-08-30 21:36:53,939:INFO:Initializing setup()
2024-08-30 21:36:53,939:INFO:self.USI: 0a1a
2024-08-30 21:36:53,939:INFO:self._variable_keys: {'USI', 'exp_id', 'gpu_param', '_available_plots', 'exp_name_log', 'is_multiclass', 'memory', 'y', 'fold_shuffle_param', 'log_plots_param', 'target_param', 'y_train', 'seed', 'fold_groups_param', 'y_test', 'fold_generator', 'X_test', 'idx', 'fix_imbalance', 'data', 'logging_param', 'X_train', 'html_param', 'gpu_n_jobs_param', 'X', 'pipeline', 'n_jobs_param', '_ml_usecase'}
2024-08-30 21:36:53,939:INFO:Checking environment
2024-08-30 21:36:53,939:INFO:python_version: 3.11.4
2024-08-30 21:36:53,939:INFO:python_build: ('tags/v3.11.4:d2340ef', 'Jun  7 2023 05:45:37')
2024-08-30 21:36:53,939:INFO:machine: AMD64
2024-08-30 21:36:53,969:INFO:platform: Windows-10-10.0.22631-SP0
2024-08-30 21:36:53,975:INFO:Memory: svmem(total=16520773632, available=7649054720, percent=53.7, used=8871718912, free=7649054720)
2024-08-30 21:36:53,975:INFO:Physical Core: 8
2024-08-30 21:36:53,975:INFO:Logical Core: 16
2024-08-30 21:36:53,975:INFO:Checking libraries
2024-08-30 21:36:53,975:INFO:System:
2024-08-30 21:36:53,975:INFO:    python: 3.11.4 (tags/v3.11.4:d2340ef, Jun  7 2023, 05:45:37) [MSC v.1934 64 bit (AMD64)]
2024-08-30 21:36:53,975:INFO:executable: C:\Users\surya\OneDrive\Desktop\Data Science Project\Breast Cancer\.venv\Scripts\python.exe
2024-08-30 21:36:53,975:INFO:   machine: Windows-10-10.0.22631-SP0
2024-08-30 21:36:53,975:INFO:PyCaret required dependencies:
2024-08-30 21:36:53,997:INFO:                 pip: 23.1.2
2024-08-30 21:36:53,997:INFO:          setuptools: 65.5.0
2024-08-30 21:36:53,997:INFO:             pycaret: 3.3.2
2024-08-30 21:36:53,997:INFO:             IPython: 8.27.0
2024-08-30 21:36:53,997:INFO:          ipywidgets: 8.1.5
2024-08-30 21:36:53,997:INFO:                tqdm: 4.66.5
2024-08-30 21:36:53,997:INFO:               numpy: 1.26.4
2024-08-30 21:36:53,997:INFO:              pandas: 2.1.4
2024-08-30 21:36:53,997:INFO:              jinja2: 3.1.4
2024-08-30 21:36:53,997:INFO:               scipy: 1.11.4
2024-08-30 21:36:53,997:INFO:              joblib: 1.3.2
2024-08-30 21:36:53,998:INFO:             sklearn: 1.4.2
2024-08-30 21:36:53,998:INFO:                pyod: 2.0.1
2024-08-30 21:36:53,998:INFO:            imblearn: 0.12.3
2024-08-30 21:36:53,998:INFO:   category_encoders: 2.6.3
2024-08-30 21:36:53,998:INFO:            lightgbm: 4.5.0
2024-08-30 21:36:53,998:INFO:               numba: 0.60.0
2024-08-30 21:36:53,998:INFO:            requests: 2.32.3
2024-08-30 21:36:53,998:INFO:          matplotlib: 3.7.5
2024-08-30 21:36:53,998:INFO:          scikitplot: 0.3.7
2024-08-30 21:36:53,998:INFO:         yellowbrick: 1.5
2024-08-30 21:36:53,998:INFO:              plotly: 5.24.0
2024-08-30 21:36:53,998:INFO:    plotly-resampler: Not installed
2024-08-30 21:36:53,998:INFO:             kaleido: 0.2.1
2024-08-30 21:36:53,998:INFO:           schemdraw: 0.15
2024-08-30 21:36:53,998:INFO:         statsmodels: 0.14.2
2024-08-30 21:36:53,998:INFO:              sktime: 0.26.0
2024-08-30 21:36:53,998:INFO:               tbats: 1.1.3
2024-08-30 21:36:53,998:INFO:            pmdarima: 2.0.4
2024-08-30 21:36:53,998:INFO:              psutil: 6.0.0
2024-08-30 21:36:53,998:INFO:          markupsafe: 2.1.5
2024-08-30 21:36:53,998:INFO:             pickle5: Not installed
2024-08-30 21:36:53,998:INFO:         cloudpickle: 3.0.0
2024-08-30 21:36:53,998:INFO:         deprecation: 2.1.0
2024-08-30 21:36:53,998:INFO:              xxhash: 3.5.0
2024-08-30 21:36:53,998:INFO:           wurlitzer: Not installed
2024-08-30 21:36:53,998:INFO:PyCaret optional dependencies:
2024-08-30 21:36:54,012:INFO:                shap: Not installed
2024-08-30 21:36:54,012:INFO:           interpret: Not installed
2024-08-30 21:36:54,012:INFO:                umap: Not installed
2024-08-30 21:36:54,012:INFO:     ydata_profiling: Not installed
2024-08-30 21:36:54,012:INFO:  explainerdashboard: Not installed
2024-08-30 21:36:54,012:INFO:             autoviz: Not installed
2024-08-30 21:36:54,012:INFO:           fairlearn: Not installed
2024-08-30 21:36:54,012:INFO:          deepchecks: Not installed
2024-08-30 21:36:54,012:INFO:             xgboost: Not installed
2024-08-30 21:36:54,012:INFO:            catboost: Not installed
2024-08-30 21:36:54,012:INFO:              kmodes: Not installed
2024-08-30 21:36:54,012:INFO:             mlxtend: Not installed
2024-08-30 21:36:54,012:INFO:       statsforecast: Not installed
2024-08-30 21:36:54,012:INFO:        tune_sklearn: Not installed
2024-08-30 21:36:54,012:INFO:                 ray: Not installed
2024-08-30 21:36:54,012:INFO:            hyperopt: Not installed
2024-08-30 21:36:54,012:INFO:              optuna: Not installed
2024-08-30 21:36:54,012:INFO:               skopt: Not installed
2024-08-30 21:36:54,012:INFO:              mlflow: Not installed
2024-08-30 21:36:54,012:INFO:              gradio: Not installed
2024-08-30 21:36:54,012:INFO:             fastapi: Not installed
2024-08-30 21:36:54,012:INFO:             uvicorn: Not installed
2024-08-30 21:36:54,012:INFO:              m2cgen: Not installed
2024-08-30 21:36:54,012:INFO:           evidently: Not installed
2024-08-30 21:36:54,013:INFO:               fugue: Not installed
2024-08-30 21:36:54,013:INFO:           streamlit: Not installed
2024-08-30 21:36:54,013:INFO:             prophet: Not installed
2024-08-30 21:36:54,013:INFO:None
2024-08-30 21:36:54,013:INFO:Set up data.
2024-08-30 21:36:54,020:INFO:Set up folding strategy.
2024-08-30 21:36:54,020:INFO:Set up train/test split.
2024-08-30 21:36:54,028:INFO:Set up index.
2024-08-30 21:36:54,028:INFO:Assigning column types.
2024-08-30 21:36:54,033:INFO:Engine successfully changes for model 'lr' to 'sklearn'.
2024-08-30 21:36:54,084:INFO:Engine for model 'knn' has not been set explicitly, hence returning None.
2024-08-30 21:36:54,088:INFO:Engine for model 'rbfsvm' has not been set explicitly, hence returning None.
2024-08-30 21:36:54,153:WARNING:
'xgboost' is a soft dependency and not included in the pycaret installation. Please run: `pip install xgboost` to install.
Alternately, you can install this by running `pip install pycaret[models]`
2024-08-30 21:36:54,153:WARNING:
'catboost' is a soft dependency and not included in the pycaret installation. Please run: `pip install catboost` to install.
Alternately, you can install this by running `pip install pycaret[models]`
2024-08-30 21:36:54,202:INFO:Engine for model 'knn' has not been set explicitly, hence returning None.
2024-08-30 21:36:54,203:INFO:Engine for model 'rbfsvm' has not been set explicitly, hence returning None.
2024-08-30 21:36:54,234:WARNING:
'xgboost' is a soft dependency and not included in the pycaret installation. Please run: `pip install xgboost` to install.
Alternately, you can install this by running `pip install pycaret[models]`
2024-08-30 21:36:54,234:WARNING:
'catboost' is a soft dependency and not included in the pycaret installation. Please run: `pip install catboost` to install.
Alternately, you can install this by running `pip install pycaret[models]`
2024-08-30 21:36:54,234:INFO:Engine successfully changes for model 'knn' to 'sklearn'.
2024-08-30 21:36:54,286:INFO:Engine for model 'rbfsvm' has not been set explicitly, hence returning None.
2024-08-30 21:36:54,317:WARNING:
'xgboost' is a soft dependency and not included in the pycaret installation. Please run: `pip install xgboost` to install.
Alternately, you can install this by running `pip install pycaret[models]`
2024-08-30 21:36:54,317:WARNING:
'catboost' is a soft dependency and not included in the pycaret installation. Please run: `pip install catboost` to install.
Alternately, you can install this by running `pip install pycaret[models]`
2024-08-30 21:36:54,368:INFO:Engine for model 'rbfsvm' has not been set explicitly, hence returning None.
2024-08-30 21:36:54,398:WARNING:
'xgboost' is a soft dependency and not included in the pycaret installation. Please run: `pip install xgboost` to install.
Alternately, you can install this by running `pip install pycaret[models]`
2024-08-30 21:36:54,399:WARNING:
'catboost' is a soft dependency and not included in the pycaret installation. Please run: `pip install catboost` to install.
Alternately, you can install this by running `pip install pycaret[models]`
2024-08-30 21:36:54,399:INFO:Engine successfully changes for model 'rbfsvm' to 'sklearn'.
2024-08-30 21:36:54,480:WARNING:
'xgboost' is a soft dependency and not included in the pycaret installation. Please run: `pip install xgboost` to install.
Alternately, you can install this by running `pip install pycaret[models]`
2024-08-30 21:36:54,480:WARNING:
'catboost' is a soft dependency and not included in the pycaret installation. Please run: `pip install catboost` to install.
Alternately, you can install this by running `pip install pycaret[models]`
2024-08-30 21:36:54,561:WARNING:
'xgboost' is a soft dependency and not included in the pycaret installation. Please run: `pip install xgboost` to install.
Alternately, you can install this by running `pip install pycaret[models]`
2024-08-30 21:36:54,561:WARNING:
'catboost' is a soft dependency and not included in the pycaret installation. Please run: `pip install catboost` to install.
Alternately, you can install this by running `pip install pycaret[models]`
2024-08-30 21:36:54,563:INFO:Preparing preprocessing pipeline...
2024-08-30 21:36:54,564:INFO:Set up label encoding.
2024-08-30 21:36:54,564:INFO:Set up simple imputation.
2024-08-30 21:36:54,565:INFO:Set up column name cleaning.
2024-08-30 21:36:54,605:INFO:Finished creating preprocessing pipeline.
2024-08-30 21:36:54,610:INFO:Pipeline: Pipeline(memory=FastMemory(location=C:\Users\surya\AppData\Local\Temp\joblib),
         steps=[('label_encoding',
                 TransformerWrapperWithInverse(exclude=None, include=None,
                                               transformer=LabelEncoder())),
                ('numerical_imputer',
                 TransformerWrapper(exclude=None,
                                    include=['radius_mean', 'texture_mean',
                                             'perimeter_mean', 'area_mean',
                                             'smoothness_mean',
                                             'compactness_mean',
                                             'conc...
                ('categorical_imputer',
                 TransformerWrapper(exclude=None, include=[],
                                    transformer=SimpleImputer(add_indicator=False,
                                                              copy=True,
                                                              fill_value=None,
                                                              keep_empty_features=False,
                                                              missing_values=nan,
                                                              strategy='most_frequent'))),
                ('clean_column_names',
                 TransformerWrapper(exclude=None, include=None,
                                    transformer=CleanColumnNames(match='[\\]\\[\\,\\{\\}\\"\\:]+')))],
         verbose=False)
2024-08-30 21:36:54,610:INFO:Creating final display dataframe.
2024-08-30 21:36:54,719:INFO:Setup _display_container:                     Description             Value
0                    Session id              8870
1                        Target         diagnosis
2                   Target type            Binary
3                Target mapping        B: 0, M: 1
4           Original data shape         (569, 31)
5        Transformed data shape         (569, 31)
6   Transformed train set shape         (398, 31)
7    Transformed test set shape         (171, 31)
8              Numeric features                30
9                    Preprocess              True
10              Imputation type            simple
11           Numeric imputation              mean
12       Categorical imputation              mode
13               Fold Generator   StratifiedKFold
14                  Fold Number                10
15                     CPU Jobs                -1
16                      Use GPU             False
17               Log Experiment             False
18              Experiment Name  clf-default-name
19                          USI              0a1a
2024-08-30 21:36:54,804:WARNING:
'xgboost' is a soft dependency and not included in the pycaret installation. Please run: `pip install xgboost` to install.
Alternately, you can install this by running `pip install pycaret[models]`
2024-08-30 21:36:54,804:WARNING:
'catboost' is a soft dependency and not included in the pycaret installation. Please run: `pip install catboost` to install.
Alternately, you can install this by running `pip install pycaret[models]`
2024-08-30 21:36:54,885:WARNING:
'xgboost' is a soft dependency and not included in the pycaret installation. Please run: `pip install xgboost` to install.
Alternately, you can install this by running `pip install pycaret[models]`
2024-08-30 21:36:54,885:WARNING:
'catboost' is a soft dependency and not included in the pycaret installation. Please run: `pip install catboost` to install.
Alternately, you can install this by running `pip install pycaret[models]`
2024-08-30 21:36:54,886:INFO:setup() successfully completed in 0.95s...............
2024-08-30 21:36:54,886:INFO:Initializing compare_models()
2024-08-30 21:36:54,886:INFO:compare_models(self=<pycaret.classification.oop.ClassificationExperiment object at 0x0000026FBD5A22D0>, include=None, exclude=None, fold=None, round=4, cross_validation=True, sort=Accuracy, n_select=1, budget_time=None, turbo=True, errors=ignore, fit_kwargs=None, groups=None, experiment_custom_tags=None, probability_threshold=None, verbose=True, parallel=None, caller_params={'self': <pycaret.classification.oop.ClassificationExperiment object at 0x0000026FBD5A22D0>, 'include': None, 'exclude': None, 'fold': None, 'round': 4, 'cross_validation': True, 'sort': 'Accuracy', 'n_select': 1, 'budget_time': None, 'turbo': True, 'errors': 'ignore', 'fit_kwargs': None, 'groups': None, 'experiment_custom_tags': None, 'probability_threshold': None, 'engine': None, 'verbose': True, 'parallel': None, '__class__': <class 'pycaret.classification.oop.ClassificationExperiment'>})
2024-08-30 21:36:54,886:INFO:Checking exceptions
2024-08-30 21:36:54,890:INFO:Preparing display monitor
2024-08-30 21:36:54,894:INFO:Initializing Logistic Regression
2024-08-30 21:36:54,894:INFO:Total runtime is 0.0 minutes
2024-08-30 21:36:54,895:INFO:SubProcess create_model() called ==================================
2024-08-30 21:36:54,895:INFO:Initializing create_model()
2024-08-30 21:36:54,895:INFO:create_model(self=<pycaret.classification.oop.ClassificationExperiment object at 0x0000026FBD5A22D0>, estimator=lr, fold=StratifiedKFold(n_splits=10, random_state=None, shuffle=False), round=4, cross_validation=True, predict=True, fit_kwargs={}, groups=None, refit=False, probability_threshold=None, experiment_custom_tags=None, verbose=False, system=False, add_to_model_list=True, metrics=None, display=<pycaret.internal.display.display.CommonDisplay object at 0x0000026FBDBFB910>, model_only=True, return_train_score=False, error_score=0.0, kwargs={})
2024-08-30 21:36:54,895:INFO:Checking exceptions
2024-08-30 21:36:54,895:INFO:Importing libraries
2024-08-30 21:36:54,896:INFO:Copying training dataset
2024-08-30 21:36:54,901:INFO:Defining folds
2024-08-30 21:36:54,901:INFO:Declaring metric variables
2024-08-30 21:36:54,901:INFO:Importing untrained model
2024-08-30 21:36:54,901:INFO:Logistic Regression Imported successfully
2024-08-30 21:36:54,902:INFO:Starting cross validation
2024-08-30 21:36:54,902:INFO:Cross validating with StratifiedKFold(n_splits=10, random_state=None, shuffle=False), n_jobs=-1
2024-08-30 21:36:58,727:WARNING:C:\Users\surya\OneDrive\Desktop\Data Science Project\Breast Cancer\.venv\Lib\site-packages\sklearn\linear_model\_logistic.py:469: ConvergenceWarning: lbfgs failed to converge (status=1):
STOP: TOTAL NO. of ITERATIONS REACHED LIMIT.

Increase the number of iterations (max_iter) or scale the data as shown in:
    https://scikit-learn.org/stable/modules/preprocessing.html
Please also refer to the documentation for alternative solver options:
    https://scikit-learn.org/stable/modules/linear_model.html#logistic-regression
  n_iter_i = _check_optimize_result(

2024-08-30 21:36:58,734:WARNING:C:\Users\surya\OneDrive\Desktop\Data Science Project\Breast Cancer\.venv\Lib\site-packages\sklearn\linear_model\_logistic.py:469: ConvergenceWarning: lbfgs failed to converge (status=1):
STOP: TOTAL NO. of ITERATIONS REACHED LIMIT.

Increase the number of iterations (max_iter) or scale the data as shown in:
    https://scikit-learn.org/stable/modules/preprocessing.html
Please also refer to the documentation for alternative solver options:
    https://scikit-learn.org/stable/modules/linear_model.html#logistic-regression
  n_iter_i = _check_optimize_result(

2024-08-30 21:36:58,740:WARNING:C:\Users\surya\OneDrive\Desktop\Data Science Project\Breast Cancer\.venv\Lib\site-packages\sklearn\metrics\_classification.py:1561: UserWarning: Note that pos_label (set to 'M') is ignored when average != 'binary' (got 'weighted'). You may use labels=[pos_label] to specify a single positive class.
  warnings.warn(

2024-08-30 21:36:58,744:WARNING:C:\Users\surya\OneDrive\Desktop\Data Science Project\Breast Cancer\.venv\Lib\site-packages\sklearn\metrics\_classification.py:1561: UserWarning: Note that pos_label (set to 'M') is ignored when average != 'binary' (got 'weighted'). You may use labels=[pos_label] to specify a single positive class.
  warnings.warn(

2024-08-30 21:36:58,747:WARNING:C:\Users\surya\OneDrive\Desktop\Data Science Project\Breast Cancer\.venv\Lib\site-packages\sklearn\metrics\_classification.py:1561: UserWarning: Note that pos_label (set to 'M') is ignored when average != 'binary' (got 'weighted'). You may use labels=[pos_label] to specify a single positive class.
  warnings.warn(

2024-08-30 21:36:58,750:WARNING:C:\Users\surya\OneDrive\Desktop\Data Science Project\Breast Cancer\.venv\Lib\site-packages\sklearn\linear_model\_logistic.py:469: ConvergenceWarning: lbfgs failed to converge (status=1):
STOP: TOTAL NO. of ITERATIONS REACHED LIMIT.

Increase the number of iterations (max_iter) or scale the data as shown in:
    https://scikit-learn.org/stable/modules/preprocessing.html
Please also refer to the documentation for alternative solver options:
    https://scikit-learn.org/stable/modules/linear_model.html#logistic-regression
  n_iter_i = _check_optimize_result(

2024-08-30 21:36:58,750:WARNING:C:\Users\surya\OneDrive\Desktop\Data Science Project\Breast Cancer\.venv\Lib\site-packages\sklearn\metrics\_classification.py:1561: UserWarning: Note that pos_label (set to 'M') is ignored when average != 'binary' (got 'weighted'). You may use labels=[pos_label] to specify a single positive class.
  warnings.warn(

2024-08-30 21:36:58,754:WARNING:C:\Users\surya\OneDrive\Desktop\Data Science Project\Breast Cancer\.venv\Lib\site-packages\sklearn\metrics\_classification.py:1561: UserWarning: Note that pos_label (set to 'M') is ignored when average != 'binary' (got 'weighted'). You may use labels=[pos_label] to specify a single positive class.
  warnings.warn(

2024-08-30 21:36:58,756:WARNING:C:\Users\surya\OneDrive\Desktop\Data Science Project\Breast Cancer\.venv\Lib\site-packages\sklearn\metrics\_classification.py:1561: UserWarning: Note that pos_label (set to 'M') is ignored when average != 'binary' (got 'weighted'). You may use labels=[pos_label] to specify a single positive class.
  warnings.warn(

2024-08-30 21:36:58,765:WARNING:C:\Users\surya\OneDrive\Desktop\Data Science Project\Breast Cancer\.venv\Lib\site-packages\sklearn\metrics\_classification.py:1561: UserWarning: Note that pos_label (set to 'M') is ignored when average != 'binary' (got 'weighted'). You may use labels=[pos_label] to specify a single positive class.
  warnings.warn(

2024-08-30 21:36:58,766:WARNING:C:\Users\surya\OneDrive\Desktop\Data Science Project\Breast Cancer\.venv\Lib\site-packages\sklearn\linear_model\_logistic.py:469: ConvergenceWarning: lbfgs failed to converge (status=1):
STOP: TOTAL NO. of ITERATIONS REACHED LIMIT.

Increase the number of iterations (max_iter) or scale the data as shown in:
    https://scikit-learn.org/stable/modules/preprocessing.html
Please also refer to the documentation for alternative solver options:
    https://scikit-learn.org/stable/modules/linear_model.html#logistic-regression
  n_iter_i = _check_optimize_result(

2024-08-30 21:36:58,769:WARNING:C:\Users\surya\OneDrive\Desktop\Data Science Project\Breast Cancer\.venv\Lib\site-packages\sklearn\metrics\_classification.py:1561: UserWarning: Note that pos_label (set to 'M') is ignored when average != 'binary' (got 'weighted'). You may use labels=[pos_label] to specify a single positive class.
  warnings.warn(

2024-08-30 21:36:58,770:WARNING:C:\Users\surya\OneDrive\Desktop\Data Science Project\Breast Cancer\.venv\Lib\site-packages\sklearn\linear_model\_logistic.py:469: ConvergenceWarning: lbfgs failed to converge (status=1):
STOP: TOTAL NO. of ITERATIONS REACHED LIMIT.

Increase the number of iterations (max_iter) or scale the data as shown in:
    https://scikit-learn.org/stable/modules/preprocessing.html
Please also refer to the documentation for alternative solver options:
    https://scikit-learn.org/stable/modules/linear_model.html#logistic-regression
  n_iter_i = _check_optimize_result(

2024-08-30 21:36:58,772:WARNING:C:\Users\surya\OneDrive\Desktop\Data Science Project\Breast Cancer\.venv\Lib\site-packages\sklearn\metrics\_classification.py:1561: UserWarning: Note that pos_label (set to 'M') is ignored when average != 'binary' (got 'weighted'). You may use labels=[pos_label] to specify a single positive class.
  warnings.warn(

2024-08-30 21:36:58,775:WARNING:C:\Users\surya\OneDrive\Desktop\Data Science Project\Breast Cancer\.venv\Lib\site-packages\sklearn\linear_model\_logistic.py:469: ConvergenceWarning: lbfgs failed to converge (status=1):
STOP: TOTAL NO. of ITERATIONS REACHED LIMIT.

Increase the number of iterations (max_iter) or scale the data as shown in:
    https://scikit-learn.org/stable/modules/preprocessing.html
Please also refer to the documentation for alternative solver options:
    https://scikit-learn.org/stable/modules/linear_model.html#logistic-regression
  n_iter_i = _check_optimize_result(

2024-08-30 21:36:58,789:WARNING:C:\Users\surya\OneDrive\Desktop\Data Science Project\Breast Cancer\.venv\Lib\site-packages\sklearn\metrics\_classification.py:1561: UserWarning: Note that pos_label (set to 'M') is ignored when average != 'binary' (got 'weighted'). You may use labels=[pos_label] to specify a single positive class.
  warnings.warn(

2024-08-30 21:36:58,792:WARNING:C:\Users\surya\OneDrive\Desktop\Data Science Project\Breast Cancer\.venv\Lib\site-packages\sklearn\metrics\_classification.py:1561: UserWarning: Note that pos_label (set to 'M') is ignored when average != 'binary' (got 'weighted'). You may use labels=[pos_label] to specify a single positive class.
  warnings.warn(

2024-08-30 21:36:58,792:WARNING:C:\Users\surya\OneDrive\Desktop\Data Science Project\Breast Cancer\.venv\Lib\site-packages\sklearn\metrics\_classification.py:1561: UserWarning: Note that pos_label (set to 'M') is ignored when average != 'binary' (got 'weighted'). You may use labels=[pos_label] to specify a single positive class.
  warnings.warn(

2024-08-30 21:36:58,796:WARNING:C:\Users\surya\OneDrive\Desktop\Data Science Project\Breast Cancer\.venv\Lib\site-packages\sklearn\metrics\_classification.py:1561: UserWarning: Note that pos_label (set to 'M') is ignored when average != 'binary' (got 'weighted'). You may use labels=[pos_label] to specify a single positive class.
  warnings.warn(

2024-08-30 21:36:58,797:WARNING:C:\Users\surya\OneDrive\Desktop\Data Science Project\Breast Cancer\.venv\Lib\site-packages\sklearn\metrics\_classification.py:1561: UserWarning: Note that pos_label (set to 'M') is ignored when average != 'binary' (got 'weighted'). You may use labels=[pos_label] to specify a single positive class.
  warnings.warn(

2024-08-30 21:36:58,799:WARNING:C:\Users\surya\OneDrive\Desktop\Data Science Project\Breast Cancer\.venv\Lib\site-packages\sklearn\metrics\_classification.py:1561: UserWarning: Note that pos_label (set to 'M') is ignored when average != 'binary' (got 'weighted'). You may use labels=[pos_label] to specify a single positive class.
  warnings.warn(

2024-08-30 21:36:58,802:WARNING:C:\Users\surya\OneDrive\Desktop\Data Science Project\Breast Cancer\.venv\Lib\site-packages\sklearn\metrics\_classification.py:1561: UserWarning: Note that pos_label (set to 'M') is ignored when average != 'binary' (got 'weighted'). You may use labels=[pos_label] to specify a single positive class.
  warnings.warn(

2024-08-30 21:36:58,804:WARNING:C:\Users\surya\OneDrive\Desktop\Data Science Project\Breast Cancer\.venv\Lib\site-packages\sklearn\metrics\_classification.py:1561: UserWarning: Note that pos_label (set to 'M') is ignored when average != 'binary' (got 'weighted'). You may use labels=[pos_label] to specify a single positive class.
  warnings.warn(

2024-08-30 21:36:58,810:WARNING:C:\Users\surya\OneDrive\Desktop\Data Science Project\Breast Cancer\.venv\Lib\site-packages\sklearn\metrics\_classification.py:1561: UserWarning: Note that pos_label (set to 'M') is ignored when average != 'binary' (got 'weighted'). You may use labels=[pos_label] to specify a single positive class.
  warnings.warn(

2024-08-30 21:36:58,823:WARNING:C:\Users\surya\OneDrive\Desktop\Data Science Project\Breast Cancer\.venv\Lib\site-packages\sklearn\linear_model\_logistic.py:469: ConvergenceWarning: lbfgs failed to converge (status=1):
STOP: TOTAL NO. of ITERATIONS REACHED LIMIT.

Increase the number of iterations (max_iter) or scale the data as shown in:
    https://scikit-learn.org/stable/modules/preprocessing.html
Please also refer to the documentation for alternative solver options:
    https://scikit-learn.org/stable/modules/linear_model.html#logistic-regression
  n_iter_i = _check_optimize_result(

2024-08-30 21:36:58,827:WARNING:C:\Users\surya\OneDrive\Desktop\Data Science Project\Breast Cancer\.venv\Lib\site-packages\sklearn\linear_model\_logistic.py:469: ConvergenceWarning: lbfgs failed to converge (status=1):
STOP: TOTAL NO. of ITERATIONS REACHED LIMIT.

Increase the number of iterations (max_iter) or scale the data as shown in:
    https://scikit-learn.org/stable/modules/preprocessing.html
Please also refer to the documentation for alternative solver options:
    https://scikit-learn.org/stable/modules/linear_model.html#logistic-regression
  n_iter_i = _check_optimize_result(

2024-08-30 21:36:58,830:WARNING:C:\Users\surya\OneDrive\Desktop\Data Science Project\Breast Cancer\.venv\Lib\site-packages\sklearn\linear_model\_logistic.py:469: ConvergenceWarning: lbfgs failed to converge (status=1):
STOP: TOTAL NO. of ITERATIONS REACHED LIMIT.

Increase the number of iterations (max_iter) or scale the data as shown in:
    https://scikit-learn.org/stable/modules/preprocessing.html
Please also refer to the documentation for alternative solver options:
    https://scikit-learn.org/stable/modules/linear_model.html#logistic-regression
  n_iter_i = _check_optimize_result(

2024-08-30 21:36:58,842:WARNING:C:\Users\surya\OneDrive\Desktop\Data Science Project\Breast Cancer\.venv\Lib\site-packages\sklearn\metrics\_classification.py:1561: UserWarning: Note that pos_label (set to 'M') is ignored when average != 'binary' (got 'weighted'). You may use labels=[pos_label] to specify a single positive class.
  warnings.warn(

2024-08-30 21:36:58,844:WARNING:C:\Users\surya\OneDrive\Desktop\Data Science Project\Breast Cancer\.venv\Lib\site-packages\sklearn\metrics\_classification.py:1561: UserWarning: Note that pos_label (set to 'M') is ignored when average != 'binary' (got 'weighted'). You may use labels=[pos_label] to specify a single positive class.
  warnings.warn(

2024-08-30 21:36:58,844:WARNING:C:\Users\surya\OneDrive\Desktop\Data Science Project\Breast Cancer\.venv\Lib\site-packages\sklearn\linear_model\_logistic.py:469: ConvergenceWarning: lbfgs failed to converge (status=1):
STOP: TOTAL NO. of ITERATIONS REACHED LIMIT.

Increase the number of iterations (max_iter) or scale the data as shown in:
    https://scikit-learn.org/stable/modules/preprocessing.html
Please also refer to the documentation for alternative solver options:
    https://scikit-learn.org/stable/modules/linear_model.html#logistic-regression
  n_iter_i = _check_optimize_result(

2024-08-30 21:36:58,846:WARNING:C:\Users\surya\OneDrive\Desktop\Data Science Project\Breast Cancer\.venv\Lib\site-packages\sklearn\metrics\_classification.py:1561: UserWarning: Note that pos_label (set to 'M') is ignored when average != 'binary' (got 'weighted'). You may use labels=[pos_label] to specify a single positive class.
  warnings.warn(

2024-08-30 21:36:58,846:WARNING:C:\Users\surya\OneDrive\Desktop\Data Science Project\Breast Cancer\.venv\Lib\site-packages\sklearn\metrics\_classification.py:1561: UserWarning: Note that pos_label (set to 'M') is ignored when average != 'binary' (got 'weighted'). You may use labels=[pos_label] to specify a single positive class.
  warnings.warn(

2024-08-30 21:36:58,849:WARNING:C:\Users\surya\OneDrive\Desktop\Data Science Project\Breast Cancer\.venv\Lib\site-packages\sklearn\metrics\_classification.py:1561: UserWarning: Note that pos_label (set to 'M') is ignored when average != 'binary' (got 'weighted'). You may use labels=[pos_label] to specify a single positive class.
  warnings.warn(

2024-08-30 21:36:58,850:WARNING:C:\Users\surya\OneDrive\Desktop\Data Science Project\Breast Cancer\.venv\Lib\site-packages\sklearn\metrics\_classification.py:1561: UserWarning: Note that pos_label (set to 'M') is ignored when average != 'binary' (got 'weighted'). You may use labels=[pos_label] to specify a single positive class.
  warnings.warn(

2024-08-30 21:36:58,850:WARNING:C:\Users\surya\OneDrive\Desktop\Data Science Project\Breast Cancer\.venv\Lib\site-packages\sklearn\metrics\_classification.py:1561: UserWarning: Note that pos_label (set to 'M') is ignored when average != 'binary' (got 'weighted'). You may use labels=[pos_label] to specify a single positive class.
  warnings.warn(

2024-08-30 21:36:58,853:WARNING:C:\Users\surya\OneDrive\Desktop\Data Science Project\Breast Cancer\.venv\Lib\site-packages\sklearn\metrics\_classification.py:1561: UserWarning: Note that pos_label (set to 'M') is ignored when average != 'binary' (got 'weighted'). You may use labels=[pos_label] to specify a single positive class.
  warnings.warn(

2024-08-30 21:36:58,857:WARNING:C:\Users\surya\OneDrive\Desktop\Data Science Project\Breast Cancer\.venv\Lib\site-packages\sklearn\metrics\_classification.py:1561: UserWarning: Note that pos_label (set to 'M') is ignored when average != 'binary' (got 'weighted'). You may use labels=[pos_label] to specify a single positive class.
  warnings.warn(

2024-08-30 21:36:58,859:WARNING:C:\Users\surya\OneDrive\Desktop\Data Science Project\Breast Cancer\.venv\Lib\site-packages\sklearn\metrics\_classification.py:1561: UserWarning: Note that pos_label (set to 'M') is ignored when average != 'binary' (got 'weighted'). You may use labels=[pos_label] to specify a single positive class.
  warnings.warn(

2024-08-30 21:36:58,862:WARNING:C:\Users\surya\OneDrive\Desktop\Data Science Project\Breast Cancer\.venv\Lib\site-packages\sklearn\metrics\_classification.py:1561: UserWarning: Note that pos_label (set to 'M') is ignored when average != 'binary' (got 'weighted'). You may use labels=[pos_label] to specify a single positive class.
  warnings.warn(

2024-08-30 21:36:58,865:WARNING:C:\Users\surya\OneDrive\Desktop\Data Science Project\Breast Cancer\.venv\Lib\site-packages\sklearn\metrics\_classification.py:1561: UserWarning: Note that pos_label (set to 'M') is ignored when average != 'binary' (got 'weighted'). You may use labels=[pos_label] to specify a single positive class.
  warnings.warn(

2024-08-30 21:36:58,879:INFO:Calculating mean and std
2024-08-30 21:36:58,880:INFO:Creating metrics dataframe
2024-08-30 21:36:58,883:INFO:Uploading results into container
2024-08-30 21:36:58,883:INFO:Uploading model into container now
2024-08-30 21:36:58,884:INFO:_master_model_container: 1
2024-08-30 21:36:58,884:INFO:_display_container: 2
2024-08-30 21:36:58,885:INFO:LogisticRegression(C=1.0, class_weight=None, dual=False, fit_intercept=True,
                   intercept_scaling=1, l1_ratio=None, max_iter=1000,
                   multi_class='auto', n_jobs=None, penalty='l2',
                   random_state=8870, solver='lbfgs', tol=0.0001, verbose=0,
                   warm_start=False)
2024-08-30 21:36:58,885:INFO:create_model() successfully completed......................................
2024-08-30 21:36:58,992:INFO:SubProcess create_model() end ==================================
2024-08-30 21:36:58,992:INFO:Creating metrics dataframe
2024-08-30 21:36:58,994:INFO:Initializing K Neighbors Classifier
2024-08-30 21:36:58,994:INFO:Total runtime is 0.06833721001942952 minutes
2024-08-30 21:36:58,994:INFO:SubProcess create_model() called ==================================
2024-08-30 21:36:58,994:INFO:Initializing create_model()
2024-08-30 21:36:58,994:INFO:create_model(self=<pycaret.classification.oop.ClassificationExperiment object at 0x0000026FBD5A22D0>, estimator=knn, fold=StratifiedKFold(n_splits=10, random_state=None, shuffle=False), round=4, cross_validation=True, predict=True, fit_kwargs={}, groups=None, refit=False, probability_threshold=None, experiment_custom_tags=None, verbose=False, system=False, add_to_model_list=True, metrics=None, display=<pycaret.internal.display.display.CommonDisplay object at 0x0000026FBDBFB910>, model_only=True, return_train_score=False, error_score=0.0, kwargs={})
2024-08-30 21:36:58,994:INFO:Checking exceptions
2024-08-30 21:36:58,994:INFO:Importing libraries
2024-08-30 21:36:58,995:INFO:Copying training dataset
2024-08-30 21:36:59,000:INFO:Defining folds
2024-08-30 21:36:59,000:INFO:Declaring metric variables
2024-08-30 21:36:59,000:INFO:Importing untrained model
2024-08-30 21:36:59,001:INFO:K Neighbors Classifier Imported successfully
2024-08-30 21:36:59,002:INFO:Starting cross validation
2024-08-30 21:36:59,002:INFO:Cross validating with StratifiedKFold(n_splits=10, random_state=None, shuffle=False), n_jobs=-1
2024-08-30 21:36:59,177:WARNING:C:\Users\surya\OneDrive\Desktop\Data Science Project\Breast Cancer\.venv\Lib\site-packages\sklearn\metrics\_classification.py:1561: UserWarning: Note that pos_label (set to 'M') is ignored when average != 'binary' (got 'weighted'). You may use labels=[pos_label] to specify a single positive class.
  warnings.warn(

2024-08-30 21:36:59,177:WARNING:C:\Users\surya\OneDrive\Desktop\Data Science Project\Breast Cancer\.venv\Lib\site-packages\sklearn\metrics\_classification.py:1561: UserWarning: Note that pos_label (set to 'M') is ignored when average != 'binary' (got 'weighted'). You may use labels=[pos_label] to specify a single positive class.
  warnings.warn(

2024-08-30 21:36:59,181:WARNING:C:\Users\surya\OneDrive\Desktop\Data Science Project\Breast Cancer\.venv\Lib\site-packages\sklearn\metrics\_classification.py:1561: UserWarning: Note that pos_label (set to 'M') is ignored when average != 'binary' (got 'weighted'). You may use labels=[pos_label] to specify a single positive class.
  warnings.warn(

2024-08-30 21:36:59,181:WARNING:C:\Users\surya\OneDrive\Desktop\Data Science Project\Breast Cancer\.venv\Lib\site-packages\sklearn\metrics\_classification.py:1561: UserWarning: Note that pos_label (set to 'M') is ignored when average != 'binary' (got 'weighted'). You may use labels=[pos_label] to specify a single positive class.
  warnings.warn(

2024-08-30 21:36:59,182:WARNING:C:\Users\surya\OneDrive\Desktop\Data Science Project\Breast Cancer\.venv\Lib\site-packages\sklearn\metrics\_classification.py:1561: UserWarning: Note that pos_label (set to 'M') is ignored when average != 'binary' (got 'weighted'). You may use labels=[pos_label] to specify a single positive class.
  warnings.warn(

2024-08-30 21:36:59,184:WARNING:C:\Users\surya\OneDrive\Desktop\Data Science Project\Breast Cancer\.venv\Lib\site-packages\sklearn\metrics\_classification.py:1561: UserWarning: Note that pos_label (set to 'M') is ignored when average != 'binary' (got 'weighted'). You may use labels=[pos_label] to specify a single positive class.
  warnings.warn(

2024-08-30 21:36:59,184:WARNING:C:\Users\surya\OneDrive\Desktop\Data Science Project\Breast Cancer\.venv\Lib\site-packages\sklearn\metrics\_classification.py:1561: UserWarning: Note that pos_label (set to 'M') is ignored when average != 'binary' (got 'weighted'). You may use labels=[pos_label] to specify a single positive class.
  warnings.warn(

2024-08-30 21:36:59,184:WARNING:C:\Users\surya\OneDrive\Desktop\Data Science Project\Breast Cancer\.venv\Lib\site-packages\sklearn\metrics\_classification.py:1561: UserWarning: Note that pos_label (set to 'M') is ignored when average != 'binary' (got 'weighted'). You may use labels=[pos_label] to specify a single positive class.
  warnings.warn(

2024-08-30 21:36:59,186:WARNING:C:\Users\surya\OneDrive\Desktop\Data Science Project\Breast Cancer\.venv\Lib\site-packages\sklearn\metrics\_classification.py:1561: UserWarning: Note that pos_label (set to 'M') is ignored when average != 'binary' (got 'weighted'). You may use labels=[pos_label] to specify a single positive class.
  warnings.warn(

2024-08-30 21:36:59,187:WARNING:C:\Users\surya\OneDrive\Desktop\Data Science Project\Breast Cancer\.venv\Lib\site-packages\sklearn\metrics\_classification.py:1561: UserWarning: Note that pos_label (set to 'M') is ignored when average != 'binary' (got 'weighted'). You may use labels=[pos_label] to specify a single positive class.
  warnings.warn(

2024-08-30 21:36:59,190:WARNING:C:\Users\surya\OneDrive\Desktop\Data Science Project\Breast Cancer\.venv\Lib\site-packages\sklearn\metrics\_classification.py:1561: UserWarning: Note that pos_label (set to 'M') is ignored when average != 'binary' (got 'weighted'). You may use labels=[pos_label] to specify a single positive class.
  warnings.warn(

2024-08-30 21:36:59,195:WARNING:C:\Users\surya\OneDrive\Desktop\Data Science Project\Breast Cancer\.venv\Lib\site-packages\sklearn\metrics\_classification.py:1561: UserWarning: Note that pos_label (set to 'M') is ignored when average != 'binary' (got 'weighted'). You may use labels=[pos_label] to specify a single positive class.
  warnings.warn(

2024-08-30 21:37:01,322:WARNING:C:\Users\surya\OneDrive\Desktop\Data Science Project\Breast Cancer\.venv\Lib\site-packages\sklearn\metrics\_classification.py:1561: UserWarning: Note that pos_label (set to 'M') is ignored when average != 'binary' (got 'weighted'). You may use labels=[pos_label] to specify a single positive class.
  warnings.warn(

2024-08-30 21:37:01,324:WARNING:C:\Users\surya\OneDrive\Desktop\Data Science Project\Breast Cancer\.venv\Lib\site-packages\sklearn\metrics\_classification.py:1561: UserWarning: Note that pos_label (set to 'M') is ignored when average != 'binary' (got 'weighted'). You may use labels=[pos_label] to specify a single positive class.
  warnings.warn(

2024-08-30 21:37:01,326:WARNING:C:\Users\surya\OneDrive\Desktop\Data Science Project\Breast Cancer\.venv\Lib\site-packages\sklearn\metrics\_classification.py:1561: UserWarning: Note that pos_label (set to 'M') is ignored when average != 'binary' (got 'weighted'). You may use labels=[pos_label] to specify a single positive class.
  warnings.warn(

2024-08-30 21:37:01,346:WARNING:C:\Users\surya\OneDrive\Desktop\Data Science Project\Breast Cancer\.venv\Lib\site-packages\sklearn\metrics\_classification.py:1561: UserWarning: Note that pos_label (set to 'M') is ignored when average != 'binary' (got 'weighted'). You may use labels=[pos_label] to specify a single positive class.
  warnings.warn(

2024-08-30 21:37:01,347:WARNING:C:\Users\surya\OneDrive\Desktop\Data Science Project\Breast Cancer\.venv\Lib\site-packages\sklearn\metrics\_classification.py:1561: UserWarning: Note that pos_label (set to 'M') is ignored when average != 'binary' (got 'weighted'). You may use labels=[pos_label] to specify a single positive class.
  warnings.warn(

2024-08-30 21:37:01,349:WARNING:C:\Users\surya\OneDrive\Desktop\Data Science Project\Breast Cancer\.venv\Lib\site-packages\sklearn\metrics\_classification.py:1561: UserWarning: Note that pos_label (set to 'M') is ignored when average != 'binary' (got 'weighted'). You may use labels=[pos_label] to specify a single positive class.
  warnings.warn(

2024-08-30 21:37:01,350:WARNING:C:\Users\surya\OneDrive\Desktop\Data Science Project\Breast Cancer\.venv\Lib\site-packages\sklearn\metrics\_classification.py:1561: UserWarning: Note that pos_label (set to 'M') is ignored when average != 'binary' (got 'weighted'). You may use labels=[pos_label] to specify a single positive class.
  warnings.warn(

2024-08-30 21:37:01,352:WARNING:C:\Users\surya\OneDrive\Desktop\Data Science Project\Breast Cancer\.venv\Lib\site-packages\sklearn\metrics\_classification.py:1561: UserWarning: Note that pos_label (set to 'M') is ignored when average != 'binary' (got 'weighted'). You may use labels=[pos_label] to specify a single positive class.
  warnings.warn(

2024-08-30 21:37:01,352:WARNING:C:\Users\surya\OneDrive\Desktop\Data Science Project\Breast Cancer\.venv\Lib\site-packages\sklearn\metrics\_classification.py:1561: UserWarning: Note that pos_label (set to 'M') is ignored when average != 'binary' (got 'weighted'). You may use labels=[pos_label] to specify a single positive class.
  warnings.warn(

2024-08-30 21:37:01,353:WARNING:C:\Users\surya\OneDrive\Desktop\Data Science Project\Breast Cancer\.venv\Lib\site-packages\sklearn\metrics\_classification.py:1561: UserWarning: Note that pos_label (set to 'M') is ignored when average != 'binary' (got 'weighted'). You may use labels=[pos_label] to specify a single positive class.
  warnings.warn(

2024-08-30 21:37:01,355:WARNING:C:\Users\surya\OneDrive\Desktop\Data Science Project\Breast Cancer\.venv\Lib\site-packages\sklearn\metrics\_classification.py:1561: UserWarning: Note that pos_label (set to 'M') is ignored when average != 'binary' (got 'weighted'). You may use labels=[pos_label] to specify a single positive class.
  warnings.warn(

2024-08-30 21:37:01,355:WARNING:C:\Users\surya\OneDrive\Desktop\Data Science Project\Breast Cancer\.venv\Lib\site-packages\sklearn\metrics\_classification.py:1561: UserWarning: Note that pos_label (set to 'M') is ignored when average != 'binary' (got 'weighted'). You may use labels=[pos_label] to specify a single positive class.
  warnings.warn(

2024-08-30 21:37:01,357:WARNING:C:\Users\surya\OneDrive\Desktop\Data Science Project\Breast Cancer\.venv\Lib\site-packages\sklearn\metrics\_classification.py:1561: UserWarning: Note that pos_label (set to 'M') is ignored when average != 'binary' (got 'weighted'). You may use labels=[pos_label] to specify a single positive class.
  warnings.warn(

2024-08-30 21:37:01,357:WARNING:C:\Users\surya\OneDrive\Desktop\Data Science Project\Breast Cancer\.venv\Lib\site-packages\sklearn\metrics\_classification.py:1561: UserWarning: Note that pos_label (set to 'M') is ignored when average != 'binary' (got 'weighted'). You may use labels=[pos_label] to specify a single positive class.
  warnings.warn(

2024-08-30 21:37:01,357:WARNING:C:\Users\surya\OneDrive\Desktop\Data Science Project\Breast Cancer\.venv\Lib\site-packages\sklearn\metrics\_classification.py:1561: UserWarning: Note that pos_label (set to 'M') is ignored when average != 'binary' (got 'weighted'). You may use labels=[pos_label] to specify a single positive class.
  warnings.warn(

2024-08-30 21:37:01,360:WARNING:C:\Users\surya\OneDrive\Desktop\Data Science Project\Breast Cancer\.venv\Lib\site-packages\sklearn\metrics\_classification.py:1561: UserWarning: Note that pos_label (set to 'M') is ignored when average != 'binary' (got 'weighted'). You may use labels=[pos_label] to specify a single positive class.
  warnings.warn(

2024-08-30 21:37:01,365:WARNING:C:\Users\surya\OneDrive\Desktop\Data Science Project\Breast Cancer\.venv\Lib\site-packages\sklearn\metrics\_classification.py:1561: UserWarning: Note that pos_label (set to 'M') is ignored when average != 'binary' (got 'weighted'). You may use labels=[pos_label] to specify a single positive class.
  warnings.warn(

2024-08-30 21:37:01,378:INFO:Calculating mean and std
2024-08-30 21:37:01,379:INFO:Creating metrics dataframe
2024-08-30 21:37:01,381:INFO:Uploading results into container
2024-08-30 21:37:01,382:INFO:Uploading model into container now
2024-08-30 21:37:01,382:INFO:_master_model_container: 2
2024-08-30 21:37:01,382:INFO:_display_container: 2
2024-08-30 21:37:01,382:INFO:KNeighborsClassifier(algorithm='auto', leaf_size=30, metric='minkowski',
                     metric_params=None, n_jobs=-1, n_neighbors=5, p=2,
                     weights='uniform')
2024-08-30 21:37:01,382:INFO:create_model() successfully completed......................................
2024-08-30 21:37:01,490:INFO:SubProcess create_model() end ==================================
2024-08-30 21:37:01,490:INFO:Creating metrics dataframe
2024-08-30 21:37:01,492:INFO:Initializing Naive Bayes
2024-08-30 21:37:01,492:INFO:Total runtime is 0.10996414025624593 minutes
2024-08-30 21:37:01,492:INFO:SubProcess create_model() called ==================================
2024-08-30 21:37:01,492:INFO:Initializing create_model()
2024-08-30 21:37:01,492:INFO:create_model(self=<pycaret.classification.oop.ClassificationExperiment object at 0x0000026FBD5A22D0>, estimator=nb, fold=StratifiedKFold(n_splits=10, random_state=None, shuffle=False), round=4, cross_validation=True, predict=True, fit_kwargs={}, groups=None, refit=False, probability_threshold=None, experiment_custom_tags=None, verbose=False, system=False, add_to_model_list=True, metrics=None, display=<pycaret.internal.display.display.CommonDisplay object at 0x0000026FBDBFB910>, model_only=True, return_train_score=False, error_score=0.0, kwargs={})
2024-08-30 21:37:01,492:INFO:Checking exceptions
2024-08-30 21:37:01,492:INFO:Importing libraries
2024-08-30 21:37:01,493:INFO:Copying training dataset
2024-08-30 21:37:01,497:INFO:Defining folds
2024-08-30 21:37:01,497:INFO:Declaring metric variables
2024-08-30 21:37:01,497:INFO:Importing untrained model
2024-08-30 21:37:01,497:INFO:Naive Bayes Imported successfully
2024-08-30 21:37:01,502:INFO:Starting cross validation
2024-08-30 21:37:01,503:INFO:Cross validating with StratifiedKFold(n_splits=10, random_state=None, shuffle=False), n_jobs=-1
2024-08-30 21:37:01,545:WARNING:C:\Users\surya\OneDrive\Desktop\Data Science Project\Breast Cancer\.venv\Lib\site-packages\sklearn\metrics\_classification.py:1561: UserWarning: Note that pos_label (set to 'M') is ignored when average != 'binary' (got 'weighted'). You may use labels=[pos_label] to specify a single positive class.
  warnings.warn(

2024-08-30 21:37:01,545:WARNING:C:\Users\surya\OneDrive\Desktop\Data Science Project\Breast Cancer\.venv\Lib\site-packages\sklearn\metrics\_classification.py:1561: UserWarning: Note that pos_label (set to 'M') is ignored when average != 'binary' (got 'weighted'). You may use labels=[pos_label] to specify a single positive class.
  warnings.warn(

2024-08-30 21:37:01,548:WARNING:C:\Users\surya\OneDrive\Desktop\Data Science Project\Breast Cancer\.venv\Lib\site-packages\sklearn\metrics\_classification.py:1561: UserWarning: Note that pos_label (set to 'M') is ignored when average != 'binary' (got 'weighted'). You may use labels=[pos_label] to specify a single positive class.
  warnings.warn(

2024-08-30 21:37:01,548:WARNING:C:\Users\surya\OneDrive\Desktop\Data Science Project\Breast Cancer\.venv\Lib\site-packages\sklearn\metrics\_classification.py:1561: UserWarning: Note that pos_label (set to 'M') is ignored when average != 'binary' (got 'weighted'). You may use labels=[pos_label] to specify a single positive class.
  warnings.warn(

2024-08-30 21:37:01,549:WARNING:C:\Users\surya\OneDrive\Desktop\Data Science Project\Breast Cancer\.venv\Lib\site-packages\sklearn\metrics\_classification.py:1561: UserWarning: Note that pos_label (set to 'M') is ignored when average != 'binary' (got 'weighted'). You may use labels=[pos_label] to specify a single positive class.
  warnings.warn(

2024-08-30 21:37:01,550:WARNING:C:\Users\surya\OneDrive\Desktop\Data Science Project\Breast Cancer\.venv\Lib\site-packages\sklearn\metrics\_classification.py:1561: UserWarning: Note that pos_label (set to 'M') is ignored when average != 'binary' (got 'weighted'). You may use labels=[pos_label] to specify a single positive class.
  warnings.warn(

2024-08-30 21:37:01,550:WARNING:C:\Users\surya\OneDrive\Desktop\Data Science Project\Breast Cancer\.venv\Lib\site-packages\sklearn\metrics\_classification.py:1561: UserWarning: Note that pos_label (set to 'M') is ignored when average != 'binary' (got 'weighted'). You may use labels=[pos_label] to specify a single positive class.
  warnings.warn(

2024-08-30 21:37:01,551:WARNING:C:\Users\surya\OneDrive\Desktop\Data Science Project\Breast Cancer\.venv\Lib\site-packages\sklearn\metrics\_classification.py:1561: UserWarning: Note that pos_label (set to 'M') is ignored when average != 'binary' (got 'weighted'). You may use labels=[pos_label] to specify a single positive class.
  warnings.warn(

2024-08-30 21:37:01,552:WARNING:C:\Users\surya\OneDrive\Desktop\Data Science Project\Breast Cancer\.venv\Lib\site-packages\sklearn\metrics\_classification.py:1561: UserWarning: Note that pos_label (set to 'M') is ignored when average != 'binary' (got 'weighted'). You may use labels=[pos_label] to specify a single positive class.
  warnings.warn(

2024-08-30 21:37:01,554:WARNING:C:\Users\surya\OneDrive\Desktop\Data Science Project\Breast Cancer\.venv\Lib\site-packages\sklearn\metrics\_classification.py:1561: UserWarning: Note that pos_label (set to 'M') is ignored when average != 'binary' (got 'weighted'). You may use labels=[pos_label] to specify a single positive class.
  warnings.warn(

2024-08-30 21:37:01,554:WARNING:C:\Users\surya\OneDrive\Desktop\Data Science Project\Breast Cancer\.venv\Lib\site-packages\sklearn\metrics\_classification.py:1561: UserWarning: Note that pos_label (set to 'M') is ignored when average != 'binary' (got 'weighted'). You may use labels=[pos_label] to specify a single positive class.
  warnings.warn(

2024-08-30 21:37:01,554:WARNING:C:\Users\surya\OneDrive\Desktop\Data Science Project\Breast Cancer\.venv\Lib\site-packages\sklearn\metrics\_classification.py:1561: UserWarning: Note that pos_label (set to 'M') is ignored when average != 'binary' (got 'weighted'). You may use labels=[pos_label] to specify a single positive class.
  warnings.warn(

2024-08-30 21:37:01,556:WARNING:C:\Users\surya\OneDrive\Desktop\Data Science Project\Breast Cancer\.venv\Lib\site-packages\sklearn\metrics\_classification.py:1561: UserWarning: Note that pos_label (set to 'M') is ignored when average != 'binary' (got 'weighted'). You may use labels=[pos_label] to specify a single positive class.
  warnings.warn(

2024-08-30 21:37:01,557:WARNING:C:\Users\surya\OneDrive\Desktop\Data Science Project\Breast Cancer\.venv\Lib\site-packages\sklearn\metrics\_classification.py:1561: UserWarning: Note that pos_label (set to 'M') is ignored when average != 'binary' (got 'weighted'). You may use labels=[pos_label] to specify a single positive class.
  warnings.warn(

2024-08-30 21:37:01,557:WARNING:C:\Users\surya\OneDrive\Desktop\Data Science Project\Breast Cancer\.venv\Lib\site-packages\sklearn\metrics\_classification.py:1561: UserWarning: Note that pos_label (set to 'M') is ignored when average != 'binary' (got 'weighted'). You may use labels=[pos_label] to specify a single positive class.
  warnings.warn(

2024-08-30 21:37:01,557:WARNING:C:\Users\surya\OneDrive\Desktop\Data Science Project\Breast Cancer\.venv\Lib\site-packages\sklearn\metrics\_classification.py:1561: UserWarning: Note that pos_label (set to 'M') is ignored when average != 'binary' (got 'weighted'). You may use labels=[pos_label] to specify a single positive class.
  warnings.warn(

2024-08-30 21:37:01,558:WARNING:C:\Users\surya\OneDrive\Desktop\Data Science Project\Breast Cancer\.venv\Lib\site-packages\sklearn\metrics\_classification.py:1561: UserWarning: Note that pos_label (set to 'M') is ignored when average != 'binary' (got 'weighted'). You may use labels=[pos_label] to specify a single positive class.
  warnings.warn(

2024-08-30 21:37:01,560:WARNING:C:\Users\surya\OneDrive\Desktop\Data Science Project\Breast Cancer\.venv\Lib\site-packages\sklearn\metrics\_classification.py:1561: UserWarning: Note that pos_label (set to 'M') is ignored when average != 'binary' (got 'weighted'). You may use labels=[pos_label] to specify a single positive class.
  warnings.warn(

2024-08-30 21:37:01,560:WARNING:C:\Users\surya\OneDrive\Desktop\Data Science Project\Breast Cancer\.venv\Lib\site-packages\sklearn\metrics\_classification.py:1561: UserWarning: Note that pos_label (set to 'M') is ignored when average != 'binary' (got 'weighted'). You may use labels=[pos_label] to specify a single positive class.
  warnings.warn(

2024-08-30 21:37:01,563:WARNING:C:\Users\surya\OneDrive\Desktop\Data Science Project\Breast Cancer\.venv\Lib\site-packages\sklearn\metrics\_classification.py:1561: UserWarning: Note that pos_label (set to 'M') is ignored when average != 'binary' (got 'weighted'). You may use labels=[pos_label] to specify a single positive class.
  warnings.warn(

2024-08-30 21:37:01,563:WARNING:C:\Users\surya\OneDrive\Desktop\Data Science Project\Breast Cancer\.venv\Lib\site-packages\sklearn\metrics\_classification.py:1561: UserWarning: Note that pos_label (set to 'M') is ignored when average != 'binary' (got 'weighted'). You may use labels=[pos_label] to specify a single positive class.
  warnings.warn(

2024-08-30 21:37:01,564:WARNING:C:\Users\surya\OneDrive\Desktop\Data Science Project\Breast Cancer\.venv\Lib\site-packages\sklearn\metrics\_classification.py:1561: UserWarning: Note that pos_label (set to 'M') is ignored when average != 'binary' (got 'weighted'). You may use labels=[pos_label] to specify a single positive class.
  warnings.warn(

2024-08-30 21:37:01,565:WARNING:C:\Users\surya\OneDrive\Desktop\Data Science Project\Breast Cancer\.venv\Lib\site-packages\sklearn\metrics\_classification.py:1561: UserWarning: Note that pos_label (set to 'M') is ignored when average != 'binary' (got 'weighted'). You may use labels=[pos_label] to specify a single positive class.
  warnings.warn(

2024-08-30 21:37:01,566:WARNING:C:\Users\surya\OneDrive\Desktop\Data Science Project\Breast Cancer\.venv\Lib\site-packages\sklearn\metrics\_classification.py:1561: UserWarning: Note that pos_label (set to 'M') is ignored when average != 'binary' (got 'weighted'). You may use labels=[pos_label] to specify a single positive class.
  warnings.warn(

2024-08-30 21:37:01,567:WARNING:C:\Users\surya\OneDrive\Desktop\Data Science Project\Breast Cancer\.venv\Lib\site-packages\sklearn\metrics\_classification.py:1561: UserWarning: Note that pos_label (set to 'M') is ignored when average != 'binary' (got 'weighted'). You may use labels=[pos_label] to specify a single positive class.
  warnings.warn(

2024-08-30 21:37:01,574:INFO:Calculating mean and std
2024-08-30 21:37:01,575:INFO:Creating metrics dataframe
2024-08-30 21:37:01,577:INFO:Uploading results into container
2024-08-30 21:37:01,578:INFO:Uploading model into container now
2024-08-30 21:37:01,578:INFO:_master_model_container: 3
2024-08-30 21:37:01,578:INFO:_display_container: 2
2024-08-30 21:37:01,578:INFO:GaussianNB(priors=None, var_smoothing=1e-09)
2024-08-30 21:37:01,578:INFO:create_model() successfully completed......................................
2024-08-30 21:37:01,654:INFO:SubProcess create_model() end ==================================
2024-08-30 21:37:01,654:INFO:Creating metrics dataframe
2024-08-30 21:37:01,656:INFO:Initializing Decision Tree Classifier
2024-08-30 21:37:01,656:INFO:Total runtime is 0.11269786357879638 minutes
2024-08-30 21:37:01,656:INFO:SubProcess create_model() called ==================================
2024-08-30 21:37:01,657:INFO:Initializing create_model()
2024-08-30 21:37:01,657:INFO:create_model(self=<pycaret.classification.oop.ClassificationExperiment object at 0x0000026FBD5A22D0>, estimator=dt, fold=StratifiedKFold(n_splits=10, random_state=None, shuffle=False), round=4, cross_validation=True, predict=True, fit_kwargs={}, groups=None, refit=False, probability_threshold=None, experiment_custom_tags=None, verbose=False, system=False, add_to_model_list=True, metrics=None, display=<pycaret.internal.display.display.CommonDisplay object at 0x0000026FBDBFB910>, model_only=True, return_train_score=False, error_score=0.0, kwargs={})
2024-08-30 21:37:01,657:INFO:Checking exceptions
2024-08-30 21:37:01,657:INFO:Importing libraries
2024-08-30 21:37:01,657:INFO:Copying training dataset
2024-08-30 21:37:01,661:INFO:Defining folds
2024-08-30 21:37:01,661:INFO:Declaring metric variables
2024-08-30 21:37:01,661:INFO:Importing untrained model
2024-08-30 21:37:01,662:INFO:Decision Tree Classifier Imported successfully
2024-08-30 21:37:01,662:INFO:Starting cross validation
2024-08-30 21:37:01,662:INFO:Cross validating with StratifiedKFold(n_splits=10, random_state=None, shuffle=False), n_jobs=-1
2024-08-30 21:37:01,705:WARNING:C:\Users\surya\OneDrive\Desktop\Data Science Project\Breast Cancer\.venv\Lib\site-packages\sklearn\metrics\_classification.py:1561: UserWarning: Note that pos_label (set to 'M') is ignored when average != 'binary' (got 'weighted'). You may use labels=[pos_label] to specify a single positive class.
  warnings.warn(

2024-08-30 21:37:01,706:WARNING:C:\Users\surya\OneDrive\Desktop\Data Science Project\Breast Cancer\.venv\Lib\site-packages\sklearn\metrics\_classification.py:1561: UserWarning: Note that pos_label (set to 'M') is ignored when average != 'binary' (got 'weighted'). You may use labels=[pos_label] to specify a single positive class.
  warnings.warn(

2024-08-30 21:37:01,706:WARNING:C:\Users\surya\OneDrive\Desktop\Data Science Project\Breast Cancer\.venv\Lib\site-packages\sklearn\metrics\_classification.py:1561: UserWarning: Note that pos_label (set to 'M') is ignored when average != 'binary' (got 'weighted'). You may use labels=[pos_label] to specify a single positive class.
  warnings.warn(

2024-08-30 21:37:01,709:WARNING:C:\Users\surya\OneDrive\Desktop\Data Science Project\Breast Cancer\.venv\Lib\site-packages\sklearn\metrics\_classification.py:1561: UserWarning: Note that pos_label (set to 'M') is ignored when average != 'binary' (got 'weighted'). You may use labels=[pos_label] to specify a single positive class.
  warnings.warn(

2024-08-30 21:37:01,709:WARNING:C:\Users\surya\OneDrive\Desktop\Data Science Project\Breast Cancer\.venv\Lib\site-packages\sklearn\metrics\_classification.py:1561: UserWarning: Note that pos_label (set to 'M') is ignored when average != 'binary' (got 'weighted'). You may use labels=[pos_label] to specify a single positive class.
  warnings.warn(

2024-08-30 21:37:01,709:WARNING:C:\Users\surya\OneDrive\Desktop\Data Science Project\Breast Cancer\.venv\Lib\site-packages\sklearn\metrics\_classification.py:1561: UserWarning: Note that pos_label (set to 'M') is ignored when average != 'binary' (got 'weighted'). You may use labels=[pos_label] to specify a single positive class.
  warnings.warn(

2024-08-30 21:37:01,709:WARNING:C:\Users\surya\OneDrive\Desktop\Data Science Project\Breast Cancer\.venv\Lib\site-packages\sklearn\metrics\_classification.py:1561: UserWarning: Note that pos_label (set to 'M') is ignored when average != 'binary' (got 'weighted'). You may use labels=[pos_label] to specify a single positive class.
  warnings.warn(

2024-08-30 21:37:01,711:WARNING:C:\Users\surya\OneDrive\Desktop\Data Science Project\Breast Cancer\.venv\Lib\site-packages\sklearn\metrics\_classification.py:1561: UserWarning: Note that pos_label (set to 'M') is ignored when average != 'binary' (got 'weighted'). You may use labels=[pos_label] to specify a single positive class.
  warnings.warn(

2024-08-30 21:37:01,711:WARNING:C:\Users\surya\OneDrive\Desktop\Data Science Project\Breast Cancer\.venv\Lib\site-packages\sklearn\metrics\_classification.py:1561: UserWarning: Note that pos_label (set to 'M') is ignored when average != 'binary' (got 'weighted'). You may use labels=[pos_label] to specify a single positive class.
  warnings.warn(

2024-08-30 21:37:01,713:WARNING:C:\Users\surya\OneDrive\Desktop\Data Science Project\Breast Cancer\.venv\Lib\site-packages\sklearn\metrics\_classification.py:1561: UserWarning: Note that pos_label (set to 'M') is ignored when average != 'binary' (got 'weighted'). You may use labels=[pos_label] to specify a single positive class.
  warnings.warn(

2024-08-30 21:37:01,713:WARNING:C:\Users\surya\OneDrive\Desktop\Data Science Project\Breast Cancer\.venv\Lib\site-packages\sklearn\metrics\_classification.py:1561: UserWarning: Note that pos_label (set to 'M') is ignored when average != 'binary' (got 'weighted'). You may use labels=[pos_label] to specify a single positive class.
  warnings.warn(

2024-08-30 21:37:01,714:WARNING:C:\Users\surya\OneDrive\Desktop\Data Science Project\Breast Cancer\.venv\Lib\site-packages\sklearn\metrics\_classification.py:1561: UserWarning: Note that pos_label (set to 'M') is ignored when average != 'binary' (got 'weighted'). You may use labels=[pos_label] to specify a single positive class.
  warnings.warn(

2024-08-30 21:37:01,715:WARNING:C:\Users\surya\OneDrive\Desktop\Data Science Project\Breast Cancer\.venv\Lib\site-packages\sklearn\metrics\_classification.py:1561: UserWarning: Note that pos_label (set to 'M') is ignored when average != 'binary' (got 'weighted'). You may use labels=[pos_label] to specify a single positive class.
  warnings.warn(

2024-08-30 21:37:01,715:WARNING:C:\Users\surya\OneDrive\Desktop\Data Science Project\Breast Cancer\.venv\Lib\site-packages\sklearn\metrics\_classification.py:1561: UserWarning: Note that pos_label (set to 'M') is ignored when average != 'binary' (got 'weighted'). You may use labels=[pos_label] to specify a single positive class.
  warnings.warn(

2024-08-30 21:37:01,717:WARNING:C:\Users\surya\OneDrive\Desktop\Data Science Project\Breast Cancer\.venv\Lib\site-packages\sklearn\metrics\_classification.py:1561: UserWarning: Note that pos_label (set to 'M') is ignored when average != 'binary' (got 'weighted'). You may use labels=[pos_label] to specify a single positive class.
  warnings.warn(

2024-08-30 21:37:01,718:WARNING:C:\Users\surya\OneDrive\Desktop\Data Science Project\Breast Cancer\.venv\Lib\site-packages\sklearn\metrics\_classification.py:1561: UserWarning: Note that pos_label (set to 'M') is ignored when average != 'binary' (got 'weighted'). You may use labels=[pos_label] to specify a single positive class.
  warnings.warn(

2024-08-30 21:37:01,718:WARNING:C:\Users\surya\OneDrive\Desktop\Data Science Project\Breast Cancer\.venv\Lib\site-packages\sklearn\metrics\_classification.py:1561: UserWarning: Note that pos_label (set to 'M') is ignored when average != 'binary' (got 'weighted'). You may use labels=[pos_label] to specify a single positive class.
  warnings.warn(

2024-08-30 21:37:01,720:WARNING:C:\Users\surya\OneDrive\Desktop\Data Science Project\Breast Cancer\.venv\Lib\site-packages\sklearn\metrics\_classification.py:1561: UserWarning: Note that pos_label (set to 'M') is ignored when average != 'binary' (got 'weighted'). You may use labels=[pos_label] to specify a single positive class.
  warnings.warn(

2024-08-30 21:37:01,723:WARNING:C:\Users\surya\OneDrive\Desktop\Data Science Project\Breast Cancer\.venv\Lib\site-packages\sklearn\metrics\_classification.py:1561: UserWarning: Note that pos_label (set to 'M') is ignored when average != 'binary' (got 'weighted'). You may use labels=[pos_label] to specify a single positive class.
  warnings.warn(

2024-08-30 21:37:01,723:WARNING:C:\Users\surya\OneDrive\Desktop\Data Science Project\Breast Cancer\.venv\Lib\site-packages\sklearn\metrics\_classification.py:1561: UserWarning: Note that pos_label (set to 'M') is ignored when average != 'binary' (got 'weighted'). You may use labels=[pos_label] to specify a single positive class.
  warnings.warn(

2024-08-30 21:37:01,724:WARNING:C:\Users\surya\OneDrive\Desktop\Data Science Project\Breast Cancer\.venv\Lib\site-packages\sklearn\metrics\_classification.py:1561: UserWarning: Note that pos_label (set to 'M') is ignored when average != 'binary' (got 'weighted'). You may use labels=[pos_label] to specify a single positive class.
  warnings.warn(

2024-08-30 21:37:01,725:WARNING:C:\Users\surya\OneDrive\Desktop\Data Science Project\Breast Cancer\.venv\Lib\site-packages\sklearn\metrics\_classification.py:1561: UserWarning: Note that pos_label (set to 'M') is ignored when average != 'binary' (got 'weighted'). You may use labels=[pos_label] to specify a single positive class.
  warnings.warn(

2024-08-30 21:37:01,725:WARNING:C:\Users\surya\OneDrive\Desktop\Data Science Project\Breast Cancer\.venv\Lib\site-packages\sklearn\metrics\_classification.py:1561: UserWarning: Note that pos_label (set to 'M') is ignored when average != 'binary' (got 'weighted'). You may use labels=[pos_label] to specify a single positive class.
  warnings.warn(

2024-08-30 21:37:01,726:WARNING:C:\Users\surya\OneDrive\Desktop\Data Science Project\Breast Cancer\.venv\Lib\site-packages\sklearn\metrics\_classification.py:1561: UserWarning: Note that pos_label (set to 'M') is ignored when average != 'binary' (got 'weighted'). You may use labels=[pos_label] to specify a single positive class.
  warnings.warn(

2024-08-30 21:37:01,727:WARNING:C:\Users\surya\OneDrive\Desktop\Data Science Project\Breast Cancer\.venv\Lib\site-packages\sklearn\metrics\_classification.py:1561: UserWarning: Note that pos_label (set to 'M') is ignored when average != 'binary' (got 'weighted'). You may use labels=[pos_label] to specify a single positive class.
  warnings.warn(

2024-08-30 21:37:01,727:WARNING:C:\Users\surya\OneDrive\Desktop\Data Science Project\Breast Cancer\.venv\Lib\site-packages\sklearn\metrics\_classification.py:1561: UserWarning: Note that pos_label (set to 'M') is ignored when average != 'binary' (got 'weighted'). You may use labels=[pos_label] to specify a single positive class.
  warnings.warn(

2024-08-30 21:37:01,728:WARNING:C:\Users\surya\OneDrive\Desktop\Data Science Project\Breast Cancer\.venv\Lib\site-packages\sklearn\metrics\_classification.py:1561: UserWarning: Note that pos_label (set to 'M') is ignored when average != 'binary' (got 'weighted'). You may use labels=[pos_label] to specify a single positive class.
  warnings.warn(

2024-08-30 21:37:01,729:WARNING:C:\Users\surya\OneDrive\Desktop\Data Science Project\Breast Cancer\.venv\Lib\site-packages\sklearn\metrics\_classification.py:1561: UserWarning: Note that pos_label (set to 'M') is ignored when average != 'binary' (got 'weighted'). You may use labels=[pos_label] to specify a single positive class.
  warnings.warn(

2024-08-30 21:37:01,729:WARNING:C:\Users\surya\OneDrive\Desktop\Data Science Project\Breast Cancer\.venv\Lib\site-packages\sklearn\metrics\_classification.py:1561: UserWarning: Note that pos_label (set to 'M') is ignored when average != 'binary' (got 'weighted'). You may use labels=[pos_label] to specify a single positive class.
  warnings.warn(

2024-08-30 21:37:01,744:INFO:Calculating mean and std
2024-08-30 21:37:01,746:INFO:Creating metrics dataframe
2024-08-30 21:37:01,748:INFO:Uploading results into container
2024-08-30 21:37:01,748:INFO:Uploading model into container now
2024-08-30 21:37:01,748:INFO:_master_model_container: 4
2024-08-30 21:37:01,748:INFO:_display_container: 2
2024-08-30 21:37:01,748:INFO:DecisionTreeClassifier(ccp_alpha=0.0, class_weight=None, criterion='gini',
                       max_depth=None, max_features=None, max_leaf_nodes=None,
                       min_impurity_decrease=0.0, min_samples_leaf=1,
                       min_samples_split=2, min_weight_fraction_leaf=0.0,
                       monotonic_cst=None, random_state=8870, splitter='best')
2024-08-30 21:37:01,748:INFO:create_model() successfully completed......................................
2024-08-30 21:37:01,825:INFO:SubProcess create_model() end ==================================
2024-08-30 21:37:01,825:INFO:Creating metrics dataframe
2024-08-30 21:37:01,827:INFO:Initializing SVM - Linear Kernel
2024-08-30 21:37:01,827:INFO:Total runtime is 0.11555489301681518 minutes
2024-08-30 21:37:01,827:INFO:SubProcess create_model() called ==================================
2024-08-30 21:37:01,827:INFO:Initializing create_model()
2024-08-30 21:37:01,827:INFO:create_model(self=<pycaret.classification.oop.ClassificationExperiment object at 0x0000026FBD5A22D0>, estimator=svm, fold=StratifiedKFold(n_splits=10, random_state=None, shuffle=False), round=4, cross_validation=True, predict=True, fit_kwargs={}, groups=None, refit=False, probability_threshold=None, experiment_custom_tags=None, verbose=False, system=False, add_to_model_list=True, metrics=None, display=<pycaret.internal.display.display.CommonDisplay object at 0x0000026FBDBFB910>, model_only=True, return_train_score=False, error_score=0.0, kwargs={})
2024-08-30 21:37:01,827:INFO:Checking exceptions
2024-08-30 21:37:01,827:INFO:Importing libraries
2024-08-30 21:37:01,827:INFO:Copying training dataset
2024-08-30 21:37:01,831:INFO:Defining folds
2024-08-30 21:37:01,832:INFO:Declaring metric variables
2024-08-30 21:37:01,832:INFO:Importing untrained model
2024-08-30 21:37:01,832:INFO:SVM - Linear Kernel Imported successfully
2024-08-30 21:37:01,832:INFO:Starting cross validation
2024-08-30 21:37:01,833:INFO:Cross validating with StratifiedKFold(n_splits=10, random_state=None, shuffle=False), n_jobs=-1
2024-08-30 21:37:01,870:WARNING:C:\Users\surya\OneDrive\Desktop\Data Science Project\Breast Cancer\.venv\Lib\site-packages\sklearn\metrics\_classification.py:1561: UserWarning: Note that pos_label (set to 'M') is ignored when average != 'binary' (got 'weighted'). You may use labels=[pos_label] to specify a single positive class.
  warnings.warn(

2024-08-30 21:37:01,873:WARNING:C:\Users\surya\OneDrive\Desktop\Data Science Project\Breast Cancer\.venv\Lib\site-packages\sklearn\metrics\_classification.py:1561: UserWarning: Note that pos_label (set to 'M') is ignored when average != 'binary' (got 'weighted'). You may use labels=[pos_label] to specify a single positive class.
  warnings.warn(

2024-08-30 21:37:01,873:WARNING:C:\Users\surya\OneDrive\Desktop\Data Science Project\Breast Cancer\.venv\Lib\site-packages\sklearn\metrics\_classification.py:1561: UserWarning: Note that pos_label (set to 'M') is ignored when average != 'binary' (got 'weighted'). You may use labels=[pos_label] to specify a single positive class.
  warnings.warn(

2024-08-30 21:37:01,874:WARNING:C:\Users\surya\OneDrive\Desktop\Data Science Project\Breast Cancer\.venv\Lib\site-packages\sklearn\metrics\_classification.py:1561: UserWarning: Note that pos_label (set to 'M') is ignored when average != 'binary' (got 'weighted'). You may use labels=[pos_label] to specify a single positive class.
  warnings.warn(

2024-08-30 21:37:01,876:WARNING:C:\Users\surya\OneDrive\Desktop\Data Science Project\Breast Cancer\.venv\Lib\site-packages\sklearn\metrics\_classification.py:1561: UserWarning: Note that pos_label (set to 'M') is ignored when average != 'binary' (got 'weighted'). You may use labels=[pos_label] to specify a single positive class.
  warnings.warn(

2024-08-30 21:37:01,876:WARNING:C:\Users\surya\OneDrive\Desktop\Data Science Project\Breast Cancer\.venv\Lib\site-packages\sklearn\metrics\_classification.py:1561: UserWarning: Note that pos_label (set to 'M') is ignored when average != 'binary' (got 'weighted'). You may use labels=[pos_label] to specify a single positive class.
  warnings.warn(

2024-08-30 21:37:01,876:WARNING:C:\Users\surya\OneDrive\Desktop\Data Science Project\Breast Cancer\.venv\Lib\site-packages\sklearn\metrics\_classification.py:1561: UserWarning: Note that pos_label (set to 'M') is ignored when average != 'binary' (got 'weighted'). You may use labels=[pos_label] to specify a single positive class.
  warnings.warn(

2024-08-30 21:37:01,877:WARNING:C:\Users\surya\OneDrive\Desktop\Data Science Project\Breast Cancer\.venv\Lib\site-packages\sklearn\metrics\_classification.py:1561: UserWarning: Note that pos_label (set to 'M') is ignored when average != 'binary' (got 'weighted'). You may use labels=[pos_label] to specify a single positive class.
  warnings.warn(

2024-08-30 21:37:01,878:WARNING:C:\Users\surya\OneDrive\Desktop\Data Science Project\Breast Cancer\.venv\Lib\site-packages\sklearn\metrics\_classification.py:1561: UserWarning: Note that pos_label (set to 'M') is ignored when average != 'binary' (got 'weighted'). You may use labels=[pos_label] to specify a single positive class.
  warnings.warn(

2024-08-30 21:37:01,879:WARNING:C:\Users\surya\OneDrive\Desktop\Data Science Project\Breast Cancer\.venv\Lib\site-packages\sklearn\metrics\_classification.py:1561: UserWarning: Note that pos_label (set to 'M') is ignored when average != 'binary' (got 'weighted'). You may use labels=[pos_label] to specify a single positive class.
  warnings.warn(

2024-08-30 21:37:01,880:WARNING:C:\Users\surya\OneDrive\Desktop\Data Science Project\Breast Cancer\.venv\Lib\site-packages\sklearn\metrics\_classification.py:1561: UserWarning: Note that pos_label (set to 'M') is ignored when average != 'binary' (got 'weighted'). You may use labels=[pos_label] to specify a single positive class.
  warnings.warn(

2024-08-30 21:37:01,882:WARNING:C:\Users\surya\OneDrive\Desktop\Data Science Project\Breast Cancer\.venv\Lib\site-packages\sklearn\metrics\_classification.py:1561: UserWarning: Note that pos_label (set to 'M') is ignored when average != 'binary' (got 'weighted'). You may use labels=[pos_label] to specify a single positive class.
  warnings.warn(

2024-08-30 21:37:01,883:WARNING:C:\Users\surya\OneDrive\Desktop\Data Science Project\Breast Cancer\.venv\Lib\site-packages\sklearn\metrics\_classification.py:1561: UserWarning: Note that pos_label (set to 'M') is ignored when average != 'binary' (got 'weighted'). You may use labels=[pos_label] to specify a single positive class.
  warnings.warn(

2024-08-30 21:37:01,883:WARNING:C:\Users\surya\OneDrive\Desktop\Data Science Project\Breast Cancer\.venv\Lib\site-packages\sklearn\metrics\_classification.py:1561: UserWarning: Note that pos_label (set to 'M') is ignored when average != 'binary' (got 'weighted'). You may use labels=[pos_label] to specify a single positive class.
  warnings.warn(

2024-08-30 21:37:01,883:WARNING:C:\Users\surya\OneDrive\Desktop\Data Science Project\Breast Cancer\.venv\Lib\site-packages\sklearn\metrics\_classification.py:1561: UserWarning: Note that pos_label (set to 'M') is ignored when average != 'binary' (got 'weighted'). You may use labels=[pos_label] to specify a single positive class.
  warnings.warn(

2024-08-30 21:37:01,886:WARNING:C:\Users\surya\OneDrive\Desktop\Data Science Project\Breast Cancer\.venv\Lib\site-packages\sklearn\metrics\_classification.py:1561: UserWarning: Note that pos_label (set to 'M') is ignored when average != 'binary' (got 'weighted'). You may use labels=[pos_label] to specify a single positive class.
  warnings.warn(

2024-08-30 21:37:01,886:WARNING:C:\Users\surya\OneDrive\Desktop\Data Science Project\Breast Cancer\.venv\Lib\site-packages\sklearn\metrics\_classification.py:1561: UserWarning: Note that pos_label (set to 'M') is ignored when average != 'binary' (got 'weighted'). You may use labels=[pos_label] to specify a single positive class.
  warnings.warn(

2024-08-30 21:37:01,888:WARNING:C:\Users\surya\OneDrive\Desktop\Data Science Project\Breast Cancer\.venv\Lib\site-packages\sklearn\metrics\_classification.py:1561: UserWarning: Note that pos_label (set to 'M') is ignored when average != 'binary' (got 'weighted'). You may use labels=[pos_label] to specify a single positive class.
  warnings.warn(

2024-08-30 21:37:01,888:WARNING:C:\Users\surya\OneDrive\Desktop\Data Science Project\Breast Cancer\.venv\Lib\site-packages\sklearn\metrics\_classification.py:1561: UserWarning: Note that pos_label (set to 'M') is ignored when average != 'binary' (got 'weighted'). You may use labels=[pos_label] to specify a single positive class.
  warnings.warn(

2024-08-30 21:37:01,889:WARNING:C:\Users\surya\OneDrive\Desktop\Data Science Project\Breast Cancer\.venv\Lib\site-packages\sklearn\metrics\_classification.py:1561: UserWarning: Note that pos_label (set to 'M') is ignored when average != 'binary' (got 'weighted'). You may use labels=[pos_label] to specify a single positive class.
  warnings.warn(

2024-08-30 21:37:01,891:WARNING:C:\Users\surya\OneDrive\Desktop\Data Science Project\Breast Cancer\.venv\Lib\site-packages\sklearn\metrics\_classification.py:1561: UserWarning: Note that pos_label (set to 'M') is ignored when average != 'binary' (got 'weighted'). You may use labels=[pos_label] to specify a single positive class.
  warnings.warn(

2024-08-30 21:37:01,893:WARNING:C:\Users\surya\OneDrive\Desktop\Data Science Project\Breast Cancer\.venv\Lib\site-packages\sklearn\metrics\_classification.py:1561: UserWarning: Note that pos_label (set to 'M') is ignored when average != 'binary' (got 'weighted'). You may use labels=[pos_label] to specify a single positive class.
  warnings.warn(

2024-08-30 21:37:01,894:WARNING:C:\Users\surya\OneDrive\Desktop\Data Science Project\Breast Cancer\.venv\Lib\site-packages\sklearn\metrics\_classification.py:1561: UserWarning: Note that pos_label (set to 'M') is ignored when average != 'binary' (got 'weighted'). You may use labels=[pos_label] to specify a single positive class.
  warnings.warn(

2024-08-30 21:37:01,894:WARNING:C:\Users\surya\OneDrive\Desktop\Data Science Project\Breast Cancer\.venv\Lib\site-packages\sklearn\metrics\_classification.py:1561: UserWarning: Note that pos_label (set to 'M') is ignored when average != 'binary' (got 'weighted'). You may use labels=[pos_label] to specify a single positive class.
  warnings.warn(

2024-08-30 21:37:01,896:WARNING:C:\Users\surya\OneDrive\Desktop\Data Science Project\Breast Cancer\.venv\Lib\site-packages\sklearn\metrics\_classification.py:1561: UserWarning: Note that pos_label (set to 'M') is ignored when average != 'binary' (got 'weighted'). You may use labels=[pos_label] to specify a single positive class.
  warnings.warn(

2024-08-30 21:37:01,896:WARNING:C:\Users\surya\OneDrive\Desktop\Data Science Project\Breast Cancer\.venv\Lib\site-packages\sklearn\metrics\_classification.py:1561: UserWarning: Note that pos_label (set to 'M') is ignored when average != 'binary' (got 'weighted'). You may use labels=[pos_label] to specify a single positive class.
  warnings.warn(

2024-08-30 21:37:01,898:WARNING:C:\Users\surya\OneDrive\Desktop\Data Science Project\Breast Cancer\.venv\Lib\site-packages\sklearn\metrics\_classification.py:1561: UserWarning: Note that pos_label (set to 'M') is ignored when average != 'binary' (got 'weighted'). You may use labels=[pos_label] to specify a single positive class.
  warnings.warn(

2024-08-30 21:37:01,899:WARNING:C:\Users\surya\OneDrive\Desktop\Data Science Project\Breast Cancer\.venv\Lib\site-packages\sklearn\metrics\_classification.py:1561: UserWarning: Note that pos_label (set to 'M') is ignored when average != 'binary' (got 'weighted'). You may use labels=[pos_label] to specify a single positive class.
  warnings.warn(

2024-08-30 21:37:01,905:INFO:Calculating mean and std
2024-08-30 21:37:01,905:INFO:Creating metrics dataframe
2024-08-30 21:37:01,907:INFO:Uploading results into container
2024-08-30 21:37:01,907:INFO:Uploading model into container now
2024-08-30 21:37:01,908:INFO:_master_model_container: 5
2024-08-30 21:37:01,908:INFO:_display_container: 2
2024-08-30 21:37:01,908:INFO:SGDClassifier(alpha=0.0001, average=False, class_weight=None,
              early_stopping=False, epsilon=0.1, eta0=0.001, fit_intercept=True,
              l1_ratio=0.15, learning_rate='optimal', loss='hinge',
              max_iter=1000, n_iter_no_change=5, n_jobs=-1, penalty='l2',
              power_t=0.5, random_state=8870, shuffle=True, tol=0.001,
              validation_fraction=0.1, verbose=0, warm_start=False)
2024-08-30 21:37:01,908:INFO:create_model() successfully completed......................................
2024-08-30 21:37:01,984:INFO:SubProcess create_model() end ==================================
2024-08-30 21:37:01,984:INFO:Creating metrics dataframe
2024-08-30 21:37:01,986:INFO:Initializing Ridge Classifier
2024-08-30 21:37:01,986:INFO:Total runtime is 0.11819638013839721 minutes
2024-08-30 21:37:01,986:INFO:SubProcess create_model() called ==================================
2024-08-30 21:37:01,986:INFO:Initializing create_model()
2024-08-30 21:37:01,986:INFO:create_model(self=<pycaret.classification.oop.ClassificationExperiment object at 0x0000026FBD5A22D0>, estimator=ridge, fold=StratifiedKFold(n_splits=10, random_state=None, shuffle=False), round=4, cross_validation=True, predict=True, fit_kwargs={}, groups=None, refit=False, probability_threshold=None, experiment_custom_tags=None, verbose=False, system=False, add_to_model_list=True, metrics=None, display=<pycaret.internal.display.display.CommonDisplay object at 0x0000026FBDBFB910>, model_only=True, return_train_score=False, error_score=0.0, kwargs={})
2024-08-30 21:37:01,986:INFO:Checking exceptions
2024-08-30 21:37:01,986:INFO:Importing libraries
2024-08-30 21:37:01,987:INFO:Copying training dataset
2024-08-30 21:37:01,991:INFO:Defining folds
2024-08-30 21:37:01,991:INFO:Declaring metric variables
2024-08-30 21:37:01,991:INFO:Importing untrained model
2024-08-30 21:37:01,991:INFO:Ridge Classifier Imported successfully
2024-08-30 21:37:01,991:INFO:Starting cross validation
2024-08-30 21:37:01,992:INFO:Cross validating with StratifiedKFold(n_splits=10, random_state=None, shuffle=False), n_jobs=-1
2024-08-30 21:37:02,017:WARNING:C:\Users\surya\OneDrive\Desktop\Data Science Project\Breast Cancer\.venv\Lib\site-packages\sklearn\linear_model\_ridge.py:204: LinAlgWarning: Ill-conditioned matrix (rcond=4.3425e-09): result may not be accurate.
  return linalg.solve(A, Xy, assume_a="pos", overwrite_a=True).T

2024-08-30 21:37:02,021:WARNING:C:\Users\surya\OneDrive\Desktop\Data Science Project\Breast Cancer\.venv\Lib\site-packages\sklearn\linear_model\_ridge.py:204: LinAlgWarning: Ill-conditioned matrix (rcond=4.20338e-09): result may not be accurate.
  return linalg.solve(A, Xy, assume_a="pos", overwrite_a=True).T

2024-08-30 21:37:02,022:WARNING:C:\Users\surya\OneDrive\Desktop\Data Science Project\Breast Cancer\.venv\Lib\site-packages\sklearn\linear_model\_ridge.py:204: LinAlgWarning: Ill-conditioned matrix (rcond=3.51791e-09): result may not be accurate.
  return linalg.solve(A, Xy, assume_a="pos", overwrite_a=True).T

2024-08-30 21:37:02,025:WARNING:C:\Users\surya\OneDrive\Desktop\Data Science Project\Breast Cancer\.venv\Lib\site-packages\sklearn\linear_model\_ridge.py:204: LinAlgWarning: Ill-conditioned matrix (rcond=3.60945e-09): result may not be accurate.
  return linalg.solve(A, Xy, assume_a="pos", overwrite_a=True).T

2024-08-30 21:37:02,026:WARNING:C:\Users\surya\OneDrive\Desktop\Data Science Project\Breast Cancer\.venv\Lib\site-packages\sklearn\linear_model\_ridge.py:204: LinAlgWarning: Ill-conditioned matrix (rcond=3.98839e-09): result may not be accurate.
  return linalg.solve(A, Xy, assume_a="pos", overwrite_a=True).T

2024-08-30 21:37:02,031:WARNING:C:\Users\surya\OneDrive\Desktop\Data Science Project\Breast Cancer\.venv\Lib\site-packages\sklearn\linear_model\_ridge.py:204: LinAlgWarning: Ill-conditioned matrix (rcond=3.59581e-09): result may not be accurate.
  return linalg.solve(A, Xy, assume_a="pos", overwrite_a=True).T

2024-08-30 21:37:02,034:WARNING:C:\Users\surya\OneDrive\Desktop\Data Science Project\Breast Cancer\.venv\Lib\site-packages\sklearn\metrics\_classification.py:1561: UserWarning: Note that pos_label (set to 'M') is ignored when average != 'binary' (got 'weighted'). You may use labels=[pos_label] to specify a single positive class.
  warnings.warn(

2024-08-30 21:37:02,034:WARNING:C:\Users\surya\OneDrive\Desktop\Data Science Project\Breast Cancer\.venv\Lib\site-packages\sklearn\linear_model\_ridge.py:204: LinAlgWarning: Ill-conditioned matrix (rcond=3.5302e-09): result may not be accurate.
  return linalg.solve(A, Xy, assume_a="pos", overwrite_a=True).T

2024-08-30 21:37:02,036:WARNING:C:\Users\surya\OneDrive\Desktop\Data Science Project\Breast Cancer\.venv\Lib\site-packages\sklearn\metrics\_classification.py:1561: UserWarning: Note that pos_label (set to 'M') is ignored when average != 'binary' (got 'weighted'). You may use labels=[pos_label] to specify a single positive class.
  warnings.warn(

2024-08-30 21:37:02,036:WARNING:C:\Users\surya\OneDrive\Desktop\Data Science Project\Breast Cancer\.venv\Lib\site-packages\sklearn\metrics\_classification.py:1561: UserWarning: Note that pos_label (set to 'M') is ignored when average != 'binary' (got 'weighted'). You may use labels=[pos_label] to specify a single positive class.
  warnings.warn(

2024-08-30 21:37:02,039:WARNING:C:\Users\surya\OneDrive\Desktop\Data Science Project\Breast Cancer\.venv\Lib\site-packages\sklearn\metrics\_classification.py:1561: UserWarning: Note that pos_label (set to 'M') is ignored when average != 'binary' (got 'weighted'). You may use labels=[pos_label] to specify a single positive class.
  warnings.warn(

2024-08-30 21:37:02,039:WARNING:C:\Users\surya\OneDrive\Desktop\Data Science Project\Breast Cancer\.venv\Lib\site-packages\sklearn\linear_model\_ridge.py:204: LinAlgWarning: Ill-conditioned matrix (rcond=4.84252e-09): result may not be accurate.
  return linalg.solve(A, Xy, assume_a="pos", overwrite_a=True).T

positive class.
  warnings.warn(

2024-08-30 21:37:02,039:WARNING:C:\Users\surya\OneDrive\Desktop\Data Science Project\Breast Cancer\.venv\Lib\site-packages\sklearn\metrics\_classification.py:1561: UserWarning: Note that pos_label (set to 'M') is ignored when average != 'binary' (got 'weighted'). You may use labels=[pos_label] to specify a single positive class.
  warnings.warn(

2024-08-30 21:37:02,041:WARNING:C:\Users\surya\OneDrive\Desktop\Data Science Project\Breast Cancer\.venv\Lib\site-packages\sklearn\metrics\_classification.py:1561: UserWarning: Note that pos_label (set to 'M') is ignored when average != 'binary' (got 'weighted'). You may use labels=[pos_label] to specify a single positive class.
  warnings.warn(

2024-08-30 21:37:02,042:WARNING:C:\Users\surya\OneDrive\Desktop\Data Science Project\Breast Cancer\.venv\Lib\site-packages\sklearn\metrics\_classification.py:1561: UserWarning: Note that pos_label (set to 'M') is ignored when average != 'binary' (got 'weighted'). You may use labels=[pos_label] to specify a single positive class.
  warnings.warn(

2024-08-30 21:37:02,042:WARNING:C:\Users\surya\OneDrive\Desktop\Data Science Project\Breast Cancer\.venv\Lib\site-packages\sklearn\metrics\_classification.py:1561: UserWarning: Note that pos_label (set to 'M') is ignored when average != 'binary' (got 'weighted'). You may use labels=[pos_label] to specify a single positive class.
  warnings.warn(

2024-08-30 21:37:02,042:WARNING:C:\Users\surya\OneDrive\Desktop\Data Science Project\Breast Cancer\.venv\Lib\site-packages\sklearn\metrics\_classification.py:1561: UserWarning: Note that pos_label (set to 'M') is ignored when average != 'binary' (got 'weighted'). You may use labels=[pos_label] to specify a single positive class.
  warnings.warn(

2024-08-30 21:37:02,043:WARNING:C:\Users\surya\OneDrive\Desktop\Data Science Project\Breast Cancer\.venv\Lib\site-packages\sklearn\metrics\_classification.py:1561: UserWarning: Note that pos_label (set to 'M') is ignored when average != 'binary' (got 'weighted'). You may use labels=[pos_label] to specify a single positive class.
  warnings.warn(

2024-08-30 21:37:02,044:WARNING:C:\Users\surya\OneDrive\Desktop\Data Science Project\Breast Cancer\.venv\Lib\site-packages\sklearn\metrics\_classification.py:1561: UserWarning: Note that pos_label (set to 'M') is ignored when average != 'binary' (got 'weighted'). You may use labels=[pos_label] to specify a single positive class.
  warnings.warn(

2024-08-30 21:37:02,044:WARNING:C:\Users\surya\OneDrive\Desktop\Data Science Project\Breast Cancer\.venv\Lib\site-packages\sklearn\metrics\_classification.py:1561: UserWarning: Note that pos_label (set to 'M') is ignored when average != 'binary' (got 'weighted'). You may use labels=[pos_label] to specify a single positive class.
  warnings.warn(

2024-08-30 21:37:02,045:WARNING:C:\Users\surya\OneDrive\Desktop\Data Science Project\Breast Cancer\.venv\Lib\site-packages\sklearn\metrics\_classification.py:1561: UserWarning: Note that pos_label (set to 'M') is ignored when average != 'binary' (got 'weighted'). You may use labels=[pos_label] to specify a single positive class.
  warnings.warn(

2024-08-30 21:37:02,045:WARNING:C:\Users\surya\OneDrive\Desktop\Data Science Project\Breast Cancer\.venv\Lib\site-packages\sklearn\metrics\_classification.py:1561: UserWarning: Note that pos_label (set to 'M') is ignored when average != 'binary' (got 'weighted'). You may use labels=[pos_label] to specify a single positive class.
  warnings.warn(

2024-08-30 21:37:02,046:WARNING:C:\Users\surya\OneDrive\Desktop\Data Science Project\Breast Cancer\.venv\Lib\site-packages\sklearn\metrics\_classification.py:1561: UserWarning: Note that pos_label (set to 'M') is ignored when average != 'binary' (got 'weighted'). You may use labels=[pos_label] to specify a single positive class.
  warnings.warn(

2024-08-30 21:37:02,047:WARNING:C:\Users\surya\OneDrive\Desktop\Data Science Project\Breast Cancer\.venv\Lib\site-packages\sklearn\metrics\_classification.py:1561: UserWarning: Note that pos_label (set to 'M') is ignored when average != 'binary' (got 'weighted'). You may use labels=[pos_label] to specify a single positive class.
  warnings.warn(

2024-08-30 21:37:02,049:WARNING:C:\Users\surya\OneDrive\Desktop\Data Science Project\Breast Cancer\.venv\Lib\site-packages\sklearn\metrics\_classification.py:1561: UserWarning: Note that pos_label (set to 'M') is ignored when average != 'binary' (got 'weighted'). You may use labels=[pos_label] to specify a single positive class.
  warnings.warn(

2024-08-30 21:37:02,049:WARNING:C:\Users\surya\OneDrive\Desktop\Data Science Project\Breast Cancer\.venv\Lib\site-packages\sklearn\metrics\_classification.py:1561: UserWarning: Note that pos_label (set to 'M') is ignored when average != 'binary' (got 'weighted'). You may use labels=[pos_label] to specify a single positive class.
  warnings.warn(

2024-08-30 21:37:02,051:WARNING:C:\Users\surya\OneDrive\Desktop\Data Science Project\Breast Cancer\.venv\Lib\site-packages\sklearn\metrics\_classification.py:1561: UserWarning: Note that pos_label (set to 'M') is ignored when average != 'binary' (got 'weighted'). You may use labels=[pos_label] to specify a single positive class.
  warnings.warn(

2024-08-30 21:37:02,051:WARNING:C:\Users\surya\OneDrive\Desktop\Data Science Project\Breast Cancer\.venv\Lib\site-packages\sklearn\metrics\_classification.py:1561: UserWarning: Note that pos_label (set to 'M') is ignored when average != 'binary' (got 'weighted'). You may use labels=[pos_label] to specify a single positive class.
  warnings.warn(

2024-08-30 21:37:02,054:WARNING:C:\Users\surya\OneDrive\Desktop\Data Science Project\Breast Cancer\.venv\Lib\site-packages\sklearn\metrics\_classification.py:1561: UserWarning: Note that pos_label (set to 'M') is ignored when average != 'binary' (got 'weighted'). You may use labels=[pos_label] to specify a single positive class.
  warnings.warn(

2024-08-30 21:37:02,055:WARNING:C:\Users\surya\OneDrive\Desktop\Data Science Project\Breast Cancer\.venv\Lib\site-packages\sklearn\metrics\_classification.py:1561: UserWarning: Note that pos_label (set to 'M') is ignored when average != 'binary' (got 'weighted'). You may use labels=[pos_label] to specify a single positive class.
  warnings.warn(

2024-08-30 21:37:02,056:WARNING:C:\Users\surya\OneDrive\Desktop\Data Science Project\Breast Cancer\.venv\Lib\site-packages\sklearn\metrics\_classification.py:1561: UserWarning: Note that pos_label (set to 'M') is ignored when average != 'binary' (got 'weighted'). You may use labels=[pos_label] to specify a single positive class.
  warnings.warn(

2024-08-30 21:37:02,057:WARNING:C:\Users\surya\OneDrive\Desktop\Data Science Project\Breast Cancer\.venv\Lib\site-packages\sklearn\metrics\_classification.py:1561: UserWarning: Note that pos_label (set to 'M') is ignored when average != 'binary' (got 'weighted'). You may use labels=[pos_label] to specify a single positive class.
  warnings.warn(

2024-08-30 21:37:02,058:WARNING:C:\Users\surya\OneDrive\Desktop\Data Science Project\Breast Cancer\.venv\Lib\site-packages\sklearn\metrics\_classification.py:1561: UserWarning: Note that pos_label (set to 'M') is ignored when average != 'binary' (got 'weighted'). You may use labels=[pos_label] to specify a single positive class.
  warnings.warn(

2024-08-30 21:37:02,072:INFO:Calculating mean and std
2024-08-30 21:37:02,072:INFO:Creating metrics dataframe
2024-08-30 21:37:02,075:INFO:Uploading results into container
2024-08-30 21:37:02,075:INFO:Uploading model into container now
2024-08-30 21:37:02,075:INFO:_master_model_container: 6
2024-08-30 21:37:02,075:INFO:_display_container: 2
2024-08-30 21:37:02,076:INFO:RidgeClassifier(alpha=1.0, class_weight=None, copy_X=True, fit_intercept=True,
                max_iter=None, positive=False, random_state=8870, solver='auto',
                tol=0.0001)
2024-08-30 21:37:02,076:INFO:create_model() successfully completed......................................
2024-08-30 21:37:02,153:INFO:SubProcess create_model() end ==================================
2024-08-30 21:37:02,153:INFO:Creating metrics dataframe
2024-08-30 21:37:02,155:INFO:Initializing Random Forest Classifier
2024-08-30 21:37:02,155:INFO:Total runtime is 0.12101242144902546 minutes
2024-08-30 21:37:02,155:INFO:SubProcess create_model() called ==================================
2024-08-30 21:37:02,155:INFO:Initializing create_model()
2024-08-30 21:37:02,155:INFO:create_model(self=<pycaret.classification.oop.ClassificationExperiment object at 0x0000026FBD5A22D0>, estimator=rf, fold=StratifiedKFold(n_splits=10, random_state=None, shuffle=False), round=4, cross_validation=True, predict=True, fit_kwargs={}, groups=None, refit=False, probability_threshold=None, experiment_custom_tags=None, verbose=False, system=False, add_to_model_list=True, metrics=None, display=<pycaret.internal.display.display.CommonDisplay object at 0x0000026FBDBFB910>, model_only=True, return_train_score=False, error_score=0.0, kwargs={})
2024-08-30 21:37:02,155:INFO:Checking exceptions
2024-08-30 21:37:02,155:INFO:Importing libraries
2024-08-30 21:37:02,155:INFO:Copying training dataset
2024-08-30 21:37:02,160:INFO:Defining folds
2024-08-30 21:37:02,160:INFO:Declaring metric variables
2024-08-30 21:37:02,160:INFO:Importing untrained model
2024-08-30 21:37:02,160:INFO:Random Forest Classifier Imported successfully
2024-08-30 21:37:02,160:INFO:Starting cross validation
2024-08-30 21:37:02,161:INFO:Cross validating with StratifiedKFold(n_splits=10, random_state=None, shuffle=False), n_jobs=-1
2024-08-30 21:37:02,538:WARNING:C:\Users\surya\OneDrive\Desktop\Data Science Project\Breast Cancer\.venv\Lib\site-packages\sklearn\metrics\_classification.py:1561: UserWarning: Note that pos_label (set to 'M') is ignored when average != 'binary' (got 'weighted'). You may use labels=[pos_label] to specify a single positive class.
  warnings.warn(

2024-08-30 21:37:02,542:WARNING:C:\Users\surya\OneDrive\Desktop\Data Science Project\Breast Cancer\.venv\Lib\site-packages\sklearn\metrics\_classification.py:1561: UserWarning: Note that pos_label (set to 'M') is ignored when average != 'binary' (got 'weighted'). You may use labels=[pos_label] to specify a single positive class.
  warnings.warn(

2024-08-30 21:37:02,542:WARNING:C:\Users\surya\OneDrive\Desktop\Data Science Project\Breast Cancer\.venv\Lib\site-packages\sklearn\metrics\_classification.py:1561: UserWarning: Note that pos_label (set to 'M') is ignored when average != 'binary' (got 'weighted'). You may use labels=[pos_label] to specify a single positive class.
  warnings.warn(

2024-08-30 21:37:02,543:WARNING:C:\Users\surya\OneDrive\Desktop\Data Science Project\Breast Cancer\.venv\Lib\site-packages\sklearn\metrics\_classification.py:1561: UserWarning: Note that pos_label (set to 'M') is ignored when average != 'binary' (got 'weighted'). You may use labels=[pos_label] to specify a single positive class.
  warnings.warn(

2024-08-30 21:37:02,546:WARNING:C:\Users\surya\OneDrive\Desktop\Data Science Project\Breast Cancer\.venv\Lib\site-packages\sklearn\metrics\_classification.py:1561: UserWarning: Note that pos_label (set to 'M') is ignored when average != 'binary' (got 'weighted'). You may use labels=[pos_label] to specify a single positive class.
  warnings.warn(

2024-08-30 21:37:02,548:WARNING:C:\Users\surya\OneDrive\Desktop\Data Science Project\Breast Cancer\.venv\Lib\site-packages\sklearn\metrics\_classification.py:1561: UserWarning: Note that pos_label (set to 'M') is ignored when average != 'binary' (got 'weighted'). You may use labels=[pos_label] to specify a single positive class.
  warnings.warn(

2024-08-30 21:37:02,548:WARNING:C:\Users\surya\OneDrive\Desktop\Data Science Project\Breast Cancer\.venv\Lib\site-packages\sklearn\metrics\_classification.py:1561: UserWarning: Note that pos_label (set to 'M') is ignored when average != 'binary' (got 'weighted'). You may use labels=[pos_label] to specify a single positive class.
  warnings.warn(

2024-08-30 21:37:02,549:WARNING:C:\Users\surya\OneDrive\Desktop\Data Science Project\Breast Cancer\.venv\Lib\site-packages\sklearn\metrics\_classification.py:1561: UserWarning: Note that pos_label (set to 'M') is ignored when average != 'binary' (got 'weighted'). You may use labels=[pos_label] to specify a single positive class.
  warnings.warn(

2024-08-30 21:37:02,550:WARNING:C:\Users\surya\OneDrive\Desktop\Data Science Project\Breast Cancer\.venv\Lib\site-packages\sklearn\metrics\_classification.py:1561: UserWarning: Note that pos_label (set to 'M') is ignored when average != 'binary' (got 'weighted'). You may use labels=[pos_label] to specify a single positive class.
  warnings.warn(

2024-08-30 21:37:02,551:WARNING:C:\Users\surya\OneDrive\Desktop\Data Science Project\Breast Cancer\.venv\Lib\site-packages\sklearn\metrics\_classification.py:1561: UserWarning: Note that pos_label (set to 'M') is ignored when average != 'binary' (got 'weighted'). You may use labels=[pos_label] to specify a single positive class.
  warnings.warn(

2024-08-30 21:37:02,551:WARNING:C:\Users\surya\OneDrive\Desktop\Data Science Project\Breast Cancer\.venv\Lib\site-packages\sklearn\metrics\_classification.py:1561: UserWarning: Note that pos_label (set to 'M') is ignored when average != 'binary' (got 'weighted'). You may use labels=[pos_label] to specify a single positive class.
  warnings.warn(

2024-08-30 21:37:02,551:WARNING:C:\Users\surya\OneDrive\Desktop\Data Science Project\Breast Cancer\.venv\Lib\site-packages\sklearn\metrics\_classification.py:1561: UserWarning: Note that pos_label (set to 'M') is ignored when average != 'binary' (got 'weighted'). You may use labels=[pos_label] to specify a single positive class.
  warnings.warn(

2024-08-30 21:37:02,554:WARNING:C:\Users\surya\OneDrive\Desktop\Data Science Project\Breast Cancer\.venv\Lib\site-packages\sklearn\metrics\_classification.py:1561: UserWarning: Note that pos_label (set to 'M') is ignored when average != 'binary' (got 'weighted'). You may use labels=[pos_label] to specify a single positive class.
  warnings.warn(

2024-08-30 21:37:02,556:WARNING:C:\Users\surya\OneDrive\Desktop\Data Science Project\Breast Cancer\.venv\Lib\site-packages\sklearn\metrics\_classification.py:1561: UserWarning: Note that pos_label (set to 'M') is ignored when average != 'binary' (got 'weighted'). You may use labels=[pos_label] to specify a single positive class.
  warnings.warn(

2024-08-30 21:37:02,556:WARNING:C:\Users\surya\OneDrive\Desktop\Data Science Project\Breast Cancer\.venv\Lib\site-packages\sklearn\metrics\_classification.py:1561: UserWarning: Note that pos_label (set to 'M') is ignored when average != 'binary' (got 'weighted'). You may use labels=[pos_label] to specify a single positive class.
  warnings.warn(

2024-08-30 21:37:02,559:WARNING:C:\Users\surya\OneDrive\Desktop\Data Science Project\Breast Cancer\.venv\Lib\site-packages\sklearn\metrics\_classification.py:1561: UserWarning: Note that pos_label (set to 'M') is ignored when average != 'binary' (got 'weighted'). You may use labels=[pos_label] to specify a single positive class.
  warnings.warn(

2024-08-30 21:37:02,561:WARNING:C:\Users\surya\OneDrive\Desktop\Data Science Project\Breast Cancer\.venv\Lib\site-packages\sklearn\metrics\_classification.py:1561: UserWarning: Note that pos_label (set to 'M') is ignored when average != 'binary' (got 'weighted'). You may use labels=[pos_label] to specify a single positive class.
  warnings.warn(

2024-08-30 21:37:02,562:WARNING:C:\Users\surya\OneDrive\Desktop\Data Science Project\Breast Cancer\.venv\Lib\site-packages\sklearn\metrics\_classification.py:1561: UserWarning: Note that pos_label (set to 'M') is ignored when average != 'binary' (got 'weighted'). You may use labels=[pos_label] to specify a single positive class.
  warnings.warn(

2024-08-30 21:37:02,566:WARNING:C:\Users\surya\OneDrive\Desktop\Data Science Project\Breast Cancer\.venv\Lib\site-packages\sklearn\metrics\_classification.py:1561: UserWarning: Note that pos_label (set to 'M') is ignored when average != 'binary' (got 'weighted'). You may use labels=[pos_label] to specify a single positive class.
  warnings.warn(

2024-08-30 21:37:02,570:WARNING:C:\Users\surya\OneDrive\Desktop\Data Science Project\Breast Cancer\.venv\Lib\site-packages\sklearn\metrics\_classification.py:1561: UserWarning: Note that pos_label (set to 'M') is ignored when average != 'binary' (got 'weighted'). You may use labels=[pos_label] to specify a single positive class.
  warnings.warn(

2024-08-30 21:37:02,571:WARNING:C:\Users\surya\OneDrive\Desktop\Data Science Project\Breast Cancer\.venv\Lib\site-packages\sklearn\metrics\_classification.py:1561: UserWarning: Note that pos_label (set to 'M') is ignored when average != 'binary' (got 'weighted'). You may use labels=[pos_label] to specify a single positive class.
  warnings.warn(

2024-08-30 21:37:02,574:WARNING:C:\Users\surya\OneDrive\Desktop\Data Science Project\Breast Cancer\.venv\Lib\site-packages\sklearn\metrics\_classification.py:1561: UserWarning: Note that pos_label (set to 'M') is ignored when average != 'binary' (got 'weighted'). You may use labels=[pos_label] to specify a single positive class.
  warnings.warn(

2024-08-30 21:37:02,576:WARNING:C:\Users\surya\OneDrive\Desktop\Data Science Project\Breast Cancer\.venv\Lib\site-packages\sklearn\metrics\_classification.py:1561: UserWarning: Note that pos_label (set to 'M') is ignored when average != 'binary' (got 'weighted'). You may use labels=[pos_label] to specify a single positive class.
  warnings.warn(

2024-08-30 21:37:02,578:WARNING:C:\Users\surya\OneDrive\Desktop\Data Science Project\Breast Cancer\.venv\Lib\site-packages\sklearn\metrics\_classification.py:1561: UserWarning: Note that pos_label (set to 'M') is ignored when average != 'binary' (got 'weighted'). You may use labels=[pos_label] to specify a single positive class.
  warnings.warn(

2024-08-30 21:37:02,579:WARNING:C:\Users\surya\OneDrive\Desktop\Data Science Project\Breast Cancer\.venv\Lib\site-packages\sklearn\metrics\_classification.py:1561: UserWarning: Note that pos_label (set to 'M') is ignored when average != 'binary' (got 'weighted'). You may use labels=[pos_label] to specify a single positive class.
  warnings.warn(

2024-08-30 21:37:02,580:WARNING:C:\Users\surya\OneDrive\Desktop\Data Science Project\Breast Cancer\.venv\Lib\site-packages\sklearn\metrics\_classification.py:1561: UserWarning: Note that pos_label (set to 'M') is ignored when average != 'binary' (got 'weighted'). You may use labels=[pos_label] to specify a single positive class.
  warnings.warn(

2024-08-30 21:37:02,582:WARNING:C:\Users\surya\OneDrive\Desktop\Data Science Project\Breast Cancer\.venv\Lib\site-packages\sklearn\metrics\_classification.py:1561: UserWarning: Note that pos_label (set to 'M') is ignored when average != 'binary' (got 'weighted'). You may use labels=[pos_label] to specify a single positive class.
  warnings.warn(

2024-08-30 21:37:02,584:WARNING:C:\Users\surya\OneDrive\Desktop\Data Science Project\Breast Cancer\.venv\Lib\site-packages\sklearn\metrics\_classification.py:1561: UserWarning: Note that pos_label (set to 'M') is ignored when average != 'binary' (got 'weighted'). You may use labels=[pos_label] to specify a single positive class.
  warnings.warn(

2024-08-30 21:37:02,587:WARNING:C:\Users\surya\OneDrive\Desktop\Data Science Project\Breast Cancer\.venv\Lib\site-packages\sklearn\metrics\_classification.py:1561: UserWarning: Note that pos_label (set to 'M') is ignored when average != 'binary' (got 'weighted'). You may use labels=[pos_label] to specify a single positive class.
  warnings.warn(

2024-08-30 21:37:02,599:INFO:Calculating mean and std
2024-08-30 21:37:02,600:INFO:Creating metrics dataframe
2024-08-30 21:37:02,604:INFO:Uploading results into container
2024-08-30 21:37:02,604:INFO:Uploading model into container now
2024-08-30 21:37:02,604:INFO:_master_model_container: 7
2024-08-30 21:37:02,604:INFO:_display_container: 2
2024-08-30 21:37:02,605:INFO:RandomForestClassifier(bootstrap=True, ccp_alpha=0.0, class_weight=None,
                       criterion='gini', max_depth=None, max_features='sqrt',
                       max_leaf_nodes=None, max_samples=None,
                       min_impurity_decrease=0.0, min_samples_leaf=1,
                       min_samples_split=2, min_weight_fraction_leaf=0.0,
                       monotonic_cst=None, n_estimators=100, n_jobs=-1,
                       oob_score=False, random_state=8870, verbose=0,
                       warm_start=False)
2024-08-30 21:37:02,605:INFO:create_model() successfully completed......................................
2024-08-30 21:37:02,683:INFO:SubProcess create_model() end ==================================
2024-08-30 21:37:02,683:INFO:Creating metrics dataframe
2024-08-30 21:37:02,685:INFO:Initializing Quadratic Discriminant Analysis
2024-08-30 21:37:02,685:INFO:Total runtime is 0.12984914382298787 minutes
2024-08-30 21:37:02,685:INFO:SubProcess create_model() called ==================================
2024-08-30 21:37:02,685:INFO:Initializing create_model()
2024-08-30 21:37:02,685:INFO:create_model(self=<pycaret.classification.oop.ClassificationExperiment object at 0x0000026FBD5A22D0>, estimator=qda, fold=StratifiedKFold(n_splits=10, random_state=None, shuffle=False), round=4, cross_validation=True, predict=True, fit_kwargs={}, groups=None, refit=False, probability_threshold=None, experiment_custom_tags=None, verbose=False, system=False, add_to_model_list=True, metrics=None, display=<pycaret.internal.display.display.CommonDisplay object at 0x0000026FBDBFB910>, model_only=True, return_train_score=False, error_score=0.0, kwargs={})
2024-08-30 21:37:02,685:INFO:Checking exceptions
2024-08-30 21:37:02,685:INFO:Importing libraries
2024-08-30 21:37:02,685:INFO:Copying training dataset
2024-08-30 21:37:02,690:INFO:Defining folds
2024-08-30 21:37:02,690:INFO:Declaring metric variables
2024-08-30 21:37:02,690:INFO:Importing untrained model
2024-08-30 21:37:02,690:INFO:Quadratic Discriminant Analysis Imported successfully
2024-08-30 21:37:02,690:INFO:Starting cross validation
2024-08-30 21:37:02,691:INFO:Cross validating with StratifiedKFold(n_splits=10, random_state=None, shuffle=False), n_jobs=-1
2024-08-30 21:37:02,734:WARNING:C:\Users\surya\OneDrive\Desktop\Data Science Project\Breast Cancer\.venv\Lib\site-packages\sklearn\metrics\_classification.py:1561: UserWarning: Note that pos_label (set to 'M') is ignored when average != 'binary' (got 'weighted'). You may use labels=[pos_label] to specify a single positive class.
  warnings.warn(

2024-08-30 21:37:02,734:WARNING:C:\Users\surya\OneDrive\Desktop\Data Science Project\Breast Cancer\.venv\Lib\site-packages\sklearn\metrics\_classification.py:1561: UserWarning: Note that pos_label (set to 'M') is ignored when average != 'binary' (got 'weighted'). You may use labels=[pos_label] to specify a single positive class.
  warnings.warn(

2024-08-30 21:37:02,737:WARNING:C:\Users\surya\OneDrive\Desktop\Data Science Project\Breast Cancer\.venv\Lib\site-packages\sklearn\metrics\_classification.py:1561: UserWarning: Note that pos_label (set to 'M') is ignored when average != 'binary' (got 'weighted'). You may use labels=[pos_label] to specify a single positive class.
  warnings.warn(

2024-08-30 21:37:02,737:WARNING:C:\Users\surya\OneDrive\Desktop\Data Science Project\Breast Cancer\.venv\Lib\site-packages\sklearn\metrics\_classification.py:1561: UserWarning: Note that pos_label (set to 'M') is ignored when average != 'binary' (got 'weighted'). You may use labels=[pos_label] to specify a single positive class.
  warnings.warn(

2024-08-30 21:37:02,738:WARNING:C:\Users\surya\OneDrive\Desktop\Data Science Project\Breast Cancer\.venv\Lib\site-packages\sklearn\metrics\_classification.py:1561: UserWarning: Note that pos_label (set to 'M') is ignored when average != 'binary' (got 'weighted'). You may use labels=[pos_label] to specify a single positive class.
  warnings.warn(

2024-08-30 21:37:02,738:WARNING:C:\Users\surya\OneDrive\Desktop\Data Science Project\Breast Cancer\.venv\Lib\site-packages\sklearn\metrics\_classification.py:1561: UserWarning: Note that pos_label (set to 'M') is ignored when average != 'binary' (got 'weighted'). You may use labels=[pos_label] to specify a single positive class.
  warnings.warn(

2024-08-30 21:37:02,739:WARNING:C:\Users\surya\OneDrive\Desktop\Data Science Project\Breast Cancer\.venv\Lib\site-packages\sklearn\metrics\_classification.py:1561: UserWarning: Note that pos_label (set to 'M') is ignored when average != 'binary' (got 'weighted'). You may use labels=[pos_label] to specify a single positive class.
  warnings.warn(

2024-08-30 21:37:02,739:WARNING:C:\Users\surya\OneDrive\Desktop\Data Science Project\Breast Cancer\.venv\Lib\site-packages\sklearn\metrics\_classification.py:1561: UserWarning: Note that pos_label (set to 'M') is ignored when average != 'binary' (got 'weighted'). You may use labels=[pos_label] to specify a single positive class.
  warnings.warn(

2024-08-30 21:37:02,739:WARNING:C:\Users\surya\OneDrive\Desktop\Data Science Project\Breast Cancer\.venv\Lib\site-packages\sklearn\metrics\_classification.py:1561: UserWarning: Note that pos_label (set to 'M') is ignored when average != 'binary' (got 'weighted'). You may use labels=[pos_label] to specify a single positive class.
  warnings.warn(

2024-08-30 21:37:02,740:WARNING:C:\Users\surya\OneDrive\Desktop\Data Science Project\Breast Cancer\.venv\Lib\site-packages\sklearn\metrics\_classification.py:1561: UserWarning: Note that pos_label (set to 'M') is ignored when average != 'binary' (got 'weighted'). You may use labels=[pos_label] to specify a single positive class.
  warnings.warn(

2024-08-30 21:37:02,741:WARNING:C:\Users\surya\OneDrive\Desktop\Data Science Project\Breast Cancer\.venv\Lib\site-packages\sklearn\metrics\_classification.py:1561: UserWarning: Note that pos_label (set to 'M') is ignored when average != 'binary' (got 'weighted'). You may use labels=[pos_label] to specify a single positive class.
  warnings.warn(

2024-08-30 21:37:02,742:WARNING:C:\Users\surya\OneDrive\Desktop\Data Science Project\Breast Cancer\.venv\Lib\site-packages\sklearn\metrics\_classification.py:1561: UserWarning: Note that pos_label (set to 'M') is ignored when average != 'binary' (got 'weighted'). You may use labels=[pos_label] to specify a single positive class.
  warnings.warn(

2024-08-30 21:37:02,742:WARNING:C:\Users\surya\OneDrive\Desktop\Data Science Project\Breast Cancer\.venv\Lib\site-packages\sklearn\metrics\_classification.py:1561: UserWarning: Note that pos_label (set to 'M') is ignored when average != 'binary' (got 'weighted'). You may use labels=[pos_label] to specify a single positive class.
  warnings.warn(

2024-08-30 21:37:02,742:WARNING:C:\Users\surya\OneDrive\Desktop\Data Science Project\Breast Cancer\.venv\Lib\site-packages\sklearn\metrics\_classification.py:1561: UserWarning: Note that pos_label (set to 'M') is ignored when average != 'binary' (got 'weighted'). You may use labels=[pos_label] to specify a single positive class.
  warnings.warn(

2024-08-30 21:37:02,742:WARNING:C:\Users\surya\OneDrive\Desktop\Data Science Project\Breast Cancer\.venv\Lib\site-packages\sklearn\metrics\_classification.py:1561: UserWarning: Note that pos_label (set to 'M') is ignored when average != 'binary' (got 'weighted'). You may use labels=[pos_label] to specify a single positive class.
  warnings.warn(

2024-08-30 21:37:02,744:WARNING:C:\Users\surya\OneDrive\Desktop\Data Science Project\Breast Cancer\.venv\Lib\site-packages\sklearn\metrics\_classification.py:1561: UserWarning: Note that pos_label (set to 'M') is ignored when average != 'binary' (got 'weighted'). You may use labels=[pos_label] to specify a single positive class.
  warnings.warn(

2024-08-30 21:37:02,745:WARNING:C:\Users\surya\OneDrive\Desktop\Data Science Project\Breast Cancer\.venv\Lib\site-packages\sklearn\metrics\_classification.py:1561: UserWarning: Note that pos_label (set to 'M') is ignored when average != 'binary' (got 'weighted'). You may use labels=[pos_label] to specify a single positive class.
  warnings.warn(

2024-08-30 21:37:02,745:WARNING:C:\Users\surya\OneDrive\Desktop\Data Science Project\Breast Cancer\.venv\Lib\site-packages\sklearn\metrics\_classification.py:1561: UserWarning: Note that pos_label (set to 'M') is ignored when average != 'binary' (got 'weighted'). You may use labels=[pos_label] to specify a single positive class.
  warnings.warn(

2024-08-30 21:37:02,746:WARNING:C:\Users\surya\OneDrive\Desktop\Data Science Project\Breast Cancer\.venv\Lib\site-packages\sklearn\metrics\_classification.py:1561: UserWarning: Note that pos_label (set to 'M') is ignored when average != 'binary' (got 'weighted'). You may use labels=[pos_label] to specify a single positive class.
  warnings.warn(

2024-08-30 21:37:02,746:WARNING:C:\Users\surya\OneDrive\Desktop\Data Science Project\Breast Cancer\.venv\Lib\site-packages\sklearn\metrics\_classification.py:1561: UserWarning: Note that pos_label (set to 'M') is ignored when average != 'binary' (got 'weighted'). You may use labels=[pos_label] to specify a single positive class.
  warnings.warn(

2024-08-30 21:37:02,748:WARNING:C:\Users\surya\OneDrive\Desktop\Data Science Project\Breast Cancer\.venv\Lib\site-packages\sklearn\metrics\_classification.py:1561: UserWarning: Note that pos_label (set to 'M') is ignored when average != 'binary' (got 'weighted'). You may use labels=[pos_label] to specify a single positive class.
  warnings.warn(

2024-08-30 21:37:02,748:WARNING:C:\Users\surya\OneDrive\Desktop\Data Science Project\Breast Cancer\.venv\Lib\site-packages\sklearn\metrics\_classification.py:1561: UserWarning: Note that pos_label (set to 'M') is ignored when average != 'binary' (got 'weighted'). You may use labels=[pos_label] to specify a single positive class.
  warnings.warn(

2024-08-30 21:37:02,749:WARNING:C:\Users\surya\OneDrive\Desktop\Data Science Project\Breast Cancer\.venv\Lib\site-packages\sklearn\metrics\_classification.py:1561: UserWarning: Note that pos_label (set to 'M') is ignored when average != 'binary' (got 'weighted'). You may use labels=[pos_label] to specify a single positive class.
  warnings.warn(

2024-08-30 21:37:02,750:WARNING:C:\Users\surya\OneDrive\Desktop\Data Science Project\Breast Cancer\.venv\Lib\site-packages\sklearn\metrics\_classification.py:1561: UserWarning: Note that pos_label (set to 'M') is ignored when average != 'binary' (got 'weighted'). You may use labels=[pos_label] to specify a single positive class.
  warnings.warn(

2024-08-30 21:37:02,752:WARNING:C:\Users\surya\OneDrive\Desktop\Data Science Project\Breast Cancer\.venv\Lib\site-packages\sklearn\metrics\_classification.py:1561: UserWarning: Note that pos_label (set to 'M') is ignored when average != 'binary' (got 'weighted'). You may use labels=[pos_label] to specify a single positive class.
  warnings.warn(

2024-08-30 21:37:02,752:WARNING:C:\Users\surya\OneDrive\Desktop\Data Science Project\Breast Cancer\.venv\Lib\site-packages\sklearn\metrics\_classification.py:1561: UserWarning: Note that pos_label (set to 'M') is ignored when average != 'binary' (got 'weighted'). You may use labels=[pos_label] to specify a single positive class.
  warnings.warn(

2024-08-30 21:37:02,753:WARNING:C:\Users\surya\OneDrive\Desktop\Data Science Project\Breast Cancer\.venv\Lib\site-packages\sklearn\metrics\_classification.py:1561: UserWarning: Note that pos_label (set to 'M') is ignored when average != 'binary' (got 'weighted'). You may use labels=[pos_label] to specify a single positive class.
  warnings.warn(

2024-08-30 21:37:02,754:WARNING:C:\Users\surya\OneDrive\Desktop\Data Science Project\Breast Cancer\.venv\Lib\site-packages\sklearn\metrics\_classification.py:1561: UserWarning: Note that pos_label (set to 'M') is ignored when average != 'binary' (got 'weighted'). You may use labels=[pos_label] to specify a single positive class.
  warnings.warn(

2024-08-30 21:37:02,754:WARNING:C:\Users\surya\OneDrive\Desktop\Data Science Project\Breast Cancer\.venv\Lib\site-packages\sklearn\metrics\_classification.py:1561: UserWarning: Note that pos_label (set to 'M') is ignored when average != 'binary' (got 'weighted'). You may use labels=[pos_label] to specify a single positive class.
  warnings.warn(

2024-08-30 21:37:02,755:WARNING:C:\Users\surya\OneDrive\Desktop\Data Science Project\Breast Cancer\.venv\Lib\site-packages\sklearn\metrics\_classification.py:1561: UserWarning: Note that pos_label (set to 'M') is ignored when average != 'binary' (got 'weighted'). You may use labels=[pos_label] to specify a single positive class.
  warnings.warn(

2024-08-30 21:37:02,760:INFO:Calculating mean and std
2024-08-30 21:37:02,762:INFO:Creating metrics dataframe
2024-08-30 21:37:02,763:INFO:Uploading results into container
2024-08-30 21:37:02,764:INFO:Uploading model into container now
2024-08-30 21:37:02,764:INFO:_master_model_container: 8
2024-08-30 21:37:02,764:INFO:_display_container: 2
2024-08-30 21:37:02,765:INFO:QuadraticDiscriminantAnalysis(priors=None, reg_param=0.0,
                              store_covariance=False, tol=0.0001)
2024-08-30 21:37:02,765:INFO:create_model() successfully completed......................................
2024-08-30 21:37:02,841:INFO:SubProcess create_model() end ==================================
2024-08-30 21:37:02,842:INFO:Creating metrics dataframe
2024-08-30 21:37:02,843:INFO:Initializing Ada Boost Classifier
2024-08-30 21:37:02,844:INFO:Total runtime is 0.13250674406687418 minutes
2024-08-30 21:37:02,844:INFO:SubProcess create_model() called ==================================
2024-08-30 21:37:02,844:INFO:Initializing create_model()
2024-08-30 21:37:02,844:INFO:create_model(self=<pycaret.classification.oop.ClassificationExperiment object at 0x0000026FBD5A22D0>, estimator=ada, fold=StratifiedKFold(n_splits=10, random_state=None, shuffle=False), round=4, cross_validation=True, predict=True, fit_kwargs={}, groups=None, refit=False, probability_threshold=None, experiment_custom_tags=None, verbose=False, system=False, add_to_model_list=True, metrics=None, display=<pycaret.internal.display.display.CommonDisplay object at 0x0000026FBDBFB910>, model_only=True, return_train_score=False, error_score=0.0, kwargs={})
2024-08-30 21:37:02,844:INFO:Checking exceptions
2024-08-30 21:37:02,844:INFO:Importing libraries
2024-08-30 21:37:02,844:INFO:Copying training dataset
2024-08-30 21:37:02,848:INFO:Defining folds
2024-08-30 21:37:02,848:INFO:Declaring metric variables
2024-08-30 21:37:02,848:INFO:Importing untrained model
2024-08-30 21:37:02,848:INFO:Ada Boost Classifier Imported successfully
2024-08-30 21:37:02,849:INFO:Starting cross validation
2024-08-30 21:37:02,849:INFO:Cross validating with StratifiedKFold(n_splits=10, random_state=None, shuffle=False), n_jobs=-1
2024-08-30 21:37:02,871:WARNING:C:\Users\surya\OneDrive\Desktop\Data Science Project\Breast Cancer\.venv\Lib\site-packages\sklearn\ensemble\_weight_boosting.py:519: FutureWarning: The SAMME.R algorithm (the default) is deprecated and will be removed in 1.6. Use the SAMME algorithm to circumvent this warning.
  warnings.warn(

2024-08-30 21:37:02,875:WARNING:C:\Users\surya\OneDrive\Desktop\Data Science Project\Breast Cancer\.venv\Lib\site-packages\sklearn\ensemble\_weight_boosting.py:519: FutureWarning: The SAMME.R algorithm (the default) is deprecated and will be removed in 1.6. Use the SAMME algorithm to circumvent this warning.
  warnings.warn(

2024-08-30 21:37:02,877:WARNING:C:\Users\surya\OneDrive\Desktop\Data Science Project\Breast Cancer\.venv\Lib\site-packages\sklearn\ensemble\_weight_boosting.py:519: FutureWarning: The SAMME.R algorithm (the default) is deprecated and will be removed in 1.6. Use the SAMME algorithm to circumvent this warning.
  warnings.warn(

2024-08-30 21:37:02,877:WARNING:C:\Users\surya\OneDrive\Desktop\Data Science Project\Breast Cancer\.venv\Lib\site-packages\sklearn\ensemble\_weight_boosting.py:519: FutureWarning: The SAMME.R algorithm (the default) is deprecated and will be removed in 1.6. Use the SAMME algorithm to circumvent this warning.
  warnings.warn(

2024-08-30 21:37:02,878:WARNING:C:\Users\surya\OneDrive\Desktop\Data Science Project\Breast Cancer\.venv\Lib\site-packages\sklearn\ensemble\_weight_boosting.py:519: FutureWarning: The SAMME.R algorithm (the default) is deprecated and will be removed in 1.6. Use the SAMME algorithm to circumvent this warning.
  warnings.warn(

2024-08-30 21:37:02,879:WARNING:C:\Users\surya\OneDrive\Desktop\Data Science Project\Breast Cancer\.venv\Lib\site-packages\sklearn\ensemble\_weight_boosting.py:519: FutureWarning: The SAMME.R algorithm (the default) is deprecated and will be removed in 1.6. Use the SAMME algorithm to circumvent this warning.
  warnings.warn(

2024-08-30 21:37:02,885:WARNING:C:\Users\surya\OneDrive\Desktop\Data Science Project\Breast Cancer\.venv\Lib\site-packages\sklearn\ensemble\_weight_boosting.py:519: FutureWarning: The SAMME.R algorithm (the default) is deprecated and will be removed in 1.6. Use the SAMME algorithm to circumvent this warning.
  warnings.warn(

2024-08-30 21:37:02,885:WARNING:C:\Users\surya\OneDrive\Desktop\Data Science Project\Breast Cancer\.venv\Lib\site-packages\sklearn\ensemble\_weight_boosting.py:519: FutureWarning: The SAMME.R algorithm (the default) is deprecated and will be removed in 1.6. Use the SAMME algorithm to circumvent this warning.
  warnings.warn(

2024-08-30 21:37:02,886:WARNING:C:\Users\surya\OneDrive\Desktop\Data Science Project\Breast Cancer\.venv\Lib\site-packages\sklearn\ensemble\_weight_boosting.py:519: FutureWarning: The SAMME.R algorithm (the default) is deprecated and will be removed in 1.6. Use the SAMME algorithm to circumvent this warning.
  warnings.warn(

2024-08-30 21:37:02,886:WARNING:C:\Users\surya\OneDrive\Desktop\Data Science Project\Breast Cancer\.venv\Lib\site-packages\sklearn\ensemble\_weight_boosting.py:519: FutureWarning: The SAMME.R algorithm (the default) is deprecated and will be removed in 1.6. Use the SAMME algorithm to circumvent this warning.
  warnings.warn(

2024-08-30 21:37:03,029:WARNING:C:\Users\surya\OneDrive\Desktop\Data Science Project\Breast Cancer\.venv\Lib\site-packages\sklearn\metrics\_classification.py:1561: UserWarning: Note that pos_label (set to 'M') is ignored when average != 'binary' (got 'weighted'). You may use labels=[pos_label] to specify a single positive class.
  warnings.warn(

2024-08-30 21:37:03,032:WARNING:C:\Users\surya\OneDrive\Desktop\Data Science Project\Breast Cancer\.venv\Lib\site-packages\sklearn\metrics\_classification.py:1561: UserWarning: Note that pos_label (set to 'M') is ignored when average != 'binary' (got 'weighted'). You may use labels=[pos_label] to specify a single positive class.
  warnings.warn(

2024-08-30 21:37:03,034:WARNING:C:\Users\surya\OneDrive\Desktop\Data Science Project\Breast Cancer\.venv\Lib\site-packages\sklearn\metrics\_classification.py:1561: UserWarning: Note that pos_label (set to 'M') is ignored when average != 'binary' (got 'weighted'). You may use labels=[pos_label] to specify a single positive class.
  warnings.warn(

2024-08-30 21:37:03,034:WARNING:C:\Users\surya\OneDrive\Desktop\Data Science Project\Breast Cancer\.venv\Lib\site-packages\sklearn\metrics\_classification.py:1561: UserWarning: Note that pos_label (set to 'M') is ignored when average != 'binary' (got 'weighted'). You may use labels=[pos_label] to specify a single positive class.
  warnings.warn(

2024-08-30 21:37:03,036:WARNING:C:\Users\surya\OneDrive\Desktop\Data Science Project\Breast Cancer\.venv\Lib\site-packages\sklearn\metrics\_classification.py:1561: UserWarning: Note that pos_label (set to 'M') is ignored when average != 'binary' (got 'weighted'). You may use labels=[pos_label] to specify a single positive class.
  warnings.warn(

2024-08-30 21:37:03,037:WARNING:C:\Users\surya\OneDrive\Desktop\Data Science Project\Breast Cancer\.venv\Lib\site-packages\sklearn\metrics\_classification.py:1561: UserWarning: Note that pos_label (set to 'M') is ignored when average != 'binary' (got 'weighted'). You may use labels=[pos_label] to specify a single positive class.
  warnings.warn(

2024-08-30 21:37:03,039:WARNING:C:\Users\surya\OneDrive\Desktop\Data Science Project\Breast Cancer\.venv\Lib\site-packages\sklearn\metrics\_classification.py:1561: UserWarning: Note that pos_label (set to 'M') is ignored when average != 'binary' (got 'weighted'). You may use labels=[pos_label] to specify a single positive class.
  warnings.warn(

2024-08-30 21:37:03,040:WARNING:C:\Users\surya\OneDrive\Desktop\Data Science Project\Breast Cancer\.venv\Lib\site-packages\sklearn\metrics\_classification.py:1561: UserWarning: Note that pos_label (set to 'M') is ignored when average != 'binary' (got 'weighted'). You may use labels=[pos_label] to specify a single positive class.
  warnings.warn(

2024-08-30 21:37:03,042:WARNING:C:\Users\surya\OneDrive\Desktop\Data Science Project\Breast Cancer\.venv\Lib\site-packages\sklearn\metrics\_classification.py:1561: UserWarning: Note that pos_label (set to 'M') is ignored when average != 'binary' (got 'weighted'). You may use labels=[pos_label] to specify a single positive class.
  warnings.warn(

2024-08-30 21:37:03,045:WARNING:C:\Users\surya\OneDrive\Desktop\Data Science Project\Breast Cancer\.venv\Lib\site-packages\sklearn\metrics\_classification.py:1561: UserWarning: Note that pos_label (set to 'M') is ignored when average != 'binary' (got 'weighted'). You may use labels=[pos_label] to specify a single positive class.
  warnings.warn(

2024-08-30 21:37:03,048:WARNING:C:\Users\surya\OneDrive\Desktop\Data Science Project\Breast Cancer\.venv\Lib\site-packages\sklearn\metrics\_classification.py:1561: UserWarning: Note that pos_label (set to 'M') is ignored when average != 'binary' (got 'weighted'). You may use labels=[pos_label] to specify a single positive class.
  warnings.warn(

2024-08-30 21:37:03,049:WARNING:C:\Users\surya\OneDrive\Desktop\Data Science Project\Breast Cancer\.venv\Lib\site-packages\sklearn\metrics\_classification.py:1561: UserWarning: Note that pos_label (set to 'M') is ignored when average != 'binary' (got 'weighted'). You may use labels=[pos_label] to specify a single positive class.
  warnings.warn(

2024-08-30 21:37:03,051:WARNING:C:\Users\surya\OneDrive\Desktop\Data Science Project\Breast Cancer\.venv\Lib\site-packages\sklearn\metrics\_classification.py:1561: UserWarning: Note that pos_label (set to 'M') is ignored when average != 'binary' (got 'weighted'). You may use labels=[pos_label] to specify a single positive class.
  warnings.warn(

2024-08-30 21:37:03,051:WARNING:C:\Users\surya\OneDrive\Desktop\Data Science Project\Breast Cancer\.venv\Lib\site-packages\sklearn\metrics\_classification.py:1561: UserWarning: Note that pos_label (set to 'M') is ignored when average != 'binary' (got 'weighted'). You may use labels=[pos_label] to specify a single positive class.
  warnings.warn(

2024-08-30 21:37:03,052:WARNING:C:\Users\surya\OneDrive\Desktop\Data Science Project\Breast Cancer\.venv\Lib\site-packages\sklearn\metrics\_classification.py:1561: UserWarning: Note that pos_label (set to 'M') is ignored when average != 'binary' (got 'weighted'). You may use labels=[pos_label] to specify a single positive class.
  warnings.warn(

2024-08-30 21:37:03,054:WARNING:C:\Users\surya\OneDrive\Desktop\Data Science Project\Breast Cancer\.venv\Lib\site-packages\sklearn\metrics\_classification.py:1561: UserWarning: Note that pos_label (set to 'M') is ignored when average != 'binary' (got 'weighted'). You may use labels=[pos_label] to specify a single positive class.
  warnings.warn(

2024-08-30 21:37:03,054:WARNING:C:\Users\surya\OneDrive\Desktop\Data Science Project\Breast Cancer\.venv\Lib\site-packages\sklearn\metrics\_classification.py:1561: UserWarning: Note that pos_label (set to 'M') is ignored when average != 'binary' (got 'weighted'). You may use labels=[pos_label] to specify a single positive class.
  warnings.warn(

2024-08-30 21:37:03,056:WARNING:C:\Users\surya\OneDrive\Desktop\Data Science Project\Breast Cancer\.venv\Lib\site-packages\sklearn\metrics\_classification.py:1561: UserWarning: Note that pos_label (set to 'M') is ignored when average != 'binary' (got 'weighted'). You may use labels=[pos_label] to specify a single positive class.
  warnings.warn(

2024-08-30 21:37:03,071:WARNING:C:\Users\surya\OneDrive\Desktop\Data Science Project\Breast Cancer\.venv\Lib\site-packages\sklearn\metrics\_classification.py:1561: UserWarning: Note that pos_label (set to 'M') is ignored when average != 'binary' (got 'weighted'). You may use labels=[pos_label] to specify a single positive class.
  warnings.warn(

2024-08-30 21:37:03,074:WARNING:C:\Users\surya\OneDrive\Desktop\Data Science Project\Breast Cancer\.venv\Lib\site-packages\sklearn\metrics\_classification.py:1561: UserWarning: Note that pos_label (set to 'M') is ignored when average != 'binary' (got 'weighted'). You may use labels=[pos_label] to specify a single positive class.
  warnings.warn(

2024-08-30 21:37:03,075:WARNING:C:\Users\surya\OneDrive\Desktop\Data Science Project\Breast Cancer\.venv\Lib\site-packages\sklearn\metrics\_classification.py:1561: UserWarning: Note that pos_label (set to 'M') is ignored when average != 'binary' (got 'weighted'). You may use labels=[pos_label] to specify a single positive class.
  warnings.warn(

2024-08-30 21:37:03,076:WARNING:C:\Users\surya\OneDrive\Desktop\Data Science Project\Breast Cancer\.venv\Lib\site-packages\sklearn\metrics\_classification.py:1561: UserWarning: Note that pos_label (set to 'M') is ignored when average != 'binary' (got 'weighted'). You may use labels=[pos_label] to specify a single positive class.
  warnings.warn(

2024-08-30 21:37:03,077:WARNING:C:\Users\surya\OneDrive\Desktop\Data Science Project\Breast Cancer\.venv\Lib\site-packages\sklearn\metrics\_classification.py:1561: UserWarning: Note that pos_label (set to 'M') is ignored when average != 'binary' (got 'weighted'). You may use labels=[pos_label] to specify a single positive class.
  warnings.warn(

2024-08-30 21:37:03,079:WARNING:C:\Users\surya\OneDrive\Desktop\Data Science Project\Breast Cancer\.venv\Lib\site-packages\sklearn\metrics\_classification.py:1561: UserWarning: Note that pos_label (set to 'M') is ignored when average != 'binary' (got 'weighted'). You may use labels=[pos_label] to specify a single positive class.
  warnings.warn(

2024-08-30 21:37:03,079:WARNING:C:\Users\surya\OneDrive\Desktop\Data Science Project\Breast Cancer\.venv\Lib\site-packages\sklearn\metrics\_classification.py:1561: UserWarning: Note that pos_label (set to 'M') is ignored when average != 'binary' (got 'weighted'). You may use labels=[pos_label] to specify a single positive class.
  warnings.warn(

2024-08-30 21:37:03,080:WARNING:C:\Users\surya\OneDrive\Desktop\Data Science Project\Breast Cancer\.venv\Lib\site-packages\sklearn\metrics\_classification.py:1561: UserWarning: Note that pos_label (set to 'M') is ignored when average != 'binary' (got 'weighted'). You may use labels=[pos_label] to specify a single positive class.
  warnings.warn(

2024-08-30 21:37:03,081:WARNING:C:\Users\surya\OneDrive\Desktop\Data Science Project\Breast Cancer\.venv\Lib\site-packages\sklearn\metrics\_classification.py:1561: UserWarning: Note that pos_label (set to 'M') is ignored when average != 'binary' (got 'weighted'). You may use labels=[pos_label] to specify a single positive class.
  warnings.warn(

2024-08-30 21:37:03,083:WARNING:C:\Users\surya\OneDrive\Desktop\Data Science Project\Breast Cancer\.venv\Lib\site-packages\sklearn\metrics\_classification.py:1561: UserWarning: Note that pos_label (set to 'M') is ignored when average != 'binary' (got 'weighted'). You may use labels=[pos_label] to specify a single positive class.
  warnings.warn(

2024-08-30 21:37:03,083:WARNING:C:\Users\surya\OneDrive\Desktop\Data Science Project\Breast Cancer\.venv\Lib\site-packages\sklearn\metrics\_classification.py:1561: UserWarning: Note that pos_label (set to 'M') is ignored when average != 'binary' (got 'weighted'). You may use labels=[pos_label] to specify a single positive class.
  warnings.warn(

2024-08-30 21:37:03,085:WARNING:C:\Users\surya\OneDrive\Desktop\Data Science Project\Breast Cancer\.venv\Lib\site-packages\sklearn\metrics\_classification.py:1561: UserWarning: Note that pos_label (set to 'M') is ignored when average != 'binary' (got 'weighted'). You may use labels=[pos_label] to specify a single positive class.
  warnings.warn(

2024-08-30 21:37:03,099:INFO:Calculating mean and std
2024-08-30 21:37:03,101:INFO:Creating metrics dataframe
2024-08-30 21:37:03,102:INFO:Uploading results into container
2024-08-30 21:37:03,103:INFO:Uploading model into container now
2024-08-30 21:37:03,103:INFO:_master_model_container: 9
2024-08-30 21:37:03,103:INFO:_display_container: 2
2024-08-30 21:37:03,103:INFO:AdaBoostClassifier(algorithm='SAMME.R', estimator=None, learning_rate=1.0,
                   n_estimators=50, random_state=8870)
2024-08-30 21:37:03,103:INFO:create_model() successfully completed......................................
2024-08-30 21:37:03,180:INFO:SubProcess create_model() end ==================================
2024-08-30 21:37:03,180:INFO:Creating metrics dataframe
2024-08-30 21:37:03,182:INFO:Initializing Gradient Boosting Classifier
2024-08-30 21:37:03,182:INFO:Total runtime is 0.1381409764289856 minutes
2024-08-30 21:37:03,182:INFO:SubProcess create_model() called ==================================
2024-08-30 21:37:03,182:INFO:Initializing create_model()
2024-08-30 21:37:03,182:INFO:create_model(self=<pycaret.classification.oop.ClassificationExperiment object at 0x0000026FBD5A22D0>, estimator=gbc, fold=StratifiedKFold(n_splits=10, random_state=None, shuffle=False), round=4, cross_validation=True, predict=True, fit_kwargs={}, groups=None, refit=False, probability_threshold=None, experiment_custom_tags=None, verbose=False, system=False, add_to_model_list=True, metrics=None, display=<pycaret.internal.display.display.CommonDisplay object at 0x0000026FBDBFB910>, model_only=True, return_train_score=False, error_score=0.0, kwargs={})
2024-08-30 21:37:03,182:INFO:Checking exceptions
2024-08-30 21:37:03,183:INFO:Importing libraries
2024-08-30 21:37:03,183:INFO:Copying training dataset
2024-08-30 21:37:03,187:INFO:Defining folds
2024-08-30 21:37:03,187:INFO:Declaring metric variables
2024-08-30 21:37:03,187:INFO:Importing untrained model
2024-08-30 21:37:03,187:INFO:Gradient Boosting Classifier Imported successfully
2024-08-30 21:37:03,187:INFO:Starting cross validation
2024-08-30 21:37:03,188:INFO:Cross validating with StratifiedKFold(n_splits=10, random_state=None, shuffle=False), n_jobs=-1
2024-08-30 21:37:03,656:WARNING:C:\Users\surya\OneDrive\Desktop\Data Science Project\Breast Cancer\.venv\Lib\site-packages\sklearn\metrics\_classification.py:1561: UserWarning: Note that pos_label (set to 'M') is ignored when average != 'binary' (got 'weighted'). You may use labels=[pos_label] to specify a single positive class.
  warnings.warn(

2024-08-30 21:37:03,659:WARNING:C:\Users\surya\OneDrive\Desktop\Data Science Project\Breast Cancer\.venv\Lib\site-packages\sklearn\metrics\_classification.py:1561: UserWarning: Note that pos_label (set to 'M') is ignored when average != 'binary' (got 'weighted'). You may use labels=[pos_label] to specify a single positive class.
  warnings.warn(

2024-08-30 21:37:03,662:WARNING:C:\Users\surya\OneDrive\Desktop\Data Science Project\Breast Cancer\.venv\Lib\site-packages\sklearn\metrics\_classification.py:1561: UserWarning: Note that pos_label (set to 'M') is ignored when average != 'binary' (got 'weighted'). You may use labels=[pos_label] to specify a single positive class.
  warnings.warn(

2024-08-30 21:37:03,663:WARNING:C:\Users\surya\OneDrive\Desktop\Data Science Project\Breast Cancer\.venv\Lib\site-packages\sklearn\metrics\_classification.py:1561: UserWarning: Note that pos_label (set to 'M') is ignored when average != 'binary' (got 'weighted'). You may use labels=[pos_label] to specify a single positive class.
  warnings.warn(

2024-08-30 21:37:03,665:WARNING:C:\Users\surya\OneDrive\Desktop\Data Science Project\Breast Cancer\.venv\Lib\site-packages\sklearn\metrics\_classification.py:1561: UserWarning: Note that pos_label (set to 'M') is ignored when average != 'binary' (got 'weighted'). You may use labels=[pos_label] to specify a single positive class.
  warnings.warn(

2024-08-30 21:37:03,667:WARNING:C:\Users\surya\OneDrive\Desktop\Data Science Project\Breast Cancer\.venv\Lib\site-packages\sklearn\metrics\_classification.py:1561: UserWarning: Note that pos_label (set to 'M') is ignored when average != 'binary' (got 'weighted'). You may use labels=[pos_label] to specify a single positive class.
  warnings.warn(

2024-08-30 21:37:03,672:WARNING:C:\Users\surya\OneDrive\Desktop\Data Science Project\Breast Cancer\.venv\Lib\site-packages\sklearn\metrics\_classification.py:1561: UserWarning: Note that pos_label (set to 'M') is ignored when average != 'binary' (got 'weighted'). You may use labels=[pos_label] to specify a single positive class.
  warnings.warn(

2024-08-30 21:37:03,675:WARNING:C:\Users\surya\OneDrive\Desktop\Data Science Project\Breast Cancer\.venv\Lib\site-packages\sklearn\metrics\_classification.py:1561: UserWarning: Note that pos_label (set to 'M') is ignored when average != 'binary' (got 'weighted'). You may use labels=[pos_label] to specify a single positive class.
  warnings.warn(

2024-08-30 21:37:03,678:WARNING:C:\Users\surya\OneDrive\Desktop\Data Science Project\Breast Cancer\.venv\Lib\site-packages\sklearn\metrics\_classification.py:1561: UserWarning: Note that pos_label (set to 'M') is ignored when average != 'binary' (got 'weighted'). You may use labels=[pos_label] to specify a single positive class.
  warnings.warn(

2024-08-30 21:37:03,688:WARNING:C:\Users\surya\OneDrive\Desktop\Data Science Project\Breast Cancer\.venv\Lib\site-packages\sklearn\metrics\_classification.py:1561: UserWarning: Note that pos_label (set to 'M') is ignored when average != 'binary' (got 'weighted'). You may use labels=[pos_label] to specify a single positive class.
  warnings.warn(

2024-08-30 21:37:03,691:WARNING:C:\Users\surya\OneDrive\Desktop\Data Science Project\Breast Cancer\.venv\Lib\site-packages\sklearn\metrics\_classification.py:1561: UserWarning: Note that pos_label (set to 'M') is ignored when average != 'binary' (got 'weighted'). You may use labels=[pos_label] to specify a single positive class.
  warnings.warn(

2024-08-30 21:37:03,693:WARNING:C:\Users\surya\OneDrive\Desktop\Data Science Project\Breast Cancer\.venv\Lib\site-packages\sklearn\metrics\_classification.py:1561: UserWarning: Note that pos_label (set to 'M') is ignored when average != 'binary' (got 'weighted'). You may use labels=[pos_label] to specify a single positive class.
  warnings.warn(

2024-08-30 21:37:03,707:WARNING:C:\Users\surya\OneDrive\Desktop\Data Science Project\Breast Cancer\.venv\Lib\site-packages\sklearn\metrics\_classification.py:1561: UserWarning: Note that pos_label (set to 'M') is ignored when average != 'binary' (got 'weighted'). You may use labels=[pos_label] to specify a single positive class.
  warnings.warn(

2024-08-30 21:37:03,709:WARNING:C:\Users\surya\OneDrive\Desktop\Data Science Project\Breast Cancer\.venv\Lib\site-packages\sklearn\metrics\_classification.py:1561: UserWarning: Note that pos_label (set to 'M') is ignored when average != 'binary' (got 'weighted'). You may use labels=[pos_label] to specify a single positive class.
  warnings.warn(

2024-08-30 21:37:03,711:WARNING:C:\Users\surya\OneDrive\Desktop\Data Science Project\Breast Cancer\.venv\Lib\site-packages\sklearn\metrics\_classification.py:1561: UserWarning: Note that pos_label (set to 'M') is ignored when average != 'binary' (got 'weighted'). You may use labels=[pos_label] to specify a single positive class.
  warnings.warn(

2024-08-30 21:37:03,711:WARNING:C:\Users\surya\OneDrive\Desktop\Data Science Project\Breast Cancer\.venv\Lib\site-packages\sklearn\metrics\_classification.py:1561: UserWarning: Note that pos_label (set to 'M') is ignored when average != 'binary' (got 'weighted'). You may use labels=[pos_label] to specify a single positive class.
  warnings.warn(

2024-08-30 21:37:03,713:WARNING:C:\Users\surya\OneDrive\Desktop\Data Science Project\Breast Cancer\.venv\Lib\site-packages\sklearn\metrics\_classification.py:1561: UserWarning: Note that pos_label (set to 'M') is ignored when average != 'binary' (got 'weighted'). You may use labels=[pos_label] to specify a single positive class.
  warnings.warn(

2024-08-30 21:37:03,717:WARNING:C:\Users\surya\OneDrive\Desktop\Data Science Project\Breast Cancer\.venv\Lib\site-packages\sklearn\metrics\_classification.py:1561: UserWarning: Note that pos_label (set to 'M') is ignored when average != 'binary' (got 'weighted'). You may use labels=[pos_label] to specify a single positive class.
  warnings.warn(

2024-08-30 21:37:03,720:WARNING:C:\Users\surya\OneDrive\Desktop\Data Science Project\Breast Cancer\.venv\Lib\site-packages\sklearn\metrics\_classification.py:1561: UserWarning: Note that pos_label (set to 'M') is ignored when average != 'binary' (got 'weighted'). You may use labels=[pos_label] to specify a single positive class.
  warnings.warn(

2024-08-30 21:37:03,721:WARNING:C:\Users\surya\OneDrive\Desktop\Data Science Project\Breast Cancer\.venv\Lib\site-packages\sklearn\metrics\_classification.py:1561: UserWarning: Note that pos_label (set to 'M') is ignored when average != 'binary' (got 'weighted'). You may use labels=[pos_label] to specify a single positive class.
  warnings.warn(

2024-08-30 21:37:03,722:WARNING:C:\Users\surya\OneDrive\Desktop\Data Science Project\Breast Cancer\.venv\Lib\site-packages\sklearn\metrics\_classification.py:1561: UserWarning: Note that pos_label (set to 'M') is ignored when average != 'binary' (got 'weighted'). You may use labels=[pos_label] to specify a single positive class.
  warnings.warn(

2024-08-30 21:37:03,723:WARNING:C:\Users\surya\OneDrive\Desktop\Data Science Project\Breast Cancer\.venv\Lib\site-packages\sklearn\metrics\_classification.py:1561: UserWarning: Note that pos_label (set to 'M') is ignored when average != 'binary' (got 'weighted'). You may use labels=[pos_label] to specify a single positive class.
  warnings.warn(

2024-08-30 21:37:03,724:WARNING:C:\Users\surya\OneDrive\Desktop\Data Science Project\Breast Cancer\.venv\Lib\site-packages\sklearn\metrics\_classification.py:1561: UserWarning: Note that pos_label (set to 'M') is ignored when average != 'binary' (got 'weighted'). You may use labels=[pos_label] to specify a single positive class.
  warnings.warn(

2024-08-30 21:37:03,726:WARNING:C:\Users\surya\OneDrive\Desktop\Data Science Project\Breast Cancer\.venv\Lib\site-packages\sklearn\metrics\_classification.py:1561: UserWarning: Note that pos_label (set to 'M') is ignored when average != 'binary' (got 'weighted'). You may use labels=[pos_label] to specify a single positive class.
  warnings.warn(

2024-08-30 21:37:03,726:WARNING:C:\Users\surya\OneDrive\Desktop\Data Science Project\Breast Cancer\.venv\Lib\site-packages\sklearn\metrics\_classification.py:1561: UserWarning: Note that pos_label (set to 'M') is ignored when average != 'binary' (got 'weighted'). You may use labels=[pos_label] to specify a single positive class.
  warnings.warn(

2024-08-30 21:37:03,728:WARNING:C:\Users\surya\OneDrive\Desktop\Data Science Project\Breast Cancer\.venv\Lib\site-packages\sklearn\metrics\_classification.py:1561: UserWarning: Note that pos_label (set to 'M') is ignored when average != 'binary' (got 'weighted'). You may use labels=[pos_label] to specify a single positive class.
  warnings.warn(

2024-08-30 21:37:03,732:WARNING:C:\Users\surya\OneDrive\Desktop\Data Science Project\Breast Cancer\.venv\Lib\site-packages\sklearn\metrics\_classification.py:1561: UserWarning: Note that pos_label (set to 'M') is ignored when average != 'binary' (got 'weighted'). You may use labels=[pos_label] to specify a single positive class.
  warnings.warn(

2024-08-30 21:37:03,734:WARNING:C:\Users\surya\OneDrive\Desktop\Data Science Project\Breast Cancer\.venv\Lib\site-packages\sklearn\metrics\_classification.py:1561: UserWarning: Note that pos_label (set to 'M') is ignored when average != 'binary' (got 'weighted'). You may use labels=[pos_label] to specify a single positive class.
  warnings.warn(

2024-08-30 21:37:03,736:WARNING:C:\Users\surya\OneDrive\Desktop\Data Science Project\Breast Cancer\.venv\Lib\site-packages\sklearn\metrics\_classification.py:1561: UserWarning: Note that pos_label (set to 'M') is ignored when average != 'binary' (got 'weighted'). You may use labels=[pos_label] to specify a single positive class.
  warnings.warn(

2024-08-30 21:37:03,748:INFO:Calculating mean and std
2024-08-30 21:37:03,750:INFO:Creating metrics dataframe
2024-08-30 21:37:03,752:INFO:Uploading results into container
2024-08-30 21:37:03,752:INFO:Uploading model into container now
2024-08-30 21:37:03,752:INFO:_master_model_container: 10
2024-08-30 21:37:03,752:INFO:_display_container: 2
2024-08-30 21:37:03,753:INFO:GradientBoostingClassifier(ccp_alpha=0.0, criterion='friedman_mse', init=None,
                           learning_rate=0.1, loss='log_loss', max_depth=3,
                           max_features=None, max_leaf_nodes=None,
                           min_impurity_decrease=0.0, min_samples_leaf=1,
                           min_samples_split=2, min_weight_fraction_leaf=0.0,
                           n_estimators=100, n_iter_no_change=None,
                           random_state=8870, subsample=1.0, tol=0.0001,
                           validation_fraction=0.1, verbose=0,
                           warm_start=False)
2024-08-30 21:37:03,753:INFO:create_model() successfully completed......................................
2024-08-30 21:37:03,832:INFO:SubProcess create_model() end ==================================
2024-08-30 21:37:03,832:INFO:Creating metrics dataframe
2024-08-30 21:37:03,834:INFO:Initializing Linear Discriminant Analysis
2024-08-30 21:37:03,834:INFO:Total runtime is 0.1489926815032959 minutes
2024-08-30 21:37:03,834:INFO:SubProcess create_model() called ==================================
2024-08-30 21:37:03,834:INFO:Initializing create_model()
2024-08-30 21:37:03,834:INFO:create_model(self=<pycaret.classification.oop.ClassificationExperiment object at 0x0000026FBD5A22D0>, estimator=lda, fold=StratifiedKFold(n_splits=10, random_state=None, shuffle=False), round=4, cross_validation=True, predict=True, fit_kwargs={}, groups=None, refit=False, probability_threshold=None, experiment_custom_tags=None, verbose=False, system=False, add_to_model_list=True, metrics=None, display=<pycaret.internal.display.display.CommonDisplay object at 0x0000026FBDBFB910>, model_only=True, return_train_score=False, error_score=0.0, kwargs={})
2024-08-30 21:37:03,834:INFO:Checking exceptions
2024-08-30 21:37:03,834:INFO:Importing libraries
2024-08-30 21:37:03,834:INFO:Copying training dataset
2024-08-30 21:37:03,838:INFO:Defining folds
2024-08-30 21:37:03,838:INFO:Declaring metric variables
2024-08-30 21:37:03,838:INFO:Importing untrained model
2024-08-30 21:37:03,839:INFO:Linear Discriminant Analysis Imported successfully
2024-08-30 21:37:03,839:INFO:Starting cross validation
2024-08-30 21:37:03,839:INFO:Cross validating with StratifiedKFold(n_splits=10, random_state=None, shuffle=False), n_jobs=-1
2024-08-30 21:37:03,877:WARNING:C:\Users\surya\OneDrive\Desktop\Data Science Project\Breast Cancer\.venv\Lib\site-packages\sklearn\metrics\_classification.py:1561: UserWarning: Note that pos_label (set to 'M') is ignored when average != 'binary' (got 'weighted'). You may use labels=[pos_label] to specify a single positive class.
  warnings.warn(

2024-08-30 21:37:03,879:WARNING:C:\Users\surya\OneDrive\Desktop\Data Science Project\Breast Cancer\.venv\Lib\site-packages\sklearn\metrics\_classification.py:1561: UserWarning: Note that pos_label (set to 'M') is ignored when average != 'binary' (got 'weighted'). You may use labels=[pos_label] to specify a single positive class.
  warnings.warn(

2024-08-30 21:37:03,879:WARNING:C:\Users\surya\OneDrive\Desktop\Data Science Project\Breast Cancer\.venv\Lib\site-packages\sklearn\metrics\_classification.py:1561: UserWarning: Note that pos_label (set to 'M') is ignored when average != 'binary' (got 'weighted'). You may use labels=[pos_label] to specify a single positive class.
  warnings.warn(

2024-08-30 21:37:03,879:WARNING:C:\Users\surya\OneDrive\Desktop\Data Science Project\Breast Cancer\.venv\Lib\site-packages\sklearn\metrics\_classification.py:1561: UserWarning: Note that pos_label (set to 'M') is ignored when average != 'binary' (got 'weighted'). You may use labels=[pos_label] to specify a single positive class.
  warnings.warn(

2024-08-30 21:37:03,882:WARNING:C:\Users\surya\OneDrive\Desktop\Data Science Project\Breast Cancer\.venv\Lib\site-packages\sklearn\metrics\_classification.py:1561: UserWarning: Note that pos_label (set to 'M') is ignored when average != 'binary' (got 'weighted'). You may use labels=[pos_label] to specify a single positive class.
  warnings.warn(

2024-08-30 21:37:03,882:WARNING:C:\Users\surya\OneDrive\Desktop\Data Science Project\Breast Cancer\.venv\Lib\site-packages\sklearn\metrics\_classification.py:1561: UserWarning: Note that pos_label (set to 'M') is ignored when average != 'binary' (got 'weighted'). You may use labels=[pos_label] to specify a single positive class.
  warnings.warn(

2024-08-30 21:37:03,882:WARNING:C:\Users\surya\OneDrive\Desktop\Data Science Project\Breast Cancer\.venv\Lib\site-packages\sklearn\metrics\_classification.py:1561: UserWarning: Note that pos_label (set to 'M') is ignored when average != 'binary' (got 'weighted'). You may use labels=[pos_label] to specify a single positive class.
  warnings.warn(

2024-08-30 21:37:03,882:WARNING:C:\Users\surya\OneDrive\Desktop\Data Science Project\Breast Cancer\.venv\Lib\site-packages\sklearn\metrics\_classification.py:1561: UserWarning: Note that pos_label (set to 'M') is ignored when average != 'binary' (got 'weighted'). You may use labels=[pos_label] to specify a single positive class.
  warnings.warn(

2024-08-30 21:37:03,883:WARNING:C:\Users\surya\OneDrive\Desktop\Data Science Project\Breast Cancer\.venv\Lib\site-packages\sklearn\metrics\_classification.py:1561: UserWarning: Note that pos_label (set to 'M') is ignored when average != 'binary' (got 'weighted'). You may use labels=[pos_label] to specify a single positive class.
  warnings.warn(

2024-08-30 21:37:03,884:WARNING:C:\Users\surya\OneDrive\Desktop\Data Science Project\Breast Cancer\.venv\Lib\site-packages\sklearn\metrics\_classification.py:1561: UserWarning: Note that pos_label (set to 'M') is ignored when average != 'binary' (got 'weighted'). You may use labels=[pos_label] to specify a single positive class.
  warnings.warn(

2024-08-30 21:37:03,884:WARNING:C:\Users\surya\OneDrive\Desktop\Data Science Project\Breast Cancer\.venv\Lib\site-packages\sklearn\metrics\_classification.py:1561: UserWarning: Note that pos_label (set to 'M') is ignored when average != 'binary' (got 'weighted'). You may use labels=[pos_label] to specify a single positive class.
  warnings.warn(

2024-08-30 21:37:03,885:WARNING:C:\Users\surya\OneDrive\Desktop\Data Science Project\Breast Cancer\.venv\Lib\site-packages\sklearn\metrics\_classification.py:1561: UserWarning: Note that pos_label (set to 'M') is ignored when average != 'binary' (got 'weighted'). You may use labels=[pos_label] to specify a single positive class.
  warnings.warn(

2024-08-30 21:37:03,885:WARNING:C:\Users\surya\OneDrive\Desktop\Data Science Project\Breast Cancer\.venv\Lib\site-packages\sklearn\metrics\_classification.py:1561: UserWarning: Note that pos_label (set to 'M') is ignored when average != 'binary' (got 'weighted'). You may use labels=[pos_label] to specify a single positive class.
  warnings.warn(

2024-08-30 21:37:03,887:WARNING:C:\Users\surya\OneDrive\Desktop\Data Science Project\Breast Cancer\.venv\Lib\site-packages\sklearn\metrics\_classification.py:1561: UserWarning: Note that pos_label (set to 'M') is ignored when average != 'binary' (got 'weighted'). You may use labels=[pos_label] to specify a single positive class.
  warnings.warn(

2024-08-30 21:37:03,887:WARNING:C:\Users\surya\OneDrive\Desktop\Data Science Project\Breast Cancer\.venv\Lib\site-packages\sklearn\metrics\_classification.py:1561: UserWarning: Note that pos_label (set to 'M') is ignored when average != 'binary' (got 'weighted'). You may use labels=[pos_label] to specify a single positive class.
  warnings.warn(

2024-08-30 21:37:03,887:WARNING:C:\Users\surya\OneDrive\Desktop\Data Science Project\Breast Cancer\.venv\Lib\site-packages\sklearn\metrics\_classification.py:1561: UserWarning: Note that pos_label (set to 'M') is ignored when average != 'binary' (got 'weighted'). You may use labels=[pos_label] to specify a single positive class.
  warnings.warn(

2024-08-30 21:37:03,888:WARNING:C:\Users\surya\OneDrive\Desktop\Data Science Project\Breast Cancer\.venv\Lib\site-packages\sklearn\metrics\_classification.py:1561: UserWarning: Note that pos_label (set to 'M') is ignored when average != 'binary' (got 'weighted'). You may use labels=[pos_label] to specify a single positive class.
  warnings.warn(

2024-08-30 21:37:03,890:WARNING:C:\Users\surya\OneDrive\Desktop\Data Science Project\Breast Cancer\.venv\Lib\site-packages\sklearn\metrics\_classification.py:1561: UserWarning: Note that pos_label (set to 'M') is ignored when average != 'binary' (got 'weighted'). You may use labels=[pos_label] to specify a single positive class.
  warnings.warn(

2024-08-30 21:37:03,891:WARNING:C:\Users\surya\OneDrive\Desktop\Data Science Project\Breast Cancer\.venv\Lib\site-packages\sklearn\metrics\_classification.py:1561: UserWarning: Note that pos_label (set to 'M') is ignored when average != 'binary' (got 'weighted'). You may use labels=[pos_label] to specify a single positive class.
  warnings.warn(

2024-08-30 21:37:03,892:WARNING:C:\Users\surya\OneDrive\Desktop\Data Science Project\Breast Cancer\.venv\Lib\site-packages\sklearn\metrics\_classification.py:1561: UserWarning: Note that pos_label (set to 'M') is ignored when average != 'binary' (got 'weighted'). You may use labels=[pos_label] to specify a single positive class.
  warnings.warn(

2024-08-30 21:37:03,894:WARNING:C:\Users\surya\OneDrive\Desktop\Data Science Project\Breast Cancer\.venv\Lib\site-packages\sklearn\metrics\_classification.py:1561: UserWarning: Note that pos_label (set to 'M') is ignored when average != 'binary' (got 'weighted'). You may use labels=[pos_label] to specify a single positive class.
  warnings.warn(

2024-08-30 21:37:03,896:WARNING:C:\Users\surya\OneDrive\Desktop\Data Science Project\Breast Cancer\.venv\Lib\site-packages\sklearn\metrics\_classification.py:1561: UserWarning: Note that pos_label (set to 'M') is ignored when average != 'binary' (got 'weighted'). You may use labels=[pos_label] to specify a single positive class.
  warnings.warn(

2024-08-30 21:37:03,896:WARNING:C:\Users\surya\OneDrive\Desktop\Data Science Project\Breast Cancer\.venv\Lib\site-packages\sklearn\metrics\_classification.py:1561: UserWarning: Note that pos_label (set to 'M') is ignored when average != 'binary' (got 'weighted'). You may use labels=[pos_label] to specify a single positive class.
  warnings.warn(

2024-08-30 21:37:03,897:WARNING:C:\Users\surya\OneDrive\Desktop\Data Science Project\Breast Cancer\.venv\Lib\site-packages\sklearn\metrics\_classification.py:1561: UserWarning: Note that pos_label (set to 'M') is ignored when average != 'binary' (got 'weighted'). You may use labels=[pos_label] to specify a single positive class.
  warnings.warn(

2024-08-30 21:37:03,899:WARNING:C:\Users\surya\OneDrive\Desktop\Data Science Project\Breast Cancer\.venv\Lib\site-packages\sklearn\metrics\_classification.py:1561: UserWarning: Note that pos_label (set to 'M') is ignored when average != 'binary' (got 'weighted'). You may use labels=[pos_label] to specify a single positive class.
  warnings.warn(

2024-08-30 21:37:03,899:WARNING:C:\Users\surya\OneDrive\Desktop\Data Science Project\Breast Cancer\.venv\Lib\site-packages\sklearn\metrics\_classification.py:1561: UserWarning: Note that pos_label (set to 'M') is ignored when average != 'binary' (got 'weighted'). You may use labels=[pos_label] to specify a single positive class.
  warnings.warn(

2024-08-30 21:37:03,900:WARNING:C:\Users\surya\OneDrive\Desktop\Data Science Project\Breast Cancer\.venv\Lib\site-packages\sklearn\metrics\_classification.py:1561: UserWarning: Note that pos_label (set to 'M') is ignored when average != 'binary' (got 'weighted'). You may use labels=[pos_label] to specify a single positive class.
  warnings.warn(

2024-08-30 21:37:03,901:WARNING:C:\Users\surya\OneDrive\Desktop\Data Science Project\Breast Cancer\.venv\Lib\site-packages\sklearn\metrics\_classification.py:1561: UserWarning: Note that pos_label (set to 'M') is ignored when average != 'binary' (got 'weighted'). You may use labels=[pos_label] to specify a single positive class.
  warnings.warn(

2024-08-30 21:37:03,909:INFO:Calculating mean and std
2024-08-30 21:37:03,911:INFO:Creating metrics dataframe
2024-08-30 21:37:03,913:INFO:Uploading results into container
2024-08-30 21:37:03,913:INFO:Uploading model into container now
2024-08-30 21:37:03,913:INFO:_master_model_container: 11
2024-08-30 21:37:03,913:INFO:_display_container: 2
2024-08-30 21:37:03,914:INFO:LinearDiscriminantAnalysis(covariance_estimator=None, n_components=None,
                           priors=None, shrinkage=None, solver='svd',
                           store_covariance=False, tol=0.0001)
2024-08-30 21:37:03,914:INFO:create_model() successfully completed......................................
2024-08-30 21:37:03,992:INFO:SubProcess create_model() end ==================================
2024-08-30 21:37:03,992:INFO:Creating metrics dataframe
2024-08-30 21:37:03,994:INFO:Initializing Extra Trees Classifier
2024-08-30 21:37:03,994:INFO:Total runtime is 0.15166935920715333 minutes
2024-08-30 21:37:03,994:INFO:SubProcess create_model() called ==================================
2024-08-30 21:37:03,994:INFO:Initializing create_model()
2024-08-30 21:37:03,994:INFO:create_model(self=<pycaret.classification.oop.ClassificationExperiment object at 0x0000026FBD5A22D0>, estimator=et, fold=StratifiedKFold(n_splits=10, random_state=None, shuffle=False), round=4, cross_validation=True, predict=True, fit_kwargs={}, groups=None, refit=False, probability_threshold=None, experiment_custom_tags=None, verbose=False, system=False, add_to_model_list=True, metrics=None, display=<pycaret.internal.display.display.CommonDisplay object at 0x0000026FBDBFB910>, model_only=True, return_train_score=False, error_score=0.0, kwargs={})
2024-08-30 21:37:03,994:INFO:Checking exceptions
2024-08-30 21:37:03,994:INFO:Importing libraries
2024-08-30 21:37:03,995:INFO:Copying training dataset
2024-08-30 21:37:03,999:INFO:Defining folds
2024-08-30 21:37:03,999:INFO:Declaring metric variables
2024-08-30 21:37:03,999:INFO:Importing untrained model
2024-08-30 21:37:03,999:INFO:Extra Trees Classifier Imported successfully
2024-08-30 21:37:03,999:INFO:Starting cross validation
2024-08-30 21:37:04,000:INFO:Cross validating with StratifiedKFold(n_splits=10, random_state=None, shuffle=False), n_jobs=-1
2024-08-30 21:37:04,279:WARNING:C:\Users\surya\OneDrive\Desktop\Data Science Project\Breast Cancer\.venv\Lib\site-packages\sklearn\metrics\_classification.py:1561: UserWarning: Note that pos_label (set to 'M') is ignored when average != 'binary' (got 'weighted'). You may use labels=[pos_label] to specify a single positive class.
  warnings.warn(

2024-08-30 21:37:04,284:WARNING:C:\Users\surya\OneDrive\Desktop\Data Science Project\Breast Cancer\.venv\Lib\site-packages\sklearn\metrics\_classification.py:1561: UserWarning: Note that pos_label (set to 'M') is ignored when average != 'binary' (got 'weighted'). You may use labels=[pos_label] to specify a single positive class.
  warnings.warn(

2024-08-30 21:37:04,286:WARNING:C:\Users\surya\OneDrive\Desktop\Data Science Project\Breast Cancer\.venv\Lib\site-packages\sklearn\metrics\_classification.py:1561: UserWarning: Note that pos_label (set to 'M') is ignored when average != 'binary' (got 'weighted'). You may use labels=[pos_label] to specify a single positive class.
  warnings.warn(

2024-08-30 21:37:04,288:WARNING:C:\Users\surya\OneDrive\Desktop\Data Science Project\Breast Cancer\.venv\Lib\site-packages\sklearn\metrics\_classification.py:1561: UserWarning: Note that pos_label (set to 'M') is ignored when average != 'binary' (got 'weighted'). You may use labels=[pos_label] to specify a single positive class.
  warnings.warn(

2024-08-30 21:37:04,289:WARNING:C:\Users\surya\OneDrive\Desktop\Data Science Project\Breast Cancer\.venv\Lib\site-packages\sklearn\metrics\_classification.py:1561: UserWarning: Note that pos_label (set to 'M') is ignored when average != 'binary' (got 'weighted'). You may use labels=[pos_label] to specify a single positive class.
  warnings.warn(

2024-08-30 21:37:04,292:WARNING:C:\Users\surya\OneDrive\Desktop\Data Science Project\Breast Cancer\.venv\Lib\site-packages\sklearn\metrics\_classification.py:1561: UserWarning: Note that pos_label (set to 'M') is ignored when average != 'binary' (got 'weighted'). You may use labels=[pos_label] to specify a single positive class.
  warnings.warn(

2024-08-30 21:37:04,293:WARNING:C:\Users\surya\OneDrive\Desktop\Data Science Project\Breast Cancer\.venv\Lib\site-packages\sklearn\metrics\_classification.py:1561: UserWarning: Note that pos_label (set to 'M') is ignored when average != 'binary' (got 'weighted'). You may use labels=[pos_label] to specify a single positive class.
  warnings.warn(

2024-08-30 21:37:04,294:WARNING:C:\Users\surya\OneDrive\Desktop\Data Science Project\Breast Cancer\.venv\Lib\site-packages\sklearn\metrics\_classification.py:1561: UserWarning: Note that pos_label (set to 'M') is ignored when average != 'binary' (got 'weighted'). You may use labels=[pos_label] to specify a single positive class.
  warnings.warn(

2024-08-30 21:37:04,295:WARNING:C:\Users\surya\OneDrive\Desktop\Data Science Project\Breast Cancer\.venv\Lib\site-packages\sklearn\metrics\_classification.py:1561: UserWarning: Note that pos_label (set to 'M') is ignored when average != 'binary' (got 'weighted'). You may use labels=[pos_label] to specify a single positive class.
  warnings.warn(

2024-08-30 21:37:04,297:WARNING:C:\Users\surya\OneDrive\Desktop\Data Science Project\Breast Cancer\.venv\Lib\site-packages\sklearn\metrics\_classification.py:1561: UserWarning: Note that pos_label (set to 'M') is ignored when average != 'binary' (got 'weighted'). You may use labels=[pos_label] to specify a single positive class.
  warnings.warn(

2024-08-30 21:37:04,298:WARNING:C:\Users\surya\OneDrive\Desktop\Data Science Project\Breast Cancer\.venv\Lib\site-packages\sklearn\metrics\_classification.py:1561: UserWarning: Note that pos_label (set to 'M') is ignored when average != 'binary' (got 'weighted'). You may use labels=[pos_label] to specify a single positive class.
  warnings.warn(

2024-08-30 21:37:04,300:WARNING:C:\Users\surya\OneDrive\Desktop\Data Science Project\Breast Cancer\.venv\Lib\site-packages\sklearn\metrics\_classification.py:1561: UserWarning: Note that pos_label (set to 'M') is ignored when average != 'binary' (got 'weighted'). You may use labels=[pos_label] to specify a single positive class.
  warnings.warn(

2024-08-30 21:37:04,300:WARNING:C:\Users\surya\OneDrive\Desktop\Data Science Project\Breast Cancer\.venv\Lib\site-packages\sklearn\metrics\_classification.py:1561: UserWarning: Note that pos_label (set to 'M') is ignored when average != 'binary' (got 'weighted'). You may use labels=[pos_label] to specify a single positive class.
  warnings.warn(

2024-08-30 21:37:04,302:WARNING:C:\Users\surya\OneDrive\Desktop\Data Science Project\Breast Cancer\.venv\Lib\site-packages\sklearn\metrics\_classification.py:1561: UserWarning: Note that pos_label (set to 'M') is ignored when average != 'binary' (got 'weighted'). You may use labels=[pos_label] to specify a single positive class.
  warnings.warn(

2024-08-30 21:37:04,303:WARNING:C:\Users\surya\OneDrive\Desktop\Data Science Project\Breast Cancer\.venv\Lib\site-packages\sklearn\metrics\_classification.py:1561: UserWarning: Note that pos_label (set to 'M') is ignored when average != 'binary' (got 'weighted'). You may use labels=[pos_label] to specify a single positive class.
  warnings.warn(

2024-08-30 21:37:04,303:WARNING:C:\Users\surya\OneDrive\Desktop\Data Science Project\Breast Cancer\.venv\Lib\site-packages\sklearn\metrics\_classification.py:1561: UserWarning: Note that pos_label (set to 'M') is ignored when average != 'binary' (got 'weighted'). You may use labels=[pos_label] to specify a single positive class.
  warnings.warn(

2024-08-30 21:37:04,306:WARNING:C:\Users\surya\OneDrive\Desktop\Data Science Project\Breast Cancer\.venv\Lib\site-packages\sklearn\metrics\_classification.py:1561: UserWarning: Note that pos_label (set to 'M') is ignored when average != 'binary' (got 'weighted'). You may use labels=[pos_label] to specify a single positive class.
  warnings.warn(

2024-08-30 21:37:04,311:WARNING:C:\Users\surya\OneDrive\Desktop\Data Science Project\Breast Cancer\.venv\Lib\site-packages\sklearn\metrics\_classification.py:1561: UserWarning: Note that pos_label (set to 'M') is ignored when average != 'binary' (got 'weighted'). You may use labels=[pos_label] to specify a single positive class.
  warnings.warn(

2024-08-30 21:37:04,312:WARNING:C:\Users\surya\OneDrive\Desktop\Data Science Project\Breast Cancer\.venv\Lib\site-packages\sklearn\metrics\_classification.py:1561: UserWarning: Note that pos_label (set to 'M') is ignored when average != 'binary' (got 'weighted'). You may use labels=[pos_label] to specify a single positive class.
  warnings.warn(

2024-08-30 21:37:04,312:WARNING:C:\Users\surya\OneDrive\Desktop\Data Science Project\Breast Cancer\.venv\Lib\site-packages\sklearn\metrics\_classification.py:1561: UserWarning: Note that pos_label (set to 'M') is ignored when average != 'binary' (got 'weighted'). You may use labels=[pos_label] to specify a single positive class.
  warnings.warn(

2024-08-30 21:37:04,314:WARNING:C:\Users\surya\OneDrive\Desktop\Data Science Project\Breast Cancer\.venv\Lib\site-packages\sklearn\metrics\_classification.py:1561: UserWarning: Note that pos_label (set to 'M') is ignored when average != 'binary' (got 'weighted'). You may use labels=[pos_label] to specify a single positive class.
  warnings.warn(

2024-08-30 21:37:04,314:WARNING:C:\Users\surya\OneDrive\Desktop\Data Science Project\Breast Cancer\.venv\Lib\site-packages\sklearn\metrics\_classification.py:1561: UserWarning: Note that pos_label (set to 'M') is ignored when average != 'binary' (got 'weighted'). You may use labels=[pos_label] to specify a single positive class.
  warnings.warn(

2024-08-30 21:37:04,315:WARNING:C:\Users\surya\OneDrive\Desktop\Data Science Project\Breast Cancer\.venv\Lib\site-packages\sklearn\metrics\_classification.py:1561: UserWarning: Note that pos_label (set to 'M') is ignored when average != 'binary' (got 'weighted'). You may use labels=[pos_label] to specify a single positive class.
  warnings.warn(

2024-08-30 21:37:04,316:WARNING:C:\Users\surya\OneDrive\Desktop\Data Science Project\Breast Cancer\.venv\Lib\site-packages\sklearn\metrics\_classification.py:1561: UserWarning: Note that pos_label (set to 'M') is ignored when average != 'binary' (got 'weighted'). You may use labels=[pos_label] to specify a single positive class.
  warnings.warn(

2024-08-30 21:37:04,316:WARNING:C:\Users\surya\OneDrive\Desktop\Data Science Project\Breast Cancer\.venv\Lib\site-packages\sklearn\metrics\_classification.py:1561: UserWarning: Note that pos_label (set to 'M') is ignored when average != 'binary' (got 'weighted'). You may use labels=[pos_label] to specify a single positive class.
  warnings.warn(

2024-08-30 21:37:04,318:WARNING:C:\Users\surya\OneDrive\Desktop\Data Science Project\Breast Cancer\.venv\Lib\site-packages\sklearn\metrics\_classification.py:1561: UserWarning: Note that pos_label (set to 'M') is ignored when average != 'binary' (got 'weighted'). You may use labels=[pos_label] to specify a single positive class.
  warnings.warn(

2024-08-30 21:37:04,318:WARNING:C:\Users\surya\OneDrive\Desktop\Data Science Project\Breast Cancer\.venv\Lib\site-packages\sklearn\metrics\_classification.py:1561: UserWarning: Note that pos_label (set to 'M') is ignored when average != 'binary' (got 'weighted'). You may use labels=[pos_label] to specify a single positive class.
  warnings.warn(

2024-08-30 21:37:04,318:WARNING:C:\Users\surya\OneDrive\Desktop\Data Science Project\Breast Cancer\.venv\Lib\site-packages\sklearn\metrics\_classification.py:1561: UserWarning: Note that pos_label (set to 'M') is ignored when average != 'binary' (got 'weighted'). You may use labels=[pos_label] to specify a single positive class.
  warnings.warn(

2024-08-30 21:37:04,329:INFO:Calculating mean and std
2024-08-30 21:37:04,331:INFO:Creating metrics dataframe
2024-08-30 21:37:04,332:INFO:Uploading results into container
2024-08-30 21:37:04,333:INFO:Uploading model into container now
2024-08-30 21:37:04,333:INFO:_master_model_container: 12
2024-08-30 21:37:04,333:INFO:_display_container: 2
2024-08-30 21:37:04,333:INFO:ExtraTreesClassifier(bootstrap=False, ccp_alpha=0.0, class_weight=None,
                     criterion='gini', max_depth=None, max_features='sqrt',
                     max_leaf_nodes=None, max_samples=None,
                     min_impurity_decrease=0.0, min_samples_leaf=1,
                     min_samples_split=2, min_weight_fraction_leaf=0.0,
                     monotonic_cst=None, n_estimators=100, n_jobs=-1,
                     oob_score=False, random_state=8870, verbose=0,
                     warm_start=False)
2024-08-30 21:37:04,333:INFO:create_model() successfully completed......................................
2024-08-30 21:37:04,410:INFO:SubProcess create_model() end ==================================
2024-08-30 21:37:04,410:INFO:Creating metrics dataframe
2024-08-30 21:37:04,412:INFO:Initializing Light Gradient Boosting Machine
2024-08-30 21:37:04,412:INFO:Total runtime is 0.1586368441581726 minutes
2024-08-30 21:37:04,412:INFO:SubProcess create_model() called ==================================
2024-08-30 21:37:04,412:INFO:Initializing create_model()
2024-08-30 21:37:04,412:INFO:create_model(self=<pycaret.classification.oop.ClassificationExperiment object at 0x0000026FBD5A22D0>, estimator=lightgbm, fold=StratifiedKFold(n_splits=10, random_state=None, shuffle=False), round=4, cross_validation=True, predict=True, fit_kwargs={}, groups=None, refit=False, probability_threshold=None, experiment_custom_tags=None, verbose=False, system=False, add_to_model_list=True, metrics=None, display=<pycaret.internal.display.display.CommonDisplay object at 0x0000026FBDBFB910>, model_only=True, return_train_score=False, error_score=0.0, kwargs={})
2024-08-30 21:37:04,412:INFO:Checking exceptions
2024-08-30 21:37:04,412:INFO:Importing libraries
2024-08-30 21:37:04,413:INFO:Copying training dataset
2024-08-30 21:37:04,417:INFO:Defining folds
2024-08-30 21:37:04,417:INFO:Declaring metric variables
2024-08-30 21:37:04,417:INFO:Importing untrained model
2024-08-30 21:37:04,417:INFO:Light Gradient Boosting Machine Imported successfully
2024-08-30 21:37:04,417:INFO:Starting cross validation
2024-08-30 21:37:04,418:INFO:Cross validating with StratifiedKFold(n_splits=10, random_state=None, shuffle=False), n_jobs=-1
2024-08-30 21:37:04,995:WARNING:C:\Users\surya\OneDrive\Desktop\Data Science Project\Breast Cancer\.venv\Lib\site-packages\sklearn\metrics\_classification.py:1561: UserWarning: Note that pos_label (set to 'M') is ignored when average != 'binary' (got 'weighted'). You may use labels=[pos_label] to specify a single positive class.
  warnings.warn(

2024-08-30 21:37:05,000:WARNING:C:\Users\surya\OneDrive\Desktop\Data Science Project\Breast Cancer\.venv\Lib\site-packages\sklearn\metrics\_classification.py:1561: UserWarning: Note that pos_label (set to 'M') is ignored when average != 'binary' (got 'weighted'). You may use labels=[pos_label] to specify a single positive class.
  warnings.warn(

2024-08-30 21:37:05,002:WARNING:C:\Users\surya\OneDrive\Desktop\Data Science Project\Breast Cancer\.venv\Lib\site-packages\sklearn\metrics\_classification.py:1561: UserWarning: Note that pos_label (set to 'M') is ignored when average != 'binary' (got 'weighted'). You may use labels=[pos_label] to specify a single positive class.
  warnings.warn(

2024-08-30 21:37:05,005:WARNING:C:\Users\surya\OneDrive\Desktop\Data Science Project\Breast Cancer\.venv\Lib\site-packages\sklearn\metrics\_classification.py:1561: UserWarning: Note that pos_label (set to 'M') is ignored when average != 'binary' (got 'weighted'). You may use labels=[pos_label] to specify a single positive class.
  warnings.warn(

2024-08-30 21:37:05,008:WARNING:C:\Users\surya\OneDrive\Desktop\Data Science Project\Breast Cancer\.venv\Lib\site-packages\sklearn\metrics\_classification.py:1561: UserWarning: Note that pos_label (set to 'M') is ignored when average != 'binary' (got 'weighted'). You may use labels=[pos_label] to specify a single positive class.
  warnings.warn(

2024-08-30 21:37:05,010:WARNING:C:\Users\surya\OneDrive\Desktop\Data Science Project\Breast Cancer\.venv\Lib\site-packages\sklearn\metrics\_classification.py:1561: UserWarning: Note that pos_label (set to 'M') is ignored when average != 'binary' (got 'weighted'). You may use labels=[pos_label] to specify a single positive class.
  warnings.warn(

2024-08-30 21:37:05,012:WARNING:C:\Users\surya\OneDrive\Desktop\Data Science Project\Breast Cancer\.venv\Lib\site-packages\sklearn\metrics\_classification.py:1561: UserWarning: Note that pos_label (set to 'M') is ignored when average != 'binary' (got 'weighted'). You may use labels=[pos_label] to specify a single positive class.
  warnings.warn(

2024-08-30 21:37:05,031:WARNING:C:\Users\surya\OneDrive\Desktop\Data Science Project\Breast Cancer\.venv\Lib\site-packages\sklearn\metrics\_classification.py:1561: UserWarning: Note that pos_label (set to 'M') is ignored when average != 'binary' (got 'weighted'). You may use labels=[pos_label] to specify a single positive class.
  warnings.warn(

2024-08-30 21:37:05,035:WARNING:C:\Users\surya\OneDrive\Desktop\Data Science Project\Breast Cancer\.venv\Lib\site-packages\sklearn\metrics\_classification.py:1561: UserWarning: Note that pos_label (set to 'M') is ignored when average != 'binary' (got 'weighted'). You may use labels=[pos_label] to specify a single positive class.
  warnings.warn(

2024-08-30 21:37:05,072:WARNING:C:\Users\surya\OneDrive\Desktop\Data Science Project\Breast Cancer\.venv\Lib\site-packages\sklearn\metrics\_classification.py:1561: UserWarning: Note that pos_label (set to 'M') is ignored when average != 'binary' (got 'weighted'). You may use labels=[pos_label] to specify a single positive class.
  warnings.warn(

2024-08-30 21:37:05,076:WARNING:C:\Users\surya\OneDrive\Desktop\Data Science Project\Breast Cancer\.venv\Lib\site-packages\sklearn\metrics\_classification.py:1561: UserWarning: Note that pos_label (set to 'M') is ignored when average != 'binary' (got 'weighted'). You may use labels=[pos_label] to specify a single positive class.
  warnings.warn(

2024-08-30 21:37:05,080:WARNING:C:\Users\surya\OneDrive\Desktop\Data Science Project\Breast Cancer\.venv\Lib\site-packages\sklearn\metrics\_classification.py:1561: UserWarning: Note that pos_label (set to 'M') is ignored when average != 'binary' (got 'weighted'). You may use labels=[pos_label] to specify a single positive class.
  warnings.warn(

2024-08-30 21:37:05,080:WARNING:C:\Users\surya\OneDrive\Desktop\Data Science Project\Breast Cancer\.venv\Lib\site-packages\sklearn\metrics\_classification.py:1561: UserWarning: Note that pos_label (set to 'M') is ignored when average != 'binary' (got 'weighted'). You may use labels=[pos_label] to specify a single positive class.
  warnings.warn(

2024-08-30 21:37:05,084:WARNING:C:\Users\surya\OneDrive\Desktop\Data Science Project\Breast Cancer\.venv\Lib\site-packages\sklearn\metrics\_classification.py:1561: UserWarning: Note that pos_label (set to 'M') is ignored when average != 'binary' (got 'weighted'). You may use labels=[pos_label] to specify a single positive class.
  warnings.warn(

2024-08-30 21:37:05,087:WARNING:C:\Users\surya\OneDrive\Desktop\Data Science Project\Breast Cancer\.venv\Lib\site-packages\sklearn\metrics\_classification.py:1561: UserWarning: Note that pos_label (set to 'M') is ignored when average != 'binary' (got 'weighted'). You may use labels=[pos_label] to specify a single positive class.
  warnings.warn(

2024-08-30 21:37:05,089:WARNING:C:\Users\surya\OneDrive\Desktop\Data Science Project\Breast Cancer\.venv\Lib\site-packages\sklearn\metrics\_classification.py:1561: UserWarning: Note that pos_label (set to 'M') is ignored when average != 'binary' (got 'weighted'). You may use labels=[pos_label] to specify a single positive class.
  warnings.warn(

2024-08-30 21:37:05,091:WARNING:C:\Users\surya\OneDrive\Desktop\Data Science Project\Breast Cancer\.venv\Lib\site-packages\sklearn\metrics\_classification.py:1561: UserWarning: Note that pos_label (set to 'M') is ignored when average != 'binary' (got 'weighted'). You may use labels=[pos_label] to specify a single positive class.
  warnings.warn(

2024-08-30 21:37:05,095:WARNING:C:\Users\surya\OneDrive\Desktop\Data Science Project\Breast Cancer\.venv\Lib\site-packages\sklearn\metrics\_classification.py:1561: UserWarning: Note that pos_label (set to 'M') is ignored when average != 'binary' (got 'weighted'). You may use labels=[pos_label] to specify a single positive class.
  warnings.warn(

2024-08-30 21:37:05,095:WARNING:C:\Users\surya\OneDrive\Desktop\Data Science Project\Breast Cancer\.venv\Lib\site-packages\sklearn\metrics\_classification.py:1561: UserWarning: Note that pos_label (set to 'M') is ignored when average != 'binary' (got 'weighted'). You may use labels=[pos_label] to specify a single positive class.
  warnings.warn(

2024-08-30 21:37:05,099:WARNING:C:\Users\surya\OneDrive\Desktop\Data Science Project\Breast Cancer\.venv\Lib\site-packages\sklearn\metrics\_classification.py:1561: UserWarning: Note that pos_label (set to 'M') is ignored when average != 'binary' (got 'weighted'). You may use labels=[pos_label] to specify a single positive class.
  warnings.warn(

2024-08-30 21:37:05,103:WARNING:C:\Users\surya\OneDrive\Desktop\Data Science Project\Breast Cancer\.venv\Lib\site-packages\sklearn\metrics\_classification.py:1561: UserWarning: Note that pos_label (set to 'M') is ignored when average != 'binary' (got 'weighted'). You may use labels=[pos_label] to specify a single positive class.
  warnings.warn(

2024-08-30 21:37:05,106:WARNING:C:\Users\surya\OneDrive\Desktop\Data Science Project\Breast Cancer\.venv\Lib\site-packages\sklearn\metrics\_classification.py:1561: UserWarning: Note that pos_label (set to 'M') is ignored when average != 'binary' (got 'weighted'). You may use labels=[pos_label] to specify a single positive class.
  warnings.warn(

2024-08-30 21:37:05,110:WARNING:C:\Users\surya\OneDrive\Desktop\Data Science Project\Breast Cancer\.venv\Lib\site-packages\sklearn\metrics\_classification.py:1561: UserWarning: Note that pos_label (set to 'M') is ignored when average != 'binary' (got 'weighted'). You may use labels=[pos_label] to specify a single positive class.
  warnings.warn(

2024-08-30 21:37:05,113:WARNING:C:\Users\surya\OneDrive\Desktop\Data Science Project\Breast Cancer\.venv\Lib\site-packages\sklearn\metrics\_classification.py:1561: UserWarning: Note that pos_label (set to 'M') is ignored when average != 'binary' (got 'weighted'). You may use labels=[pos_label] to specify a single positive class.
  warnings.warn(

2024-08-30 21:37:05,114:WARNING:C:\Users\surya\OneDrive\Desktop\Data Science Project\Breast Cancer\.venv\Lib\site-packages\sklearn\metrics\_classification.py:1561: UserWarning: Note that pos_label (set to 'M') is ignored when average != 'binary' (got 'weighted'). You may use labels=[pos_label] to specify a single positive class.
  warnings.warn(

2024-08-30 21:37:05,117:WARNING:C:\Users\surya\OneDrive\Desktop\Data Science Project\Breast Cancer\.venv\Lib\site-packages\sklearn\metrics\_classification.py:1561: UserWarning: Note that pos_label (set to 'M') is ignored when average != 'binary' (got 'weighted'). You may use labels=[pos_label] to specify a single positive class.
  warnings.warn(

2024-08-30 21:37:05,120:WARNING:C:\Users\surya\OneDrive\Desktop\Data Science Project\Breast Cancer\.venv\Lib\site-packages\sklearn\metrics\_classification.py:1561: UserWarning: Note that pos_label (set to 'M') is ignored when average != 'binary' (got 'weighted'). You may use labels=[pos_label] to specify a single positive class.
  warnings.warn(

2024-08-30 21:37:05,167:WARNING:C:\Users\surya\OneDrive\Desktop\Data Science Project\Breast Cancer\.venv\Lib\site-packages\sklearn\metrics\_classification.py:1561: UserWarning: Note that pos_label (set to 'M') is ignored when average != 'binary' (got 'weighted'). You may use labels=[pos_label] to specify a single positive class.
  warnings.warn(

2024-08-30 21:37:05,170:WARNING:C:\Users\surya\OneDrive\Desktop\Data Science Project\Breast Cancer\.venv\Lib\site-packages\sklearn\metrics\_classification.py:1561: UserWarning: Note that pos_label (set to 'M') is ignored when average != 'binary' (got 'weighted'). You may use labels=[pos_label] to specify a single positive class.
  warnings.warn(

2024-08-30 21:37:05,174:WARNING:C:\Users\surya\OneDrive\Desktop\Data Science Project\Breast Cancer\.venv\Lib\site-packages\sklearn\metrics\_classification.py:1561: UserWarning: Note that pos_label (set to 'M') is ignored when average != 'binary' (got 'weighted'). You may use labels=[pos_label] to specify a single positive class.
  warnings.warn(

2024-08-30 21:37:05,186:INFO:Calculating mean and std
2024-08-30 21:37:05,187:INFO:Creating metrics dataframe
2024-08-30 21:37:05,189:INFO:Uploading results into container
2024-08-30 21:37:05,190:INFO:Uploading model into container now
2024-08-30 21:37:05,190:INFO:_master_model_container: 13
2024-08-30 21:37:05,190:INFO:_display_container: 2
2024-08-30 21:37:05,191:INFO:LGBMClassifier(boosting_type='gbdt', class_weight=None, colsample_bytree=1.0,
               importance_type='split', learning_rate=0.1, max_depth=-1,
               min_child_samples=20, min_child_weight=0.001, min_split_gain=0.0,
               n_estimators=100, n_jobs=-1, num_leaves=31, objective=None,
               random_state=8870, reg_alpha=0.0, reg_lambda=0.0, subsample=1.0,
               subsample_for_bin=200000, subsample_freq=0)
2024-08-30 21:37:05,191:INFO:create_model() successfully completed......................................
2024-08-30 21:37:05,288:INFO:SubProcess create_model() end ==================================
2024-08-30 21:37:05,288:INFO:Creating metrics dataframe
2024-08-30 21:37:05,290:INFO:Initializing Dummy Classifier
2024-08-30 21:37:05,290:INFO:Total runtime is 0.17326774994532268 minutes
2024-08-30 21:37:05,290:INFO:SubProcess create_model() called ==================================
2024-08-30 21:37:05,290:INFO:Initializing create_model()
2024-08-30 21:37:05,290:INFO:create_model(self=<pycaret.classification.oop.ClassificationExperiment object at 0x0000026FBD5A22D0>, estimator=dummy, fold=StratifiedKFold(n_splits=10, random_state=None, shuffle=False), round=4, cross_validation=True, predict=True, fit_kwargs={}, groups=None, refit=False, probability_threshold=None, experiment_custom_tags=None, verbose=False, system=False, add_to_model_list=True, metrics=None, display=<pycaret.internal.display.display.CommonDisplay object at 0x0000026FBDBFB910>, model_only=True, return_train_score=False, error_score=0.0, kwargs={})
2024-08-30 21:37:05,291:INFO:Checking exceptions
2024-08-30 21:37:05,291:INFO:Importing libraries
2024-08-30 21:37:05,291:INFO:Copying training dataset
2024-08-30 21:37:05,295:INFO:Defining folds
2024-08-30 21:37:05,295:INFO:Declaring metric variables
2024-08-30 21:37:05,295:INFO:Importing untrained model
2024-08-30 21:37:05,296:INFO:Dummy Classifier Imported successfully
2024-08-30 21:37:05,296:INFO:Starting cross validation
2024-08-30 21:37:05,298:INFO:Cross validating with StratifiedKFold(n_splits=10, random_state=None, shuffle=False), n_jobs=-1
2024-08-30 21:37:05,330:WARNING:C:\Users\surya\OneDrive\Desktop\Data Science Project\Breast Cancer\.venv\Lib\site-packages\sklearn\metrics\_classification.py:1561: UserWarning: Note that pos_label (set to 'M') is ignored when average != 'binary' (got 'weighted'). You may use labels=[pos_label] to specify a single positive class.
  warnings.warn(

2024-08-30 21:37:05,333:WARNING:C:\Users\surya\OneDrive\Desktop\Data Science Project\Breast Cancer\.venv\Lib\site-packages\sklearn\metrics\_classification.py:1561: UserWarning: Note that pos_label (set to 'M') is ignored when average != 'binary' (got 'weighted'). You may use labels=[pos_label] to specify a single positive class.
  warnings.warn(

2024-08-30 21:37:05,334:WARNING:C:\Users\surya\OneDrive\Desktop\Data Science Project\Breast Cancer\.venv\Lib\site-packages\sklearn\metrics\_classification.py:1509: UndefinedMetricWarning: Precision is ill-defined and being set to 0.0 in labels with no predicted samples. Use `zero_division` parameter to control this behavior.
  _warn_prf(average, modifier, f"{metric.capitalize()} is", len(result))

2024-08-30 21:37:05,335:WARNING:C:\Users\surya\OneDrive\Desktop\Data Science Project\Breast Cancer\.venv\Lib\site-packages\sklearn\metrics\_classification.py:1561: UserWarning: Note that pos_label (set to 'M') is ignored when average != 'binary' (got 'weighted'). You may use labels=[pos_label] to specify a single positive class.
  warnings.warn(

2024-08-30 21:37:05,335:WARNING:C:\Users\surya\OneDrive\Desktop\Data Science Project\Breast Cancer\.venv\Lib\site-packages\sklearn\metrics\_classification.py:1561: UserWarning: Note that pos_label (set to 'M') is ignored when average != 'binary' (got 'weighted'). You may use labels=[pos_label] to specify a single positive class.
  warnings.warn(

2024-08-30 21:37:05,336:WARNING:C:\Users\surya\OneDrive\Desktop\Data Science Project\Breast Cancer\.venv\Lib\site-packages\sklearn\metrics\_classification.py:1561: UserWarning: Note that pos_label (set to 'M') is ignored when average != 'binary' (got 'weighted'). You may use labels=[pos_label] to specify a single positive class.
  warnings.warn(

2024-08-30 21:37:05,338:WARNING:C:\Users\surya\OneDrive\Desktop\Data Science Project\Breast Cancer\.venv\Lib\site-packages\sklearn\metrics\_classification.py:1561: UserWarning: Note that pos_label (set to 'M') is ignored when average != 'binary' (got 'weighted'). You may use labels=[pos_label] to specify a single positive class.
  warnings.warn(

2024-08-30 21:37:05,339:WARNING:C:\Users\surya\OneDrive\Desktop\Data Science Project\Breast Cancer\.venv\Lib\site-packages\sklearn\metrics\_classification.py:1509: UndefinedMetricWarning: Precision is ill-defined and being set to 0.0 in labels with no predicted samples. Use `zero_division` parameter to control this behavior.
  _warn_prf(average, modifier, f"{metric.capitalize()} is", len(result))

2024-08-30 21:37:05,340:WARNING:C:\Users\surya\OneDrive\Desktop\Data Science Project\Breast Cancer\.venv\Lib\site-packages\sklearn\metrics\_classification.py:1561: UserWarning: Note that pos_label (set to 'M') is ignored when average != 'binary' (got 'weighted'). You may use labels=[pos_label] to specify a single positive class.
  warnings.warn(

2024-08-30 21:37:05,340:WARNING:C:\Users\surya\OneDrive\Desktop\Data Science Project\Breast Cancer\.venv\Lib\site-packages\sklearn\metrics\_classification.py:1561: UserWarning: Note that pos_label (set to 'M') is ignored when average != 'binary' (got 'weighted'). You may use labels=[pos_label] to specify a single positive class.
  warnings.warn(

2024-08-30 21:37:05,340:WARNING:C:\Users\surya\OneDrive\Desktop\Data Science Project\Breast Cancer\.venv\Lib\site-packages\sklearn\metrics\_classification.py:1561: UserWarning: Note that pos_label (set to 'M') is ignored when average != 'binary' (got 'weighted'). You may use labels=[pos_label] to specify a single positive class.
  warnings.warn(

2024-08-30 21:37:05,341:WARNING:C:\Users\surya\OneDrive\Desktop\Data Science Project\Breast Cancer\.venv\Lib\site-packages\sklearn\metrics\_classification.py:1561: UserWarning: Note that pos_label (set to 'M') is ignored when average != 'binary' (got 'weighted'). You may use labels=[pos_label] to specify a single positive class.
  warnings.warn(

2024-08-30 21:37:05,341:WARNING:C:\Users\surya\OneDrive\Desktop\Data Science Project\Breast Cancer\.venv\Lib\site-packages\sklearn\metrics\_classification.py:1561: UserWarning: Note that pos_label (set to 'M') is ignored when average != 'binary' (got 'weighted'). You may use labels=[pos_label] to specify a single positive class.
  warnings.warn(

ifier, f"{metric.capitalize()} is", len(result))

2024-08-30 21:37:05,342:WARNING:C:\Users\surya\OneDrive\Desktop\Data Science Project\Breast Cancer\.venv\Lib\site-packages\sklearn\metrics\_classification.py:1561: UserWarning: Note that pos_label (set to 'M') is ignored when average != 'binary' (got 'weighted'). You may use labels=[pos_label] to specify a single positive class.
  warnings.warn(

2024-08-30 21:37:05,343:WARNING:C:\Users\surya\OneDrive\Desktop\Data Science Project\Breast Cancer\.venv\Lib\site-packages\sklearn\metrics\_classification.py:1561: UserWarning: Note that pos_label (set to 'M') is ignored when average != 'binary' (got 'weighted'). You may use labels=[pos_label] to specify a single positive class.
  warnings.warn(

2024-08-30 21:37:05,344:WARNING:C:\Users\surya\OneDrive\Desktop\Data Science Project\Breast Cancer\.venv\Lib\site-packages\sklearn\metrics\_classification.py:1561: UserWarning: Note that pos_label (set to 'M') is ignored when average != 'binary' (got 'weighted'). You may use labels=[pos_label] to specify a single positive class.
  warnings.warn(

2024-08-30 21:37:05,344:WARNING:C:\Users\surya\OneDrive\Desktop\Data Science Project\Breast Cancer\.venv\Lib\site-packages\sklearn\metrics\_classification.py:1509: UndefinedMetricWarning: Precision is ill-defined and being set to 0.0 in labels with no predicted samples. Use `zero_division` parameter to control this behavior.
  _warn_prf(average, modifier, f"{metric.capitalize()} is", len(result))

2024-08-30 21:37:05,345:WARNING:C:\Users\surya\OneDrive\Desktop\Data Science Project\Breast Cancer\.venv\Lib\site-packages\sklearn\metrics\_classification.py:1561: UserWarning: Note that pos_label (set to 'M') is ignored when average != 'binary' (got 'weighted'). You may use labels=[pos_label] to specify a single positive class.
  warnings.warn(

2024-08-30 21:37:05,345:WARNING:C:\Users\surya\OneDrive\Desktop\Data Science Project\Breast Cancer\.venv\Lib\site-packages\sklearn\metrics\_classification.py:1561: UserWarning: Note that pos_label (set to 'M') is ignored when average != 'binary' (got 'weighted'). You may use labels=[pos_label] to specify a single positive class.
  warnings.warn(

2024-08-30 21:37:05,345:WARNING:C:\Users\surya\OneDrive\Desktop\Data Science Project\Breast Cancer\.venv\Lib\site-packages\sklearn\metrics\_classification.py:1561: UserWarning: Note that pos_label (set to 'M') is ignored when average != 'binary' (got 'weighted'). You may use labels=[pos_label] to specify a single positive class.
  warnings.warn(

2024-08-30 21:37:05,345:WARNING:C:\Users\surya\OneDrive\Desktop\Data Science Project\Breast Cancer\.venv\Lib\site-packages\sklearn\metrics\_classification.py:1561: UserWarning: Note that pos_label (set to 'M') is ignored when average != 'binary' (got 'weighted'). You may use labels=[pos_label] to specify a single positive class.
  warnings.warn(

2024-08-30 21:37:05,346:WARNING:C:\Users\surya\OneDrive\Desktop\Data Science Project\Breast Cancer\.venv\Lib\site-packages\sklearn\metrics\_classification.py:1561: UserWarning: Note that pos_label (set to 'M') is ignored when average != 'binary' (got 'weighted'). You may use labels=[pos_label] to specify a single positive class.
  warnings.warn(

2024-08-30 21:37:05,346:WARNING:C:\Users\surya\OneDrive\Desktop\Data Science Project\Breast Cancer\.venv\Lib\site-packages\sklearn\metrics\_classification.py:1509: UndefinedMetricWarning: Precision is ill-defined and being set to 0.0 in labels with no predicted samples. Use `zero_division` parameter to control this behavior.
  _warn_prf(average, modifier, f"{metric.capitalize()} is", len(result))

2024-08-30 21:37:05,346:WARNING:C:\Users\surya\OneDrive\Desktop\Data Science Project\Breast Cancer\.venv\Lib\site-packages\sklearn\metrics\_classification.py:1509: UndefinedMetricWarning: Precision is ill-defined and being set to 0.0 in labels with no predicted samples. Use `zero_division` parameter to control this behavior.
  _warn_prf(average, modifier, f"{metric.capitalize()} is", len(result))

2024-08-30 21:37:05,347:WARNING:C:\Users\surya\OneDrive\Desktop\Data Science Project\Breast Cancer\.venv\Lib\site-packages\sklearn\metrics\_classification.py:1509: UndefinedMetricWarning: Precision is ill-defined and being set to 0.0 in labels with no predicted samples. Use `zero_division` parameter to control this behavior.
  _warn_prf(average, modifier, f"{metric.capitalize()} is", len(result))

2024-08-30 21:37:05,348:WARNING:C:\Users\surya\OneDrive\Desktop\Data Science Project\Breast Cancer\.venv\Lib\site-packages\sklearn\metrics\_classification.py:1561: UserWarning: Note that pos_label (set to 'M') is ignored when average != 'binary' (got 'weighted'). You may use labels=[pos_label] to specify a single positive class.
  warnings.warn(

2024-08-30 21:37:05,348:WARNING:C:\Users\surya\OneDrive\Desktop\Data Science Project\Breast Cancer\.venv\Lib\site-packages\sklearn\metrics\_classification.py:1561: UserWarning: Note that pos_label (set to 'M') is ignored when average != 'binary' (got 'weighted'). You may use labels=[pos_label] to specify a single positive class.
  warnings.warn(

2024-08-30 21:37:05,348:WARNING:C:\Users\surya\OneDrive\Desktop\Data Science Project\Breast Cancer\.venv\Lib\site-packages\sklearn\metrics\_classification.py:1561: UserWarning: Note that pos_label (set to 'M') is ignored when average != 'binary' (got 'weighted'). You may use labels=[pos_label] to specify a single positive class.
  warnings.warn(

2024-08-30 21:37:05,350:WARNING:C:\Users\surya\OneDrive\Desktop\Data Science Project\Breast Cancer\.venv\Lib\site-packages\sklearn\metrics\_classification.py:1509: UndefinedMetricWarning: Precision is ill-defined and being set to 0.0 in labels with no predicted samples. Use `zero_division` parameter to control this behavior.
  _warn_prf(average, modifier, f"{metric.capitalize()} is", len(result))

2024-08-30 21:37:05,351:WARNING:C:\Users\surya\OneDrive\Desktop\Data Science Project\Breast Cancer\.venv\Lib\site-packages\sklearn\metrics\_classification.py:1561: UserWarning: Note that pos_label (set to 'M') is ignored when average != 'binary' (got 'weighted'). You may use labels=[pos_label] to specify a single positive class.
  warnings.warn(

2024-08-30 21:37:05,352:WARNING:C:\Users\surya\OneDrive\Desktop\Data Science Project\Breast Cancer\.venv\Lib\site-packages\sklearn\metrics\_classification.py:1561: UserWarning: Note that pos_label (set to 'M') is ignored when average != 'binary' (got 'weighted'). You may use labels=[pos_label] to specify a single positive class.
  warnings.warn(

2024-08-30 21:37:05,353:WARNING:C:\Users\surya\OneDrive\Desktop\Data Science Project\Breast Cancer\.venv\Lib\site-packages\sklearn\metrics\_classification.py:1561: UserWarning: Note that pos_label (set to 'M') is ignored when average != 'binary' (got 'weighted'). You may use labels=[pos_label] to specify a single positive class.
  warnings.warn(

2024-08-30 21:37:05,354:WARNING:C:\Users\surya\OneDrive\Desktop\Data Science Project\Breast Cancer\.venv\Lib\site-packages\sklearn\metrics\_classification.py:1561: UserWarning: Note that pos_label (set to 'M') is ignored when average != 'binary' (got 'weighted'). You may use labels=[pos_label] to specify a single positive class.
  warnings.warn(

ifier, f"{metric.capitalize()} is", len(result))

2024-08-30 21:37:05,355:WARNING:C:\Users\surya\OneDrive\Desktop\Data Science Project\Breast Cancer\.venv\Lib\site-packages\sklearn\metrics\_classification.py:1561: UserWarning: Note that pos_label (set to 'M') is ignored when average != 'binary' (got 'weighted'). You may use labels=[pos_label] to specify a single positive class.
  warnings.warn(

2024-08-30 21:37:05,357:WARNING:C:\Users\surya\OneDrive\Desktop\Data Science Project\Breast Cancer\.venv\Lib\site-packages\sklearn\metrics\_classification.py:1561: UserWarning: Note that pos_label (set to 'M') is ignored when average != 'binary' (got 'weighted'). You may use labels=[pos_label] to specify a single positive class.
  warnings.warn(

2024-08-30 21:37:05,357:WARNING:C:\Users\surya\OneDrive\Desktop\Data Science Project\Breast Cancer\.venv\Lib\site-packages\sklearn\metrics\_classification.py:1509: UndefinedMetricWarning: Precision is ill-defined and being set to 0.0 in labels with no predicted samples. Use `zero_division` parameter to control this behavior.
  _warn_prf(average, modifier, f"{metric.capitalize()} is", len(result))

2024-08-30 21:37:05,359:WARNING:C:\Users\surya\OneDrive\Desktop\Data Science Project\Breast Cancer\.venv\Lib\site-packages\sklearn\metrics\_classification.py:1561: UserWarning: Note that pos_label (set to 'M') is ignored when average != 'binary' (got 'weighted'). You may use labels=[pos_label] to specify a single positive class.
  warnings.warn(

2024-08-30 21:37:05,368:INFO:Calculating mean and std
2024-08-30 21:37:05,369:INFO:Creating metrics dataframe
2024-08-30 21:37:05,372:INFO:Uploading results into container
2024-08-30 21:37:05,372:INFO:Uploading model into container now
2024-08-30 21:37:05,372:INFO:_master_model_container: 14
2024-08-30 21:37:05,372:INFO:_display_container: 2
2024-08-30 21:37:05,372:INFO:DummyClassifier(constant=None, random_state=8870, strategy='prior')
2024-08-30 21:37:05,372:INFO:create_model() successfully completed......................................
2024-08-30 21:37:05,448:INFO:SubProcess create_model() end ==================================
2024-08-30 21:37:05,449:INFO:Creating metrics dataframe
2024-08-30 21:37:05,452:INFO:Initializing create_model()
2024-08-30 21:37:05,452:INFO:create_model(self=<pycaret.classification.oop.ClassificationExperiment object at 0x0000026FBD5A22D0>, estimator=AdaBoostClassifier(algorithm='SAMME.R', estimator=None, learning_rate=1.0,
                   n_estimators=50, random_state=8870), fold=StratifiedKFold(n_splits=10, random_state=None, shuffle=False), round=4, cross_validation=False, predict=False, fit_kwargs={}, groups=None, refit=True, probability_threshold=None, experiment_custom_tags=None, verbose=False, system=False, add_to_model_list=True, metrics=None, display=None, model_only=True, return_train_score=False, error_score=0.0, kwargs={})
2024-08-30 21:37:05,452:INFO:Checking exceptions
2024-08-30 21:37:05,452:INFO:Importing libraries
2024-08-30 21:37:05,452:INFO:Copying training dataset
2024-08-30 21:37:05,456:INFO:Defining folds
2024-08-30 21:37:05,457:INFO:Declaring metric variables
2024-08-30 21:37:05,457:INFO:Importing untrained model
2024-08-30 21:37:05,457:INFO:Declaring custom model
2024-08-30 21:37:05,457:INFO:Ada Boost Classifier Imported successfully
2024-08-30 21:37:05,457:INFO:Cross validation set to False
2024-08-30 21:37:05,458:INFO:Fitting Model
2024-08-30 21:37:05,567:INFO:AdaBoostClassifier(algorithm='SAMME.R', estimator=None, learning_rate=1.0,
                   n_estimators=50, random_state=8870)
2024-08-30 21:37:05,567:INFO:create_model() successfully completed......................................
2024-08-30 21:37:05,657:INFO:_master_model_container: 14
2024-08-30 21:37:05,658:INFO:_display_container: 2
2024-08-30 21:37:05,658:INFO:AdaBoostClassifier(algorithm='SAMME.R', estimator=None, learning_rate=1.0,
                   n_estimators=50, random_state=8870)
2024-08-30 21:37:05,658:INFO:compare_models() successfully completed......................................
2024-08-30 21:42:56,999:WARNING:
'cuml' is a soft dependency and not included in the pycaret installation. Please run: `pip install cuml` to install.
2024-08-30 21:42:56,999:WARNING:
'cuml' is a soft dependency and not included in the pycaret installation. Please run: `pip install cuml` to install.
2024-08-30 21:42:56,999:WARNING:
'cuml' is a soft dependency and not included in the pycaret installation. Please run: `pip install cuml` to install.
2024-08-30 21:42:57,000:WARNING:
'cuml' is a soft dependency and not included in the pycaret installation. Please run: `pip install cuml` to install.
2024-08-30 21:42:57,872:INFO:PyCaret ClassificationExperiment
2024-08-30 21:42:57,872:INFO:Logging name: clf-default-name
2024-08-30 21:42:57,872:INFO:ML Usecase: MLUsecase.CLASSIFICATION
2024-08-30 21:42:57,872:INFO:version 3.3.2
2024-08-30 21:42:57,872:INFO:Initializing setup()
2024-08-30 21:42:57,872:INFO:self.USI: 0d29
2024-08-30 21:42:57,872:INFO:self._variable_keys: {'_ml_usecase', 'X_test', 'idx', 'USI', 'y_train', 'html_param', 'memory', 'X', 'pipeline', 'y_test', 'is_multiclass', '_available_plots', 'X_train', 'data', 'gpu_n_jobs_param', 'fold_groups_param', 'gpu_param', 'y', 'fix_imbalance', 'n_jobs_param', 'seed', 'fold_generator', 'logging_param', 'target_param', 'log_plots_param', 'exp_id', 'exp_name_log', 'fold_shuffle_param'}
2024-08-30 21:42:57,872:INFO:Checking environment
2024-08-30 21:42:57,872:INFO:python_version: 3.11.4
2024-08-30 21:42:57,872:INFO:python_build: ('tags/v3.11.4:d2340ef', 'Jun  7 2023 05:45:37')
2024-08-30 21:42:57,872:INFO:machine: AMD64
2024-08-30 21:42:57,901:INFO:platform: Windows-10-10.0.22631-SP0
2024-08-30 21:42:57,906:INFO:Memory: svmem(total=16520773632, available=7739207680, percent=53.2, used=8781565952, free=7739207680)
2024-08-30 21:42:57,906:INFO:Physical Core: 8
2024-08-30 21:42:57,906:INFO:Logical Core: 16
2024-08-30 21:42:57,906:INFO:Checking libraries
2024-08-30 21:42:57,906:INFO:System:
2024-08-30 21:42:57,907:INFO:    python: 3.11.4 (tags/v3.11.4:d2340ef, Jun  7 2023, 05:45:37) [MSC v.1934 64 bit (AMD64)]
2024-08-30 21:42:57,907:INFO:executable: C:\Users\surya\OneDrive\Desktop\Data Science Project\Breast Cancer\.venv\Scripts\python.exe
2024-08-30 21:42:57,907:INFO:   machine: Windows-10-10.0.22631-SP0
2024-08-30 21:42:57,907:INFO:PyCaret required dependencies:
2024-08-30 21:42:57,929:INFO:                 pip: 23.1.2
2024-08-30 21:42:57,929:INFO:          setuptools: 65.5.0
2024-08-30 21:42:57,929:INFO:             pycaret: 3.3.2
2024-08-30 21:42:57,929:INFO:             IPython: 8.27.0
2024-08-30 21:42:57,929:INFO:          ipywidgets: 8.1.5
2024-08-30 21:42:57,929:INFO:                tqdm: 4.66.5
2024-08-30 21:42:57,929:INFO:               numpy: 1.26.4
2024-08-30 21:42:57,929:INFO:              pandas: 2.1.4
2024-08-30 21:42:57,929:INFO:              jinja2: 3.1.4
2024-08-30 21:42:57,929:INFO:               scipy: 1.11.4
2024-08-30 21:42:57,930:INFO:              joblib: 1.3.2
2024-08-30 21:42:57,930:INFO:             sklearn: 1.4.2
2024-08-30 21:42:57,930:INFO:                pyod: 2.0.1
2024-08-30 21:42:57,930:INFO:            imblearn: 0.12.3
2024-08-30 21:42:57,930:INFO:   category_encoders: 2.6.3
2024-08-30 21:42:57,930:INFO:            lightgbm: 4.5.0
2024-08-30 21:42:57,930:INFO:               numba: 0.60.0
2024-08-30 21:42:57,930:INFO:            requests: 2.32.3
2024-08-30 21:42:57,930:INFO:          matplotlib: 3.7.5
2024-08-30 21:42:57,930:INFO:          scikitplot: 0.3.7
2024-08-30 21:42:57,930:INFO:         yellowbrick: 1.5
2024-08-30 21:42:57,930:INFO:              plotly: 5.24.0
2024-08-30 21:42:57,930:INFO:    plotly-resampler: Not installed
2024-08-30 21:42:57,930:INFO:             kaleido: 0.2.1
2024-08-30 21:42:57,930:INFO:           schemdraw: 0.15
2024-08-30 21:42:57,930:INFO:         statsmodels: 0.14.2
2024-08-30 21:42:57,930:INFO:              sktime: 0.26.0
2024-08-30 21:42:57,930:INFO:               tbats: 1.1.3
2024-08-30 21:42:57,930:INFO:            pmdarima: 2.0.4
2024-08-30 21:42:57,930:INFO:              psutil: 6.0.0
2024-08-30 21:42:57,930:INFO:          markupsafe: 2.1.5
2024-08-30 21:42:57,930:INFO:             pickle5: Not installed
2024-08-30 21:42:57,930:INFO:         cloudpickle: 3.0.0
2024-08-30 21:42:57,930:INFO:         deprecation: 2.1.0
2024-08-30 21:42:57,930:INFO:              xxhash: 3.5.0
2024-08-30 21:42:57,930:INFO:           wurlitzer: Not installed
2024-08-30 21:42:57,930:INFO:PyCaret optional dependencies:
2024-08-30 21:42:57,943:INFO:                shap: Not installed
2024-08-30 21:42:57,943:INFO:           interpret: Not installed
2024-08-30 21:42:57,943:INFO:                umap: Not installed
2024-08-30 21:42:57,943:INFO:     ydata_profiling: Not installed
2024-08-30 21:42:57,943:INFO:  explainerdashboard: Not installed
2024-08-30 21:42:57,944:INFO:             autoviz: Not installed
2024-08-30 21:42:57,944:INFO:           fairlearn: Not installed
2024-08-30 21:42:57,944:INFO:          deepchecks: Not installed
2024-08-30 21:42:57,944:INFO:             xgboost: Not installed
2024-08-30 21:42:57,944:INFO:            catboost: Not installed
2024-08-30 21:42:57,944:INFO:              kmodes: Not installed
2024-08-30 21:42:57,944:INFO:             mlxtend: Not installed
2024-08-30 21:42:57,944:INFO:       statsforecast: Not installed
2024-08-30 21:42:57,944:INFO:        tune_sklearn: Not installed
2024-08-30 21:42:57,944:INFO:                 ray: Not installed
2024-08-30 21:42:57,944:INFO:            hyperopt: Not installed
2024-08-30 21:42:57,944:INFO:              optuna: Not installed
2024-08-30 21:42:57,944:INFO:               skopt: Not installed
2024-08-30 21:42:57,944:INFO:              mlflow: Not installed
2024-08-30 21:42:57,944:INFO:              gradio: Not installed
2024-08-30 21:42:57,944:INFO:             fastapi: Not installed
2024-08-30 21:42:57,944:INFO:             uvicorn: Not installed
2024-08-30 21:42:57,944:INFO:              m2cgen: Not installed
2024-08-30 21:42:57,944:INFO:           evidently: Not installed
2024-08-30 21:42:57,944:INFO:               fugue: Not installed
2024-08-30 21:42:57,944:INFO:           streamlit: Not installed
2024-08-30 21:42:57,944:INFO:             prophet: Not installed
2024-08-30 21:42:57,944:INFO:None
2024-08-30 21:42:57,944:INFO:Set up data.
2024-08-30 21:42:57,952:INFO:Set up folding strategy.
2024-08-30 21:42:57,952:INFO:Set up train/test split.
2024-08-30 21:42:57,959:INFO:Set up index.
2024-08-30 21:42:57,959:INFO:Assigning column types.
2024-08-30 21:42:57,964:INFO:Engine successfully changes for model 'lr' to 'sklearn'.
2024-08-30 21:42:58,015:INFO:Engine for model 'knn' has not been set explicitly, hence returning None.
2024-08-30 21:42:58,018:INFO:Engine for model 'rbfsvm' has not been set explicitly, hence returning None.
2024-08-30 21:42:58,055:WARNING:
'xgboost' is a soft dependency and not included in the pycaret installation. Please run: `pip install xgboost` to install.
Alternately, you can install this by running `pip install pycaret[models]`
2024-08-30 21:42:58,055:WARNING:
'catboost' is a soft dependency and not included in the pycaret installation. Please run: `pip install catboost` to install.
Alternately, you can install this by running `pip install pycaret[models]`
2024-08-30 21:42:58,106:INFO:Engine for model 'knn' has not been set explicitly, hence returning None.
2024-08-30 21:42:58,107:INFO:Engine for model 'rbfsvm' has not been set explicitly, hence returning None.
2024-08-30 21:42:58,139:WARNING:
'xgboost' is a soft dependency and not included in the pycaret installation. Please run: `pip install xgboost` to install.
Alternately, you can install this by running `pip install pycaret[models]`
2024-08-30 21:42:58,139:WARNING:
'catboost' is a soft dependency and not included in the pycaret installation. Please run: `pip install catboost` to install.
Alternately, you can install this by running `pip install pycaret[models]`
2024-08-30 21:42:58,140:INFO:Engine successfully changes for model 'knn' to 'sklearn'.
2024-08-30 21:42:58,192:INFO:Engine for model 'rbfsvm' has not been set explicitly, hence returning None.
2024-08-30 21:42:58,224:WARNING:
'xgboost' is a soft dependency and not included in the pycaret installation. Please run: `pip install xgboost` to install.
Alternately, you can install this by running `pip install pycaret[models]`
2024-08-30 21:42:58,224:WARNING:
'catboost' is a soft dependency and not included in the pycaret installation. Please run: `pip install catboost` to install.
Alternately, you can install this by running `pip install pycaret[models]`
2024-08-30 21:42:58,276:INFO:Engine for model 'rbfsvm' has not been set explicitly, hence returning None.
2024-08-30 21:42:58,307:WARNING:
'xgboost' is a soft dependency and not included in the pycaret installation. Please run: `pip install xgboost` to install.
Alternately, you can install this by running `pip install pycaret[models]`
2024-08-30 21:42:58,308:WARNING:
'catboost' is a soft dependency and not included in the pycaret installation. Please run: `pip install catboost` to install.
Alternately, you can install this by running `pip install pycaret[models]`
2024-08-30 21:42:58,308:INFO:Engine successfully changes for model 'rbfsvm' to 'sklearn'.
2024-08-30 21:42:58,391:WARNING:
'xgboost' is a soft dependency and not included in the pycaret installation. Please run: `pip install xgboost` to install.
Alternately, you can install this by running `pip install pycaret[models]`
2024-08-30 21:42:58,391:WARNING:
'catboost' is a soft dependency and not included in the pycaret installation. Please run: `pip install catboost` to install.
Alternately, you can install this by running `pip install pycaret[models]`
2024-08-30 21:42:58,474:WARNING:
'xgboost' is a soft dependency and not included in the pycaret installation. Please run: `pip install xgboost` to install.
Alternately, you can install this by running `pip install pycaret[models]`
2024-08-30 21:42:58,474:WARNING:
'catboost' is a soft dependency and not included in the pycaret installation. Please run: `pip install catboost` to install.
Alternately, you can install this by running `pip install pycaret[models]`
2024-08-30 21:42:58,476:INFO:Preparing preprocessing pipeline...
2024-08-30 21:42:58,477:INFO:Set up label encoding.
2024-08-30 21:42:58,478:INFO:Set up simple imputation.
2024-08-30 21:42:58,478:INFO:Set up column name cleaning.
2024-08-30 21:42:58,509:INFO:Finished creating preprocessing pipeline.
2024-08-30 21:42:58,514:INFO:Pipeline: Pipeline(memory=FastMemory(location=C:\Users\surya\AppData\Local\Temp\joblib),
         steps=[('label_encoding',
                 TransformerWrapperWithInverse(exclude=None, include=None,
                                               transformer=LabelEncoder())),
                ('numerical_imputer',
                 TransformerWrapper(exclude=None,
                                    include=['radius_mean', 'texture_mean',
                                             'perimeter_mean', 'area_mean',
                                             'smoothness_mean',
                                             'compactness_mean',
                                             'conc...
                ('categorical_imputer',
                 TransformerWrapper(exclude=None, include=[],
                                    transformer=SimpleImputer(add_indicator=False,
                                                              copy=True,
                                                              fill_value=None,
                                                              keep_empty_features=False,
                                                              missing_values=nan,
                                                              strategy='most_frequent'))),
                ('clean_column_names',
                 TransformerWrapper(exclude=None, include=None,
                                    transformer=CleanColumnNames(match='[\\]\\[\\,\\{\\}\\"\\:]+')))],
         verbose=False)
2024-08-30 21:42:58,514:INFO:Creating final display dataframe.
2024-08-30 21:42:58,619:INFO:Setup _display_container:                     Description             Value
0                    Session id              5634
1                        Target         diagnosis
2                   Target type            Binary
3                Target mapping        B: 0, M: 1
4           Original data shape         (569, 31)
5        Transformed data shape         (569, 31)
6   Transformed train set shape         (398, 31)
7    Transformed test set shape         (171, 31)
8              Numeric features                30
9                    Preprocess              True
10              Imputation type            simple
11           Numeric imputation              mean
12       Categorical imputation              mode
13               Fold Generator   StratifiedKFold
14                  Fold Number                10
15                     CPU Jobs                -1
16                      Use GPU             False
17               Log Experiment             False
18              Experiment Name  clf-default-name
19                          USI              0d29
2024-08-30 21:42:58,708:WARNING:
'xgboost' is a soft dependency and not included in the pycaret installation. Please run: `pip install xgboost` to install.
Alternately, you can install this by running `pip install pycaret[models]`
2024-08-30 21:42:58,708:WARNING:
'catboost' is a soft dependency and not included in the pycaret installation. Please run: `pip install catboost` to install.
Alternately, you can install this by running `pip install pycaret[models]`
2024-08-30 21:42:58,790:WARNING:
'xgboost' is a soft dependency and not included in the pycaret installation. Please run: `pip install xgboost` to install.
Alternately, you can install this by running `pip install pycaret[models]`
2024-08-30 21:42:58,791:WARNING:
'catboost' is a soft dependency and not included in the pycaret installation. Please run: `pip install catboost` to install.
Alternately, you can install this by running `pip install pycaret[models]`
2024-08-30 21:42:58,792:INFO:setup() successfully completed in 0.92s...............
2024-08-30 21:42:58,792:INFO:Initializing compare_models()
2024-08-30 21:42:58,792:INFO:compare_models(self=<pycaret.classification.oop.ClassificationExperiment object at 0x0000019F2A4B6F50>, include=None, exclude=None, fold=None, round=4, cross_validation=True, sort=Accuracy, n_select=1, budget_time=None, turbo=True, errors=ignore, fit_kwargs=None, groups=None, experiment_custom_tags=None, probability_threshold=None, verbose=True, parallel=None, caller_params={'self': <pycaret.classification.oop.ClassificationExperiment object at 0x0000019F2A4B6F50>, 'include': None, 'exclude': None, 'fold': None, 'round': 4, 'cross_validation': True, 'sort': 'Accuracy', 'n_select': 1, 'budget_time': None, 'turbo': True, 'errors': 'ignore', 'fit_kwargs': None, 'groups': None, 'experiment_custom_tags': None, 'probability_threshold': None, 'engine': None, 'verbose': True, 'parallel': None, '__class__': <class 'pycaret.classification.oop.ClassificationExperiment'>})
2024-08-30 21:42:58,792:INFO:Checking exceptions
2024-08-30 21:42:58,796:INFO:Preparing display monitor
2024-08-30 21:42:58,800:INFO:Initializing Logistic Regression
2024-08-30 21:42:58,800:INFO:Total runtime is 0.0 minutes
2024-08-30 21:42:58,800:INFO:SubProcess create_model() called ==================================
2024-08-30 21:42:58,800:INFO:Initializing create_model()
2024-08-30 21:42:58,800:INFO:create_model(self=<pycaret.classification.oop.ClassificationExperiment object at 0x0000019F2A4B6F50>, estimator=lr, fold=StratifiedKFold(n_splits=10, random_state=None, shuffle=False), round=4, cross_validation=True, predict=True, fit_kwargs={}, groups=None, refit=False, probability_threshold=None, experiment_custom_tags=None, verbose=False, system=False, add_to_model_list=True, metrics=None, display=<pycaret.internal.display.display.CommonDisplay object at 0x0000019F2A30DD50>, model_only=True, return_train_score=False, error_score=0.0, kwargs={})
2024-08-30 21:42:58,800:INFO:Checking exceptions
2024-08-30 21:42:58,800:INFO:Importing libraries
2024-08-30 21:42:58,800:INFO:Copying training dataset
2024-08-30 21:42:58,805:INFO:Defining folds
2024-08-30 21:42:58,805:INFO:Declaring metric variables
2024-08-30 21:42:58,805:INFO:Importing untrained model
2024-08-30 21:42:58,806:INFO:Logistic Regression Imported successfully
2024-08-30 21:42:58,806:INFO:Starting cross validation
2024-08-30 21:42:58,807:INFO:Cross validating with StratifiedKFold(n_splits=10, random_state=None, shuffle=False), n_jobs=-1
2024-08-30 21:43:02,340:WARNING:C:\Users\surya\OneDrive\Desktop\Data Science Project\Breast Cancer\.venv\Lib\site-packages\sklearn\linear_model\_logistic.py:469: ConvergenceWarning: lbfgs failed to converge (status=1):
STOP: TOTAL NO. of ITERATIONS REACHED LIMIT.

Increase the number of iterations (max_iter) or scale the data as shown in:
    https://scikit-learn.org/stable/modules/preprocessing.html
Please also refer to the documentation for alternative solver options:
    https://scikit-learn.org/stable/modules/linear_model.html#logistic-regression
  n_iter_i = _check_optimize_result(

2024-08-30 21:43:02,364:WARNING:C:\Users\surya\OneDrive\Desktop\Data Science Project\Breast Cancer\.venv\Lib\site-packages\sklearn\metrics\_classification.py:1561: UserWarning: Note that pos_label (set to 'M') is ignored when average != 'binary' (got 'weighted'). You may use labels=[pos_label] to specify a single positive class.
  warnings.warn(

2024-08-30 21:43:02,369:WARNING:C:\Users\surya\OneDrive\Desktop\Data Science Project\Breast Cancer\.venv\Lib\site-packages\sklearn\metrics\_classification.py:1561: UserWarning: Note that pos_label (set to 'M') is ignored when average != 'binary' (got 'weighted'). You may use labels=[pos_label] to specify a single positive class.
  warnings.warn(

2024-08-30 21:43:02,374:WARNING:C:\Users\surya\OneDrive\Desktop\Data Science Project\Breast Cancer\.venv\Lib\site-packages\sklearn\metrics\_classification.py:1561: UserWarning: Note that pos_label (set to 'M') is ignored when average != 'binary' (got 'weighted'). You may use labels=[pos_label] to specify a single positive class.
  warnings.warn(

2024-08-30 21:43:02,404:WARNING:C:\Users\surya\OneDrive\Desktop\Data Science Project\Breast Cancer\.venv\Lib\site-packages\sklearn\linear_model\_logistic.py:469: ConvergenceWarning: lbfgs failed to converge (status=1):
STOP: TOTAL NO. of ITERATIONS REACHED LIMIT.

Increase the number of iterations (max_iter) or scale the data as shown in:
    https://scikit-learn.org/stable/modules/preprocessing.html
Please also refer to the documentation for alternative solver options:
    https://scikit-learn.org/stable/modules/linear_model.html#logistic-regression
  n_iter_i = _check_optimize_result(

2024-08-30 21:43:02,421:WARNING:C:\Users\surya\OneDrive\Desktop\Data Science Project\Breast Cancer\.venv\Lib\site-packages\sklearn\metrics\_classification.py:1561: UserWarning: Note that pos_label (set to 'M') is ignored when average != 'binary' (got 'weighted'). You may use labels=[pos_label] to specify a single positive class.
  warnings.warn(

2024-08-30 21:43:02,424:WARNING:C:\Users\surya\OneDrive\Desktop\Data Science Project\Breast Cancer\.venv\Lib\site-packages\sklearn\metrics\_classification.py:1561: UserWarning: Note that pos_label (set to 'M') is ignored when average != 'binary' (got 'weighted'). You may use labels=[pos_label] to specify a single positive class.
  warnings.warn(

2024-08-30 21:43:02,427:WARNING:C:\Users\surya\OneDrive\Desktop\Data Science Project\Breast Cancer\.venv\Lib\site-packages\sklearn\metrics\_classification.py:1561: UserWarning: Note that pos_label (set to 'M') is ignored when average != 'binary' (got 'weighted'). You may use labels=[pos_label] to specify a single positive class.
  warnings.warn(

2024-08-30 21:43:02,452:WARNING:C:\Users\surya\OneDrive\Desktop\Data Science Project\Breast Cancer\.venv\Lib\site-packages\sklearn\linear_model\_logistic.py:469: ConvergenceWarning: lbfgs failed to converge (status=1):
STOP: TOTAL NO. of ITERATIONS REACHED LIMIT.

Increase the number of iterations (max_iter) or scale the data as shown in:
    https://scikit-learn.org/stable/modules/preprocessing.html
Please also refer to the documentation for alternative solver options:
    https://scikit-learn.org/stable/modules/linear_model.html#logistic-regression
  n_iter_i = _check_optimize_result(

2024-08-30 21:43:02,466:WARNING:C:\Users\surya\OneDrive\Desktop\Data Science Project\Breast Cancer\.venv\Lib\site-packages\sklearn\linear_model\_logistic.py:469: ConvergenceWarning: lbfgs failed to converge (status=1):
STOP: TOTAL NO. of ITERATIONS REACHED LIMIT.

Increase the number of iterations (max_iter) or scale the data as shown in:
    https://scikit-learn.org/stable/modules/preprocessing.html
Please also refer to the documentation for alternative solver options:
    https://scikit-learn.org/stable/modules/linear_model.html#logistic-regression
  n_iter_i = _check_optimize_result(

2024-08-30 21:43:02,467:WARNING:C:\Users\surya\OneDrive\Desktop\Data Science Project\Breast Cancer\.venv\Lib\site-packages\sklearn\metrics\_classification.py:1561: UserWarning: Note that pos_label (set to 'M') is ignored when average != 'binary' (got 'weighted'). You may use labels=[pos_label] to specify a single positive class.
  warnings.warn(

2024-08-30 21:43:02,467:WARNING:C:\Users\surya\OneDrive\Desktop\Data Science Project\Breast Cancer\.venv\Lib\site-packages\sklearn\linear_model\_logistic.py:469: ConvergenceWarning: lbfgs failed to converge (status=1):
STOP: TOTAL NO. of ITERATIONS REACHED LIMIT.

Increase the number of iterations (max_iter) or scale the data as shown in:
    https://scikit-learn.org/stable/modules/preprocessing.html
Please also refer to the documentation for alternative solver options:
    https://scikit-learn.org/stable/modules/linear_model.html#logistic-regression
  n_iter_i = _check_optimize_result(

2024-08-30 21:43:02,470:WARNING:C:\Users\surya\OneDrive\Desktop\Data Science Project\Breast Cancer\.venv\Lib\site-packages\sklearn\metrics\_classification.py:1561: UserWarning: Note that pos_label (set to 'M') is ignored when average != 'binary' (got 'weighted'). You may use labels=[pos_label] to specify a single positive class.
  warnings.warn(

2024-08-30 21:43:02,474:WARNING:C:\Users\surya\OneDrive\Desktop\Data Science Project\Breast Cancer\.venv\Lib\site-packages\sklearn\metrics\_classification.py:1561: UserWarning: Note that pos_label (set to 'M') is ignored when average != 'binary' (got 'weighted'). You may use labels=[pos_label] to specify a single positive class.
  warnings.warn(

2024-08-30 21:43:02,484:WARNING:C:\Users\surya\OneDrive\Desktop\Data Science Project\Breast Cancer\.venv\Lib\site-packages\sklearn\metrics\_classification.py:1561: UserWarning: Note that pos_label (set to 'M') is ignored when average != 'binary' (got 'weighted'). You may use labels=[pos_label] to specify a single positive class.
  warnings.warn(

2024-08-30 21:43:02,487:WARNING:C:\Users\surya\OneDrive\Desktop\Data Science Project\Breast Cancer\.venv\Lib\site-packages\sklearn\metrics\_classification.py:1561: UserWarning: Note that pos_label (set to 'M') is ignored when average != 'binary' (got 'weighted'). You may use labels=[pos_label] to specify a single positive class.
  warnings.warn(

2024-08-30 21:43:02,490:WARNING:C:\Users\surya\OneDrive\Desktop\Data Science Project\Breast Cancer\.venv\Lib\site-packages\sklearn\metrics\_classification.py:1561: UserWarning: Note that pos_label (set to 'M') is ignored when average != 'binary' (got 'weighted'). You may use labels=[pos_label] to specify a single positive class.
  warnings.warn(

2024-08-30 21:43:02,491:WARNING:C:\Users\surya\OneDrive\Desktop\Data Science Project\Breast Cancer\.venv\Lib\site-packages\sklearn\metrics\_classification.py:1561: UserWarning: Note that pos_label (set to 'M') is ignored when average != 'binary' (got 'weighted'). You may use labels=[pos_label] to specify a single positive class.
  warnings.warn(

2024-08-30 21:43:02,492:WARNING:C:\Users\surya\OneDrive\Desktop\Data Science Project\Breast Cancer\.venv\Lib\site-packages\sklearn\linear_model\_logistic.py:469: ConvergenceWarning: lbfgs failed to converge (status=1):
STOP: TOTAL NO. of ITERATIONS REACHED LIMIT.

Increase the number of iterations (max_iter) or scale the data as shown in:
    https://scikit-learn.org/stable/modules/preprocessing.html
Please also refer to the documentation for alternative solver options:
    https://scikit-learn.org/stable/modules/linear_model.html#logistic-regression
  n_iter_i = _check_optimize_result(

2024-08-30 21:43:02,497:WARNING:C:\Users\surya\OneDrive\Desktop\Data Science Project\Breast Cancer\.venv\Lib\site-packages\sklearn\metrics\_classification.py:1561: UserWarning: Note that pos_label (set to 'M') is ignored when average != 'binary' (got 'weighted'). You may use labels=[pos_label] to specify a single positive class.
  warnings.warn(

2024-08-30 21:43:02,498:WARNING:C:\Users\surya\OneDrive\Desktop\Data Science Project\Breast Cancer\.venv\Lib\site-packages\sklearn\linear_model\_logistic.py:469: ConvergenceWarning: lbfgs failed to converge (status=1):
STOP: TOTAL NO. of ITERATIONS REACHED LIMIT.

Increase the number of iterations (max_iter) or scale the data as shown in:
    https://scikit-learn.org/stable/modules/preprocessing.html
Please also refer to the documentation for alternative solver options:
    https://scikit-learn.org/stable/modules/linear_model.html#logistic-regression
  n_iter_i = _check_optimize_result(

2024-08-30 21:43:02,502:WARNING:C:\Users\surya\OneDrive\Desktop\Data Science Project\Breast Cancer\.venv\Lib\site-packages\sklearn\metrics\_classification.py:1561: UserWarning: Note that pos_label (set to 'M') is ignored when average != 'binary' (got 'weighted'). You may use labels=[pos_label] to specify a single positive class.
  warnings.warn(

2024-08-30 21:43:02,503:WARNING:C:\Users\surya\OneDrive\Desktop\Data Science Project\Breast Cancer\.venv\Lib\site-packages\sklearn\linear_model\_logistic.py:469: ConvergenceWarning: lbfgs failed to converge (status=1):
STOP: TOTAL NO. of ITERATIONS REACHED LIMIT.

Increase the number of iterations (max_iter) or scale the data as shown in:
    https://scikit-learn.org/stable/modules/preprocessing.html
Please also refer to the documentation for alternative solver options:
    https://scikit-learn.org/stable/modules/linear_model.html#logistic-regression
  n_iter_i = _check_optimize_result(

2024-08-30 21:43:02,508:WARNING:C:\Users\surya\OneDrive\Desktop\Data Science Project\Breast Cancer\.venv\Lib\site-packages\sklearn\metrics\_classification.py:1561: UserWarning: Note that pos_label (set to 'M') is ignored when average != 'binary' (got 'weighted'). You may use labels=[pos_label] to specify a single positive class.
  warnings.warn(

2024-08-30 21:43:02,508:WARNING:C:\Users\surya\OneDrive\Desktop\Data Science Project\Breast Cancer\.venv\Lib\site-packages\sklearn\linear_model\_logistic.py:469: ConvergenceWarning: lbfgs failed to converge (status=1):
STOP: TOTAL NO. of ITERATIONS REACHED LIMIT.

Increase the number of iterations (max_iter) or scale the data as shown in:
    https://scikit-learn.org/stable/modules/preprocessing.html
Please also refer to the documentation for alternative solver options:
    https://scikit-learn.org/stable/modules/linear_model.html#logistic-regression
  n_iter_i = _check_optimize_result(

2024-08-30 21:43:02,511:WARNING:C:\Users\surya\OneDrive\Desktop\Data Science Project\Breast Cancer\.venv\Lib\site-packages\sklearn\metrics\_classification.py:1561: UserWarning: Note that pos_label (set to 'M') is ignored when average != 'binary' (got 'weighted'). You may use labels=[pos_label] to specify a single positive class.
  warnings.warn(

2024-08-30 21:43:02,513:WARNING:C:\Users\surya\OneDrive\Desktop\Data Science Project\Breast Cancer\.venv\Lib\site-packages\sklearn\metrics\_classification.py:1561: UserWarning: Note that pos_label (set to 'M') is ignored when average != 'binary' (got 'weighted'). You may use labels=[pos_label] to specify a single positive class.
  warnings.warn(

2024-08-30 21:43:02,515:WARNING:C:\Users\surya\OneDrive\Desktop\Data Science Project\Breast Cancer\.venv\Lib\site-packages\sklearn\metrics\_classification.py:1561: UserWarning: Note that pos_label (set to 'M') is ignored when average != 'binary' (got 'weighted'). You may use labels=[pos_label] to specify a single positive class.
  warnings.warn(

2024-08-30 21:43:02,516:WARNING:C:\Users\surya\OneDrive\Desktop\Data Science Project\Breast Cancer\.venv\Lib\site-packages\sklearn\linear_model\_logistic.py:469: ConvergenceWarning: lbfgs failed to converge (status=1):
STOP: TOTAL NO. of ITERATIONS REACHED LIMIT.

Increase the number of iterations (max_iter) or scale the data as shown in:
    https://scikit-learn.org/stable/modules/preprocessing.html
Please also refer to the documentation for alternative solver options:
    https://scikit-learn.org/stable/modules/linear_model.html#logistic-regression
  n_iter_i = _check_optimize_result(

2024-08-30 21:43:02,517:WARNING:C:\Users\surya\OneDrive\Desktop\Data Science Project\Breast Cancer\.venv\Lib\site-packages\sklearn\metrics\_classification.py:1561: UserWarning: Note that pos_label (set to 'M') is ignored when average != 'binary' (got 'weighted'). You may use labels=[pos_label] to specify a single positive class.
  warnings.warn(

2024-08-30 21:43:02,518:WARNING:C:\Users\surya\OneDrive\Desktop\Data Science Project\Breast Cancer\.venv\Lib\site-packages\sklearn\metrics\_classification.py:1561: UserWarning: Note that pos_label (set to 'M') is ignored when average != 'binary' (got 'weighted'). You may use labels=[pos_label] to specify a single positive class.
  warnings.warn(

2024-08-30 21:43:02,519:WARNING:C:\Users\surya\OneDrive\Desktop\Data Science Project\Breast Cancer\.venv\Lib\site-packages\sklearn\metrics\_classification.py:1561: UserWarning: Note that pos_label (set to 'M') is ignored when average != 'binary' (got 'weighted'). You may use labels=[pos_label] to specify a single positive class.
  warnings.warn(

2024-08-30 21:43:02,521:WARNING:C:\Users\surya\OneDrive\Desktop\Data Science Project\Breast Cancer\.venv\Lib\site-packages\sklearn\metrics\_classification.py:1561: UserWarning: Note that pos_label (set to 'M') is ignored when average != 'binary' (got 'weighted'). You may use labels=[pos_label] to specify a single positive class.
  warnings.warn(

2024-08-30 21:43:02,524:WARNING:C:\Users\surya\OneDrive\Desktop\Data Science Project\Breast Cancer\.venv\Lib\site-packages\sklearn\metrics\_classification.py:1561: UserWarning: Note that pos_label (set to 'M') is ignored when average != 'binary' (got 'weighted'). You may use labels=[pos_label] to specify a single positive class.
  warnings.warn(

2024-08-30 21:43:02,525:WARNING:C:\Users\surya\OneDrive\Desktop\Data Science Project\Breast Cancer\.venv\Lib\site-packages\sklearn\metrics\_classification.py:1561: UserWarning: Note that pos_label (set to 'M') is ignored when average != 'binary' (got 'weighted'). You may use labels=[pos_label] to specify a single positive class.
  warnings.warn(

2024-08-30 21:43:02,528:WARNING:C:\Users\surya\OneDrive\Desktop\Data Science Project\Breast Cancer\.venv\Lib\site-packages\sklearn\metrics\_classification.py:1561: UserWarning: Note that pos_label (set to 'M') is ignored when average != 'binary' (got 'weighted'). You may use labels=[pos_label] to specify a single positive class.
  warnings.warn(

2024-08-30 21:43:02,532:WARNING:C:\Users\surya\OneDrive\Desktop\Data Science Project\Breast Cancer\.venv\Lib\site-packages\sklearn\metrics\_classification.py:1561: UserWarning: Note that pos_label (set to 'M') is ignored when average != 'binary' (got 'weighted'). You may use labels=[pos_label] to specify a single positive class.
  warnings.warn(

2024-08-30 21:43:02,537:WARNING:C:\Users\surya\OneDrive\Desktop\Data Science Project\Breast Cancer\.venv\Lib\site-packages\sklearn\metrics\_classification.py:1561: UserWarning: Note that pos_label (set to 'M') is ignored when average != 'binary' (got 'weighted'). You may use labels=[pos_label] to specify a single positive class.
  warnings.warn(

2024-08-30 21:43:02,540:WARNING:C:\Users\surya\OneDrive\Desktop\Data Science Project\Breast Cancer\.venv\Lib\site-packages\sklearn\metrics\_classification.py:1561: UserWarning: Note that pos_label (set to 'M') is ignored when average != 'binary' (got 'weighted'). You may use labels=[pos_label] to specify a single positive class.
  warnings.warn(

2024-08-30 21:43:02,544:WARNING:C:\Users\surya\OneDrive\Desktop\Data Science Project\Breast Cancer\.venv\Lib\site-packages\sklearn\metrics\_classification.py:1561: UserWarning: Note that pos_label (set to 'M') is ignored when average != 'binary' (got 'weighted'). You may use labels=[pos_label] to specify a single positive class.
  warnings.warn(

2024-08-30 21:43:02,557:INFO:Calculating mean and std
2024-08-30 21:43:02,558:INFO:Creating metrics dataframe
2024-08-30 21:43:02,561:INFO:Uploading results into container
2024-08-30 21:43:02,562:INFO:Uploading model into container now
2024-08-30 21:43:02,563:INFO:_master_model_container: 1
2024-08-30 21:43:02,563:INFO:_display_container: 2
2024-08-30 21:43:02,564:INFO:LogisticRegression(C=1.0, class_weight=None, dual=False, fit_intercept=True,
                   intercept_scaling=1, l1_ratio=None, max_iter=1000,
                   multi_class='auto', n_jobs=None, penalty='l2',
                   random_state=5634, solver='lbfgs', tol=0.0001, verbose=0,
                   warm_start=False)
2024-08-30 21:43:02,564:INFO:create_model() successfully completed......................................
2024-08-30 21:43:02,678:INFO:SubProcess create_model() end ==================================
2024-08-30 21:43:02,678:INFO:Creating metrics dataframe
2024-08-30 21:43:02,680:INFO:Initializing K Neighbors Classifier
2024-08-30 21:43:02,680:INFO:Total runtime is 0.06467114686965943 minutes
2024-08-30 21:43:02,680:INFO:SubProcess create_model() called ==================================
2024-08-30 21:43:02,680:INFO:Initializing create_model()
2024-08-30 21:43:02,680:INFO:create_model(self=<pycaret.classification.oop.ClassificationExperiment object at 0x0000019F2A4B6F50>, estimator=knn, fold=StratifiedKFold(n_splits=10, random_state=None, shuffle=False), round=4, cross_validation=True, predict=True, fit_kwargs={}, groups=None, refit=False, probability_threshold=None, experiment_custom_tags=None, verbose=False, system=False, add_to_model_list=True, metrics=None, display=<pycaret.internal.display.display.CommonDisplay object at 0x0000019F2A30DD50>, model_only=True, return_train_score=False, error_score=0.0, kwargs={})
2024-08-30 21:43:02,680:INFO:Checking exceptions
2024-08-30 21:43:02,680:INFO:Importing libraries
2024-08-30 21:43:02,681:INFO:Copying training dataset
2024-08-30 21:43:02,686:INFO:Defining folds
2024-08-30 21:43:02,686:INFO:Declaring metric variables
2024-08-30 21:43:02,686:INFO:Importing untrained model
2024-08-30 21:43:02,686:INFO:K Neighbors Classifier Imported successfully
2024-08-30 21:43:02,686:INFO:Starting cross validation
2024-08-30 21:43:02,687:INFO:Cross validating with StratifiedKFold(n_splits=10, random_state=None, shuffle=False), n_jobs=-1
2024-08-30 21:43:02,851:WARNING:C:\Users\surya\OneDrive\Desktop\Data Science Project\Breast Cancer\.venv\Lib\site-packages\sklearn\metrics\_classification.py:1561: UserWarning: Note that pos_label (set to 'M') is ignored when average != 'binary' (got 'weighted'). You may use labels=[pos_label] to specify a single positive class.
  warnings.warn(

2024-08-30 21:43:02,855:WARNING:C:\Users\surya\OneDrive\Desktop\Data Science Project\Breast Cancer\.venv\Lib\site-packages\sklearn\metrics\_classification.py:1561: UserWarning: Note that pos_label (set to 'M') is ignored when average != 'binary' (got 'weighted'). You may use labels=[pos_label] to specify a single positive class.
  warnings.warn(

2024-08-30 21:43:02,858:WARNING:C:\Users\surya\OneDrive\Desktop\Data Science Project\Breast Cancer\.venv\Lib\site-packages\sklearn\metrics\_classification.py:1561: UserWarning: Note that pos_label (set to 'M') is ignored when average != 'binary' (got 'weighted'). You may use labels=[pos_label] to specify a single positive class.
  warnings.warn(

2024-08-30 21:43:02,860:WARNING:C:\Users\surya\OneDrive\Desktop\Data Science Project\Breast Cancer\.venv\Lib\site-packages\sklearn\metrics\_classification.py:1561: UserWarning: Note that pos_label (set to 'M') is ignored when average != 'binary' (got 'weighted'). You may use labels=[pos_label] to specify a single positive class.
  warnings.warn(

2024-08-30 21:43:02,865:WARNING:C:\Users\surya\OneDrive\Desktop\Data Science Project\Breast Cancer\.venv\Lib\site-packages\sklearn\metrics\_classification.py:1561: UserWarning: Note that pos_label (set to 'M') is ignored when average != 'binary' (got 'weighted'). You may use labels=[pos_label] to specify a single positive class.
  warnings.warn(

2024-08-30 21:43:02,866:WARNING:C:\Users\surya\OneDrive\Desktop\Data Science Project\Breast Cancer\.venv\Lib\site-packages\sklearn\metrics\_classification.py:1561: UserWarning: Note that pos_label (set to 'M') is ignored when average != 'binary' (got 'weighted'). You may use labels=[pos_label] to specify a single positive class.
  warnings.warn(

2024-08-30 21:43:02,869:WARNING:C:\Users\surya\OneDrive\Desktop\Data Science Project\Breast Cancer\.venv\Lib\site-packages\sklearn\metrics\_classification.py:1561: UserWarning: Note that pos_label (set to 'M') is ignored when average != 'binary' (got 'weighted'). You may use labels=[pos_label] to specify a single positive class.
  warnings.warn(

2024-08-30 21:43:02,869:WARNING:C:\Users\surya\OneDrive\Desktop\Data Science Project\Breast Cancer\.venv\Lib\site-packages\sklearn\metrics\_classification.py:1561: UserWarning: Note that pos_label (set to 'M') is ignored when average != 'binary' (got 'weighted'). You may use labels=[pos_label] to specify a single positive class.
  warnings.warn(

2024-08-30 21:43:02,873:WARNING:C:\Users\surya\OneDrive\Desktop\Data Science Project\Breast Cancer\.venv\Lib\site-packages\sklearn\metrics\_classification.py:1561: UserWarning: Note that pos_label (set to 'M') is ignored when average != 'binary' (got 'weighted'). You may use labels=[pos_label] to specify a single positive class.
  warnings.warn(

2024-08-30 21:43:02,874:WARNING:C:\Users\surya\OneDrive\Desktop\Data Science Project\Breast Cancer\.venv\Lib\site-packages\sklearn\metrics\_classification.py:1561: UserWarning: Note that pos_label (set to 'M') is ignored when average != 'binary' (got 'weighted'). You may use labels=[pos_label] to specify a single positive class.
  warnings.warn(

2024-08-30 21:43:02,880:WARNING:C:\Users\surya\OneDrive\Desktop\Data Science Project\Breast Cancer\.venv\Lib\site-packages\sklearn\metrics\_classification.py:1561: UserWarning: Note that pos_label (set to 'M') is ignored when average != 'binary' (got 'weighted'). You may use labels=[pos_label] to specify a single positive class.
  warnings.warn(

2024-08-30 21:43:02,883:WARNING:C:\Users\surya\OneDrive\Desktop\Data Science Project\Breast Cancer\.venv\Lib\site-packages\sklearn\metrics\_classification.py:1561: UserWarning: Note that pos_label (set to 'M') is ignored when average != 'binary' (got 'weighted'). You may use labels=[pos_label] to specify a single positive class.
  warnings.warn(

2024-08-30 21:43:05,007:WARNING:C:\Users\surya\OneDrive\Desktop\Data Science Project\Breast Cancer\.venv\Lib\site-packages\sklearn\metrics\_classification.py:1561: UserWarning: Note that pos_label (set to 'M') is ignored when average != 'binary' (got 'weighted'). You may use labels=[pos_label] to specify a single positive class.
  warnings.warn(

2024-08-30 21:43:05,009:WARNING:C:\Users\surya\OneDrive\Desktop\Data Science Project\Breast Cancer\.venv\Lib\site-packages\sklearn\metrics\_classification.py:1561: UserWarning: Note that pos_label (set to 'M') is ignored when average != 'binary' (got 'weighted'). You may use labels=[pos_label] to specify a single positive class.
  warnings.warn(

2024-08-30 21:43:05,011:WARNING:C:\Users\surya\OneDrive\Desktop\Data Science Project\Breast Cancer\.venv\Lib\site-packages\sklearn\metrics\_classification.py:1561: UserWarning: Note that pos_label (set to 'M') is ignored when average != 'binary' (got 'weighted'). You may use labels=[pos_label] to specify a single positive class.
  warnings.warn(

2024-08-30 21:43:05,041:WARNING:C:\Users\surya\OneDrive\Desktop\Data Science Project\Breast Cancer\.venv\Lib\site-packages\sklearn\metrics\_classification.py:1561: UserWarning: Note that pos_label (set to 'M') is ignored when average != 'binary' (got 'weighted'). You may use labels=[pos_label] to specify a single positive class.
  warnings.warn(

2024-08-30 21:43:05,042:WARNING:C:\Users\surya\OneDrive\Desktop\Data Science Project\Breast Cancer\.venv\Lib\site-packages\sklearn\metrics\_classification.py:1561: UserWarning: Note that pos_label (set to 'M') is ignored when average != 'binary' (got 'weighted'). You may use labels=[pos_label] to specify a single positive class.
  warnings.warn(

2024-08-30 21:43:05,044:WARNING:C:\Users\surya\OneDrive\Desktop\Data Science Project\Breast Cancer\.venv\Lib\site-packages\sklearn\metrics\_classification.py:1561: UserWarning: Note that pos_label (set to 'M') is ignored when average != 'binary' (got 'weighted'). You may use labels=[pos_label] to specify a single positive class.
  warnings.warn(

2024-08-30 21:43:05,045:WARNING:C:\Users\surya\OneDrive\Desktop\Data Science Project\Breast Cancer\.venv\Lib\site-packages\sklearn\metrics\_classification.py:1561: UserWarning: Note that pos_label (set to 'M') is ignored when average != 'binary' (got 'weighted'). You may use labels=[pos_label] to specify a single positive class.
  warnings.warn(

2024-08-30 21:43:05,047:WARNING:C:\Users\surya\OneDrive\Desktop\Data Science Project\Breast Cancer\.venv\Lib\site-packages\sklearn\metrics\_classification.py:1561: UserWarning: Note that pos_label (set to 'M') is ignored when average != 'binary' (got 'weighted'). You may use labels=[pos_label] to specify a single positive class.
  warnings.warn(

2024-08-30 21:43:05,047:WARNING:C:\Users\surya\OneDrive\Desktop\Data Science Project\Breast Cancer\.venv\Lib\site-packages\sklearn\metrics\_classification.py:1561: UserWarning: Note that pos_label (set to 'M') is ignored when average != 'binary' (got 'weighted'). You may use labels=[pos_label] to specify a single positive class.
  warnings.warn(

2024-08-30 21:43:05,047:WARNING:C:\Users\surya\OneDrive\Desktop\Data Science Project\Breast Cancer\.venv\Lib\site-packages\sklearn\metrics\_classification.py:1561: UserWarning: Note that pos_label (set to 'M') is ignored when average != 'binary' (got 'weighted'). You may use labels=[pos_label] to specify a single positive class.
  warnings.warn(

2024-08-30 21:43:05,050:WARNING:C:\Users\surya\OneDrive\Desktop\Data Science Project\Breast Cancer\.venv\Lib\site-packages\sklearn\metrics\_classification.py:1561: UserWarning: Note that pos_label (set to 'M') is ignored when average != 'binary' (got 'weighted'). You may use labels=[pos_label] to specify a single positive class.
  warnings.warn(

2024-08-30 21:43:05,053:WARNING:C:\Users\surya\OneDrive\Desktop\Data Science Project\Breast Cancer\.venv\Lib\site-packages\sklearn\metrics\_classification.py:1561: UserWarning: Note that pos_label (set to 'M') is ignored when average != 'binary' (got 'weighted'). You may use labels=[pos_label] to specify a single positive class.
  warnings.warn(

2024-08-30 21:43:05,060:WARNING:C:\Users\surya\OneDrive\Desktop\Data Science Project\Breast Cancer\.venv\Lib\site-packages\sklearn\metrics\_classification.py:1561: UserWarning: Note that pos_label (set to 'M') is ignored when average != 'binary' (got 'weighted'). You may use labels=[pos_label] to specify a single positive class.
  warnings.warn(

2024-08-30 21:43:05,065:WARNING:C:\Users\surya\OneDrive\Desktop\Data Science Project\Breast Cancer\.venv\Lib\site-packages\sklearn\metrics\_classification.py:1561: UserWarning: Note that pos_label (set to 'M') is ignored when average != 'binary' (got 'weighted'). You may use labels=[pos_label] to specify a single positive class.
  warnings.warn(

2024-08-30 21:43:05,067:WARNING:C:\Users\surya\OneDrive\Desktop\Data Science Project\Breast Cancer\.venv\Lib\site-packages\sklearn\metrics\_classification.py:1561: UserWarning: Note that pos_label (set to 'M') is ignored when average != 'binary' (got 'weighted'). You may use labels=[pos_label] to specify a single positive class.
  warnings.warn(

2024-08-30 21:43:05,075:WARNING:C:\Users\surya\OneDrive\Desktop\Data Science Project\Breast Cancer\.venv\Lib\site-packages\sklearn\metrics\_classification.py:1561: UserWarning: Note that pos_label (set to 'M') is ignored when average != 'binary' (got 'weighted'). You may use labels=[pos_label] to specify a single positive class.
  warnings.warn(

2024-08-30 21:43:05,078:WARNING:C:\Users\surya\OneDrive\Desktop\Data Science Project\Breast Cancer\.venv\Lib\site-packages\sklearn\metrics\_classification.py:1561: UserWarning: Note that pos_label (set to 'M') is ignored when average != 'binary' (got 'weighted'). You may use labels=[pos_label] to specify a single positive class.
  warnings.warn(

2024-08-30 21:43:05,081:WARNING:C:\Users\surya\OneDrive\Desktop\Data Science Project\Breast Cancer\.venv\Lib\site-packages\sklearn\metrics\_classification.py:1561: UserWarning: Note that pos_label (set to 'M') is ignored when average != 'binary' (got 'weighted'). You may use labels=[pos_label] to specify a single positive class.
  warnings.warn(

2024-08-30 21:43:05,092:INFO:Calculating mean and std
2024-08-30 21:43:05,093:INFO:Creating metrics dataframe
2024-08-30 21:43:05,096:INFO:Uploading results into container
2024-08-30 21:43:05,097:INFO:Uploading model into container now
2024-08-30 21:43:05,097:INFO:_master_model_container: 2
2024-08-30 21:43:05,097:INFO:_display_container: 2
2024-08-30 21:43:05,097:INFO:KNeighborsClassifier(algorithm='auto', leaf_size=30, metric='minkowski',
                     metric_params=None, n_jobs=-1, n_neighbors=5, p=2,
                     weights='uniform')
2024-08-30 21:43:05,097:INFO:create_model() successfully completed......................................
2024-08-30 21:43:05,192:INFO:SubProcess create_model() end ==================================
2024-08-30 21:43:05,193:INFO:Creating metrics dataframe
2024-08-30 21:43:05,195:INFO:Initializing Naive Bayes
2024-08-30 21:43:05,195:INFO:Total runtime is 0.10658448934555054 minutes
2024-08-30 21:43:05,195:INFO:SubProcess create_model() called ==================================
2024-08-30 21:43:05,195:INFO:Initializing create_model()
2024-08-30 21:43:05,195:INFO:create_model(self=<pycaret.classification.oop.ClassificationExperiment object at 0x0000019F2A4B6F50>, estimator=nb, fold=StratifiedKFold(n_splits=10, random_state=None, shuffle=False), round=4, cross_validation=True, predict=True, fit_kwargs={}, groups=None, refit=False, probability_threshold=None, experiment_custom_tags=None, verbose=False, system=False, add_to_model_list=True, metrics=None, display=<pycaret.internal.display.display.CommonDisplay object at 0x0000019F2A30DD50>, model_only=True, return_train_score=False, error_score=0.0, kwargs={})
2024-08-30 21:43:05,195:INFO:Checking exceptions
2024-08-30 21:43:05,195:INFO:Importing libraries
2024-08-30 21:43:05,195:INFO:Copying training dataset
2024-08-30 21:43:05,200:INFO:Defining folds
2024-08-30 21:43:05,200:INFO:Declaring metric variables
2024-08-30 21:43:05,200:INFO:Importing untrained model
2024-08-30 21:43:05,200:INFO:Naive Bayes Imported successfully
2024-08-30 21:43:05,200:INFO:Starting cross validation
2024-08-30 21:43:05,201:INFO:Cross validating with StratifiedKFold(n_splits=10, random_state=None, shuffle=False), n_jobs=-1
2024-08-30 21:43:05,244:WARNING:C:\Users\surya\OneDrive\Desktop\Data Science Project\Breast Cancer\.venv\Lib\site-packages\sklearn\metrics\_classification.py:1561: UserWarning: Note that pos_label (set to 'M') is ignored when average != 'binary' (got 'weighted'). You may use labels=[pos_label] to specify a single positive class.
  warnings.warn(

2024-08-30 21:43:05,248:WARNING:C:\Users\surya\OneDrive\Desktop\Data Science Project\Breast Cancer\.venv\Lib\site-packages\sklearn\metrics\_classification.py:1561: UserWarning: Note that pos_label (set to 'M') is ignored when average != 'binary' (got 'weighted'). You may use labels=[pos_label] to specify a single positive class.
  warnings.warn(

2024-08-30 21:43:05,248:WARNING:C:\Users\surya\OneDrive\Desktop\Data Science Project\Breast Cancer\.venv\Lib\site-packages\sklearn\metrics\_classification.py:1561: UserWarning: Note that pos_label (set to 'M') is ignored when average != 'binary' (got 'weighted'). You may use labels=[pos_label] to specify a single positive class.
  warnings.warn(

2024-08-30 21:43:05,248:WARNING:C:\Users\surya\OneDrive\Desktop\Data Science Project\Breast Cancer\.venv\Lib\site-packages\sklearn\metrics\_classification.py:1561: UserWarning: Note that pos_label (set to 'M') is ignored when average != 'binary' (got 'weighted'). You may use labels=[pos_label] to specify a single positive class.
  warnings.warn(

2024-08-30 21:43:05,249:WARNING:C:\Users\surya\OneDrive\Desktop\Data Science Project\Breast Cancer\.venv\Lib\site-packages\sklearn\metrics\_classification.py:1561: UserWarning: Note that pos_label (set to 'M') is ignored when average != 'binary' (got 'weighted'). You may use labels=[pos_label] to specify a single positive class.
  warnings.warn(

2024-08-30 21:43:05,251:WARNING:C:\Users\surya\OneDrive\Desktop\Data Science Project\Breast Cancer\.venv\Lib\site-packages\sklearn\metrics\_classification.py:1561: UserWarning: Note that pos_label (set to 'M') is ignored when average != 'binary' (got 'weighted'). You may use labels=[pos_label] to specify a single positive class.
  warnings.warn(

2024-08-30 21:43:05,251:WARNING:C:\Users\surya\OneDrive\Desktop\Data Science Project\Breast Cancer\.venv\Lib\site-packages\sklearn\metrics\_classification.py:1561: UserWarning: Note that pos_label (set to 'M') is ignored when average != 'binary' (got 'weighted'). You may use labels=[pos_label] to specify a single positive class.
  warnings.warn(

2024-08-30 21:43:05,252:WARNING:C:\Users\surya\OneDrive\Desktop\Data Science Project\Breast Cancer\.venv\Lib\site-packages\sklearn\metrics\_classification.py:1561: UserWarning: Note that pos_label (set to 'M') is ignored when average != 'binary' (got 'weighted'). You may use labels=[pos_label] to specify a single positive class.
  warnings.warn(

2024-08-30 21:43:05,252:WARNING:C:\Users\surya\OneDrive\Desktop\Data Science Project\Breast Cancer\.venv\Lib\site-packages\sklearn\metrics\_classification.py:1561: UserWarning: Note that pos_label (set to 'M') is ignored when average != 'binary' (got 'weighted'). You may use labels=[pos_label] to specify a single positive class.
  warnings.warn(

2024-08-30 21:43:05,254:WARNING:C:\Users\surya\OneDrive\Desktop\Data Science Project\Breast Cancer\.venv\Lib\site-packages\sklearn\metrics\_classification.py:1561: UserWarning: Note that pos_label (set to 'M') is ignored when average != 'binary' (got 'weighted'). You may use labels=[pos_label] to specify a single positive class.
  warnings.warn(

2024-08-30 21:43:05,255:WARNING:C:\Users\surya\OneDrive\Desktop\Data Science Project\Breast Cancer\.venv\Lib\site-packages\sklearn\metrics\_classification.py:1561: UserWarning: Note that pos_label (set to 'M') is ignored when average != 'binary' (got 'weighted'). You may use labels=[pos_label] to specify a single positive class.
  warnings.warn(

2024-08-30 21:43:05,257:WARNING:C:\Users\surya\OneDrive\Desktop\Data Science Project\Breast Cancer\.venv\Lib\site-packages\sklearn\metrics\_classification.py:1561: UserWarning: Note that pos_label (set to 'M') is ignored when average != 'binary' (got 'weighted'). You may use labels=[pos_label] to specify a single positive class.
  warnings.warn(

2024-08-30 21:43:05,257:WARNING:C:\Users\surya\OneDrive\Desktop\Data Science Project\Breast Cancer\.venv\Lib\site-packages\sklearn\metrics\_classification.py:1561: UserWarning: Note that pos_label (set to 'M') is ignored when average != 'binary' (got 'weighted'). You may use labels=[pos_label] to specify a single positive class.
  warnings.warn(

2024-08-30 21:43:05,258:WARNING:C:\Users\surya\OneDrive\Desktop\Data Science Project\Breast Cancer\.venv\Lib\site-packages\sklearn\metrics\_classification.py:1561: UserWarning: Note that pos_label (set to 'M') is ignored when average != 'binary' (got 'weighted'). You may use labels=[pos_label] to specify a single positive class.
  warnings.warn(

2024-08-30 21:43:05,260:WARNING:C:\Users\surya\OneDrive\Desktop\Data Science Project\Breast Cancer\.venv\Lib\site-packages\sklearn\metrics\_classification.py:1561: UserWarning: Note that pos_label (set to 'M') is ignored when average != 'binary' (got 'weighted'). You may use labels=[pos_label] to specify a single positive class.
  warnings.warn(

2024-08-30 21:43:05,264:WARNING:C:\Users\surya\OneDrive\Desktop\Data Science Project\Breast Cancer\.venv\Lib\site-packages\sklearn\metrics\_classification.py:1561: UserWarning: Note that pos_label (set to 'M') is ignored when average != 'binary' (got 'weighted'). You may use labels=[pos_label] to specify a single positive class.
  warnings.warn(

2024-08-30 21:43:05,264:WARNING:C:\Users\surya\OneDrive\Desktop\Data Science Project\Breast Cancer\.venv\Lib\site-packages\sklearn\metrics\_classification.py:1561: UserWarning: Note that pos_label (set to 'M') is ignored when average != 'binary' (got 'weighted'). You may use labels=[pos_label] to specify a single positive class.
  warnings.warn(

2024-08-30 21:43:05,265:WARNING:C:\Users\surya\OneDrive\Desktop\Data Science Project\Breast Cancer\.venv\Lib\site-packages\sklearn\metrics\_classification.py:1561: UserWarning: Note that pos_label (set to 'M') is ignored when average != 'binary' (got 'weighted'). You may use labels=[pos_label] to specify a single positive class.
  warnings.warn(

2024-08-30 21:43:05,266:WARNING:C:\Users\surya\OneDrive\Desktop\Data Science Project\Breast Cancer\.venv\Lib\site-packages\sklearn\metrics\_classification.py:1561: UserWarning: Note that pos_label (set to 'M') is ignored when average != 'binary' (got 'weighted'). You may use labels=[pos_label] to specify a single positive class.
  warnings.warn(

2024-08-30 21:43:05,267:WARNING:C:\Users\surya\OneDrive\Desktop\Data Science Project\Breast Cancer\.venv\Lib\site-packages\sklearn\metrics\_classification.py:1561: UserWarning: Note that pos_label (set to 'M') is ignored when average != 'binary' (got 'weighted'). You may use labels=[pos_label] to specify a single positive class.
  warnings.warn(

2024-08-30 21:43:05,267:WARNING:C:\Users\surya\OneDrive\Desktop\Data Science Project\Breast Cancer\.venv\Lib\site-packages\sklearn\metrics\_classification.py:1561: UserWarning: Note that pos_label (set to 'M') is ignored when average != 'binary' (got 'weighted'). You may use labels=[pos_label] to specify a single positive class.
  warnings.warn(

2024-08-30 21:43:05,268:WARNING:C:\Users\surya\OneDrive\Desktop\Data Science Project\Breast Cancer\.venv\Lib\site-packages\sklearn\metrics\_classification.py:1561: UserWarning: Note that pos_label (set to 'M') is ignored when average != 'binary' (got 'weighted'). You may use labels=[pos_label] to specify a single positive class.
  warnings.warn(

2024-08-30 21:43:05,269:WARNING:C:\Users\surya\OneDrive\Desktop\Data Science Project\Breast Cancer\.venv\Lib\site-packages\sklearn\metrics\_classification.py:1561: UserWarning: Note that pos_label (set to 'M') is ignored when average != 'binary' (got 'weighted'). You may use labels=[pos_label] to specify a single positive class.
  warnings.warn(

2024-08-30 21:43:05,269:WARNING:C:\Users\surya\OneDrive\Desktop\Data Science Project\Breast Cancer\.venv\Lib\site-packages\sklearn\metrics\_classification.py:1561: UserWarning: Note that pos_label (set to 'M') is ignored when average != 'binary' (got 'weighted'). You may use labels=[pos_label] to specify a single positive class.
  warnings.warn(

2024-08-30 21:43:05,269:WARNING:C:\Users\surya\OneDrive\Desktop\Data Science Project\Breast Cancer\.venv\Lib\site-packages\sklearn\metrics\_classification.py:1561: UserWarning: Note that pos_label (set to 'M') is ignored when average != 'binary' (got 'weighted'). You may use labels=[pos_label] to specify a single positive class.
  warnings.warn(

2024-08-30 21:43:05,272:WARNING:C:\Users\surya\OneDrive\Desktop\Data Science Project\Breast Cancer\.venv\Lib\site-packages\sklearn\metrics\_classification.py:1561: UserWarning: Note that pos_label (set to 'M') is ignored when average != 'binary' (got 'weighted'). You may use labels=[pos_label] to specify a single positive class.
  warnings.warn(

2024-08-30 21:43:05,274:WARNING:C:\Users\surya\OneDrive\Desktop\Data Science Project\Breast Cancer\.venv\Lib\site-packages\sklearn\metrics\_classification.py:1561: UserWarning: Note that pos_label (set to 'M') is ignored when average != 'binary' (got 'weighted'). You may use labels=[pos_label] to specify a single positive class.
  warnings.warn(

2024-08-30 21:43:05,281:INFO:Calculating mean and std
2024-08-30 21:43:05,281:INFO:Creating metrics dataframe
2024-08-30 21:43:05,283:INFO:Uploading results into container
2024-08-30 21:43:05,283:INFO:Uploading model into container now
2024-08-30 21:43:05,283:INFO:_master_model_container: 3
2024-08-30 21:43:05,283:INFO:_display_container: 2
2024-08-30 21:43:05,283:INFO:GaussianNB(priors=None, var_smoothing=1e-09)
2024-08-30 21:43:05,283:INFO:create_model() successfully completed......................................
2024-08-30 21:43:05,366:INFO:SubProcess create_model() end ==================================
2024-08-30 21:43:05,366:INFO:Creating metrics dataframe
2024-08-30 21:43:05,367:INFO:Initializing Decision Tree Classifier
2024-08-30 21:43:05,368:INFO:Total runtime is 0.10947753588358561 minutes
2024-08-30 21:43:05,368:INFO:SubProcess create_model() called ==================================
2024-08-30 21:43:05,368:INFO:Initializing create_model()
2024-08-30 21:43:05,368:INFO:create_model(self=<pycaret.classification.oop.ClassificationExperiment object at 0x0000019F2A4B6F50>, estimator=dt, fold=StratifiedKFold(n_splits=10, random_state=None, shuffle=False), round=4, cross_validation=True, predict=True, fit_kwargs={}, groups=None, refit=False, probability_threshold=None, experiment_custom_tags=None, verbose=False, system=False, add_to_model_list=True, metrics=None, display=<pycaret.internal.display.display.CommonDisplay object at 0x0000019F2A30DD50>, model_only=True, return_train_score=False, error_score=0.0, kwargs={})
2024-08-30 21:43:05,368:INFO:Checking exceptions
2024-08-30 21:43:05,368:INFO:Importing libraries
2024-08-30 21:43:05,368:INFO:Copying training dataset
2024-08-30 21:43:05,372:INFO:Defining folds
2024-08-30 21:43:05,372:INFO:Declaring metric variables
2024-08-30 21:43:05,372:INFO:Importing untrained model
2024-08-30 21:43:05,373:INFO:Decision Tree Classifier Imported successfully
2024-08-30 21:43:05,373:INFO:Starting cross validation
2024-08-30 21:43:05,373:INFO:Cross validating with StratifiedKFold(n_splits=10, random_state=None, shuffle=False), n_jobs=-1
2024-08-30 21:43:05,413:WARNING:C:\Users\surya\OneDrive\Desktop\Data Science Project\Breast Cancer\.venv\Lib\site-packages\sklearn\metrics\_classification.py:1561: UserWarning: Note that pos_label (set to 'M') is ignored when average != 'binary' (got 'weighted'). You may use labels=[pos_label] to specify a single positive class.
  warnings.warn(

2024-08-30 21:43:05,417:WARNING:C:\Users\surya\OneDrive\Desktop\Data Science Project\Breast Cancer\.venv\Lib\site-packages\sklearn\metrics\_classification.py:1561: UserWarning: Note that pos_label (set to 'M') is ignored when average != 'binary' (got 'weighted'). You may use labels=[pos_label] to specify a single positive class.
  warnings.warn(

2024-08-30 21:43:05,422:WARNING:C:\Users\surya\OneDrive\Desktop\Data Science Project\Breast Cancer\.venv\Lib\site-packages\sklearn\metrics\_classification.py:1561: UserWarning: Note that pos_label (set to 'M') is ignored when average != 'binary' (got 'weighted'). You may use labels=[pos_label] to specify a single positive class.
  warnings.warn(

2024-08-30 21:43:05,423:WARNING:C:\Users\surya\OneDrive\Desktop\Data Science Project\Breast Cancer\.venv\Lib\site-packages\sklearn\metrics\_classification.py:1561: UserWarning: Note that pos_label (set to 'M') is ignored when average != 'binary' (got 'weighted'). You may use labels=[pos_label] to specify a single positive class.
  warnings.warn(

2024-08-30 21:43:05,423:WARNING:C:\Users\surya\OneDrive\Desktop\Data Science Project\Breast Cancer\.venv\Lib\site-packages\sklearn\metrics\_classification.py:1561: UserWarning: Note that pos_label (set to 'M') is ignored when average != 'binary' (got 'weighted'). You may use labels=[pos_label] to specify a single positive class.
  warnings.warn(

2024-08-30 21:43:05,426:WARNING:C:\Users\surya\OneDrive\Desktop\Data Science Project\Breast Cancer\.venv\Lib\site-packages\sklearn\metrics\_classification.py:1561: UserWarning: Note that pos_label (set to 'M') is ignored when average != 'binary' (got 'weighted'). You may use labels=[pos_label] to specify a single positive class.
  warnings.warn(

2024-08-30 21:43:05,427:WARNING:C:\Users\surya\OneDrive\Desktop\Data Science Project\Breast Cancer\.venv\Lib\site-packages\sklearn\metrics\_classification.py:1561: UserWarning: Note that pos_label (set to 'M') is ignored when average != 'binary' (got 'weighted'). You may use labels=[pos_label] to specify a single positive class.
  warnings.warn(

2024-08-30 21:43:05,427:WARNING:C:\Users\surya\OneDrive\Desktop\Data Science Project\Breast Cancer\.venv\Lib\site-packages\sklearn\metrics\_classification.py:1561: UserWarning: Note that pos_label (set to 'M') is ignored when average != 'binary' (got 'weighted'). You may use labels=[pos_label] to specify a single positive class.
  warnings.warn(

2024-08-30 21:43:05,430:WARNING:C:\Users\surya\OneDrive\Desktop\Data Science Project\Breast Cancer\.venv\Lib\site-packages\sklearn\metrics\_classification.py:1561: UserWarning: Note that pos_label (set to 'M') is ignored when average != 'binary' (got 'weighted'). You may use labels=[pos_label] to specify a single positive class.
  warnings.warn(

2024-08-30 21:43:05,430:WARNING:C:\Users\surya\OneDrive\Desktop\Data Science Project\Breast Cancer\.venv\Lib\site-packages\sklearn\metrics\_classification.py:1561: UserWarning: Note that pos_label (set to 'M') is ignored when average != 'binary' (got 'weighted'). You may use labels=[pos_label] to specify a single positive class.
  warnings.warn(

2024-08-30 21:43:05,431:WARNING:C:\Users\surya\OneDrive\Desktop\Data Science Project\Breast Cancer\.venv\Lib\site-packages\sklearn\metrics\_classification.py:1561: UserWarning: Note that pos_label (set to 'M') is ignored when average != 'binary' (got 'weighted'). You may use labels=[pos_label] to specify a single positive class.
  warnings.warn(

2024-08-30 21:43:05,431:WARNING:C:\Users\surya\OneDrive\Desktop\Data Science Project\Breast Cancer\.venv\Lib\site-packages\sklearn\metrics\_classification.py:1561: UserWarning: Note that pos_label (set to 'M') is ignored when average != 'binary' (got 'weighted'). You may use labels=[pos_label] to specify a single positive class.
  warnings.warn(

2024-08-30 21:43:05,432:WARNING:C:\Users\surya\OneDrive\Desktop\Data Science Project\Breast Cancer\.venv\Lib\site-packages\sklearn\metrics\_classification.py:1561: UserWarning: Note that pos_label (set to 'M') is ignored when average != 'binary' (got 'weighted'). You may use labels=[pos_label] to specify a single positive class.
  warnings.warn(

2024-08-30 21:43:05,433:WARNING:C:\Users\surya\OneDrive\Desktop\Data Science Project\Breast Cancer\.venv\Lib\site-packages\sklearn\metrics\_classification.py:1561: UserWarning: Note that pos_label (set to 'M') is ignored when average != 'binary' (got 'weighted'). You may use labels=[pos_label] to specify a single positive class.
  warnings.warn(

2024-08-30 21:43:05,435:WARNING:C:\Users\surya\OneDrive\Desktop\Data Science Project\Breast Cancer\.venv\Lib\site-packages\sklearn\metrics\_classification.py:1561: UserWarning: Note that pos_label (set to 'M') is ignored when average != 'binary' (got 'weighted'). You may use labels=[pos_label] to specify a single positive class.
  warnings.warn(

2024-08-30 21:43:05,435:WARNING:C:\Users\surya\OneDrive\Desktop\Data Science Project\Breast Cancer\.venv\Lib\site-packages\sklearn\metrics\_classification.py:1561: UserWarning: Note that pos_label (set to 'M') is ignored when average != 'binary' (got 'weighted'). You may use labels=[pos_label] to specify a single positive class.
  warnings.warn(

2024-08-30 21:43:05,436:WARNING:C:\Users\surya\OneDrive\Desktop\Data Science Project\Breast Cancer\.venv\Lib\site-packages\sklearn\metrics\_classification.py:1561: UserWarning: Note that pos_label (set to 'M') is ignored when average != 'binary' (got 'weighted'). You may use labels=[pos_label] to specify a single positive class.
  warnings.warn(

2024-08-30 21:43:05,436:WARNING:C:\Users\surya\OneDrive\Desktop\Data Science Project\Breast Cancer\.venv\Lib\site-packages\sklearn\metrics\_classification.py:1561: UserWarning: Note that pos_label (set to 'M') is ignored when average != 'binary' (got 'weighted'). You may use labels=[pos_label] to specify a single positive class.
  warnings.warn(

2024-08-30 21:43:05,437:WARNING:C:\Users\surya\OneDrive\Desktop\Data Science Project\Breast Cancer\.venv\Lib\site-packages\sklearn\metrics\_classification.py:1561: UserWarning: Note that pos_label (set to 'M') is ignored when average != 'binary' (got 'weighted'). You may use labels=[pos_label] to specify a single positive class.
  warnings.warn(

2024-08-30 21:43:05,437:WARNING:C:\Users\surya\OneDrive\Desktop\Data Science Project\Breast Cancer\.venv\Lib\site-packages\sklearn\metrics\_classification.py:1561: UserWarning: Note that pos_label (set to 'M') is ignored when average != 'binary' (got 'weighted'). You may use labels=[pos_label] to specify a single positive class.
  warnings.warn(

2024-08-30 21:43:05,438:WARNING:C:\Users\surya\OneDrive\Desktop\Data Science Project\Breast Cancer\.venv\Lib\site-packages\sklearn\metrics\_classification.py:1561: UserWarning: Note that pos_label (set to 'M') is ignored when average != 'binary' (got 'weighted'). You may use labels=[pos_label] to specify a single positive class.
  warnings.warn(

2024-08-30 21:43:05,440:WARNING:C:\Users\surya\OneDrive\Desktop\Data Science Project\Breast Cancer\.venv\Lib\site-packages\sklearn\metrics\_classification.py:1561: UserWarning: Note that pos_label (set to 'M') is ignored when average != 'binary' (got 'weighted'). You may use labels=[pos_label] to specify a single positive class.
  warnings.warn(

2024-08-30 21:43:05,441:WARNING:C:\Users\surya\OneDrive\Desktop\Data Science Project\Breast Cancer\.venv\Lib\site-packages\sklearn\metrics\_classification.py:1561: UserWarning: Note that pos_label (set to 'M') is ignored when average != 'binary' (got 'weighted'). You may use labels=[pos_label] to specify a single positive class.
  warnings.warn(

2024-08-30 21:43:05,441:WARNING:C:\Users\surya\OneDrive\Desktop\Data Science Project\Breast Cancer\.venv\Lib\site-packages\sklearn\metrics\_classification.py:1561: UserWarning: Note that pos_label (set to 'M') is ignored when average != 'binary' (got 'weighted'). You may use labels=[pos_label] to specify a single positive class.
  warnings.warn(

2024-08-30 21:43:05,441:WARNING:C:\Users\surya\OneDrive\Desktop\Data Science Project\Breast Cancer\.venv\Lib\site-packages\sklearn\metrics\_classification.py:1561: UserWarning: Note that pos_label (set to 'M') is ignored when average != 'binary' (got 'weighted'). You may use labels=[pos_label] to specify a single positive class.
  warnings.warn(

2024-08-30 21:43:05,441:WARNING:C:\Users\surya\OneDrive\Desktop\Data Science Project\Breast Cancer\.venv\Lib\site-packages\sklearn\metrics\_classification.py:1561: UserWarning: Note that pos_label (set to 'M') is ignored when average != 'binary' (got 'weighted'). You may use labels=[pos_label] to specify a single positive class.
  warnings.warn(

2024-08-30 21:43:05,443:WARNING:C:\Users\surya\OneDrive\Desktop\Data Science Project\Breast Cancer\.venv\Lib\site-packages\sklearn\metrics\_classification.py:1561: UserWarning: Note that pos_label (set to 'M') is ignored when average != 'binary' (got 'weighted'). You may use labels=[pos_label] to specify a single positive class.
  warnings.warn(

2024-08-30 21:43:05,443:WARNING:C:\Users\surya\OneDrive\Desktop\Data Science Project\Breast Cancer\.venv\Lib\site-packages\sklearn\metrics\_classification.py:1561: UserWarning: Note that pos_label (set to 'M') is ignored when average != 'binary' (got 'weighted'). You may use labels=[pos_label] to specify a single positive class.
  warnings.warn(

2024-08-30 21:43:05,445:WARNING:C:\Users\surya\OneDrive\Desktop\Data Science Project\Breast Cancer\.venv\Lib\site-packages\sklearn\metrics\_classification.py:1561: UserWarning: Note that pos_label (set to 'M') is ignored when average != 'binary' (got 'weighted'). You may use labels=[pos_label] to specify a single positive class.
  warnings.warn(

2024-08-30 21:43:05,445:WARNING:C:\Users\surya\OneDrive\Desktop\Data Science Project\Breast Cancer\.venv\Lib\site-packages\sklearn\metrics\_classification.py:1561: UserWarning: Note that pos_label (set to 'M') is ignored when average != 'binary' (got 'weighted'). You may use labels=[pos_label] to specify a single positive class.
  warnings.warn(

2024-08-30 21:43:05,455:INFO:Calculating mean and std
2024-08-30 21:43:05,456:INFO:Creating metrics dataframe
2024-08-30 21:43:05,458:INFO:Uploading results into container
2024-08-30 21:43:05,458:INFO:Uploading model into container now
2024-08-30 21:43:05,459:INFO:_master_model_container: 4
2024-08-30 21:43:05,459:INFO:_display_container: 2
2024-08-30 21:43:05,459:INFO:DecisionTreeClassifier(ccp_alpha=0.0, class_weight=None, criterion='gini',
                       max_depth=None, max_features=None, max_leaf_nodes=None,
                       min_impurity_decrease=0.0, min_samples_leaf=1,
                       min_samples_split=2, min_weight_fraction_leaf=0.0,
                       monotonic_cst=None, random_state=5634, splitter='best')
2024-08-30 21:43:05,459:INFO:create_model() successfully completed......................................
2024-08-30 21:43:05,536:INFO:SubProcess create_model() end ==================================
2024-08-30 21:43:05,536:INFO:Creating metrics dataframe
2024-08-30 21:43:05,538:INFO:Initializing SVM - Linear Kernel
2024-08-30 21:43:05,538:INFO:Total runtime is 0.11230903466542562 minutes
2024-08-30 21:43:05,538:INFO:SubProcess create_model() called ==================================
2024-08-30 21:43:05,538:INFO:Initializing create_model()
2024-08-30 21:43:05,538:INFO:create_model(self=<pycaret.classification.oop.ClassificationExperiment object at 0x0000019F2A4B6F50>, estimator=svm, fold=StratifiedKFold(n_splits=10, random_state=None, shuffle=False), round=4, cross_validation=True, predict=True, fit_kwargs={}, groups=None, refit=False, probability_threshold=None, experiment_custom_tags=None, verbose=False, system=False, add_to_model_list=True, metrics=None, display=<pycaret.internal.display.display.CommonDisplay object at 0x0000019F2A30DD50>, model_only=True, return_train_score=False, error_score=0.0, kwargs={})
2024-08-30 21:43:05,538:INFO:Checking exceptions
2024-08-30 21:43:05,538:INFO:Importing libraries
2024-08-30 21:43:05,538:INFO:Copying training dataset
2024-08-30 21:43:05,542:INFO:Defining folds
2024-08-30 21:43:05,543:INFO:Declaring metric variables
2024-08-30 21:43:05,543:INFO:Importing untrained model
2024-08-30 21:43:05,543:INFO:SVM - Linear Kernel Imported successfully
2024-08-30 21:43:05,543:INFO:Starting cross validation
2024-08-30 21:43:05,544:INFO:Cross validating with StratifiedKFold(n_splits=10, random_state=None, shuffle=False), n_jobs=-1
2024-08-30 21:43:05,582:WARNING:C:\Users\surya\OneDrive\Desktop\Data Science Project\Breast Cancer\.venv\Lib\site-packages\sklearn\metrics\_classification.py:1561: UserWarning: Note that pos_label (set to 'M') is ignored when average != 'binary' (got 'weighted'). You may use labels=[pos_label] to specify a single positive class.
  warnings.warn(

2024-08-30 21:43:05,583:WARNING:C:\Users\surya\OneDrive\Desktop\Data Science Project\Breast Cancer\.venv\Lib\site-packages\sklearn\metrics\_classification.py:1561: UserWarning: Note that pos_label (set to 'M') is ignored when average != 'binary' (got 'weighted'). You may use labels=[pos_label] to specify a single positive class.
  warnings.warn(

2024-08-30 21:43:05,585:WARNING:C:\Users\surya\OneDrive\Desktop\Data Science Project\Breast Cancer\.venv\Lib\site-packages\sklearn\metrics\_classification.py:1561: UserWarning: Note that pos_label (set to 'M') is ignored when average != 'binary' (got 'weighted'). You may use labels=[pos_label] to specify a single positive class.
  warnings.warn(

2024-08-30 21:43:05,587:WARNING:C:\Users\surya\OneDrive\Desktop\Data Science Project\Breast Cancer\.venv\Lib\site-packages\sklearn\metrics\_classification.py:1561: UserWarning: Note that pos_label (set to 'M') is ignored when average != 'binary' (got 'weighted'). You may use labels=[pos_label] to specify a single positive class.
  warnings.warn(

2024-08-30 21:43:05,587:WARNING:C:\Users\surya\OneDrive\Desktop\Data Science Project\Breast Cancer\.venv\Lib\site-packages\sklearn\metrics\_classification.py:1561: UserWarning: Note that pos_label (set to 'M') is ignored when average != 'binary' (got 'weighted'). You may use labels=[pos_label] to specify a single positive class.
  warnings.warn(

2024-08-30 21:43:05,588:WARNING:C:\Users\surya\OneDrive\Desktop\Data Science Project\Breast Cancer\.venv\Lib\site-packages\sklearn\metrics\_classification.py:1561: UserWarning: Note that pos_label (set to 'M') is ignored when average != 'binary' (got 'weighted'). You may use labels=[pos_label] to specify a single positive class.
  warnings.warn(

2024-08-30 21:43:05,589:WARNING:C:\Users\surya\OneDrive\Desktop\Data Science Project\Breast Cancer\.venv\Lib\site-packages\sklearn\metrics\_classification.py:1561: UserWarning: Note that pos_label (set to 'M') is ignored when average != 'binary' (got 'weighted'). You may use labels=[pos_label] to specify a single positive class.
  warnings.warn(

2024-08-30 21:43:05,590:WARNING:C:\Users\surya\OneDrive\Desktop\Data Science Project\Breast Cancer\.venv\Lib\site-packages\sklearn\metrics\_classification.py:1561: UserWarning: Note that pos_label (set to 'M') is ignored when average != 'binary' (got 'weighted'). You may use labels=[pos_label] to specify a single positive class.
  warnings.warn(

2024-08-30 21:43:05,591:WARNING:C:\Users\surya\OneDrive\Desktop\Data Science Project\Breast Cancer\.venv\Lib\site-packages\sklearn\metrics\_classification.py:1561: UserWarning: Note that pos_label (set to 'M') is ignored when average != 'binary' (got 'weighted'). You may use labels=[pos_label] to specify a single positive class.
  warnings.warn(

2024-08-30 21:43:05,591:WARNING:C:\Users\surya\OneDrive\Desktop\Data Science Project\Breast Cancer\.venv\Lib\site-packages\sklearn\metrics\_classification.py:1561: UserWarning: Note that pos_label (set to 'M') is ignored when average != 'binary' (got 'weighted'). You may use labels=[pos_label] to specify a single positive class.
  warnings.warn(

2024-08-30 21:43:05,592:WARNING:C:\Users\surya\OneDrive\Desktop\Data Science Project\Breast Cancer\.venv\Lib\site-packages\sklearn\metrics\_classification.py:1561: UserWarning: Note that pos_label (set to 'M') is ignored when average != 'binary' (got 'weighted'). You may use labels=[pos_label] to specify a single positive class.
  warnings.warn(

2024-08-30 21:43:05,593:WARNING:C:\Users\surya\OneDrive\Desktop\Data Science Project\Breast Cancer\.venv\Lib\site-packages\sklearn\metrics\_classification.py:1561: UserWarning: Note that pos_label (set to 'M') is ignored when average != 'binary' (got 'weighted'). You may use labels=[pos_label] to specify a single positive class.
  warnings.warn(

2024-08-30 21:43:05,594:WARNING:C:\Users\surya\OneDrive\Desktop\Data Science Project\Breast Cancer\.venv\Lib\site-packages\sklearn\metrics\_classification.py:1561: UserWarning: Note that pos_label (set to 'M') is ignored when average != 'binary' (got 'weighted'). You may use labels=[pos_label] to specify a single positive class.
  warnings.warn(

2024-08-30 21:43:05,594:WARNING:C:\Users\surya\OneDrive\Desktop\Data Science Project\Breast Cancer\.venv\Lib\site-packages\sklearn\metrics\_classification.py:1561: UserWarning: Note that pos_label (set to 'M') is ignored when average != 'binary' (got 'weighted'). You may use labels=[pos_label] to specify a single positive class.
  warnings.warn(

2024-08-30 21:43:05,595:WARNING:C:\Users\surya\OneDrive\Desktop\Data Science Project\Breast Cancer\.venv\Lib\site-packages\sklearn\metrics\_classification.py:1561: UserWarning: Note that pos_label (set to 'M') is ignored when average != 'binary' (got 'weighted'). You may use labels=[pos_label] to specify a single positive class.
  warnings.warn(

2024-08-30 21:43:05,597:WARNING:C:\Users\surya\OneDrive\Desktop\Data Science Project\Breast Cancer\.venv\Lib\site-packages\sklearn\metrics\_classification.py:1561: UserWarning: Note that pos_label (set to 'M') is ignored when average != 'binary' (got 'weighted'). You may use labels=[pos_label] to specify a single positive class.
  warnings.warn(

2024-08-30 21:43:05,597:WARNING:C:\Users\surya\OneDrive\Desktop\Data Science Project\Breast Cancer\.venv\Lib\site-packages\sklearn\metrics\_classification.py:1561: UserWarning: Note that pos_label (set to 'M') is ignored when average != 'binary' (got 'weighted'). You may use labels=[pos_label] to specify a single positive class.
  warnings.warn(

2024-08-30 21:43:05,599:WARNING:C:\Users\surya\OneDrive\Desktop\Data Science Project\Breast Cancer\.venv\Lib\site-packages\sklearn\metrics\_classification.py:1561: UserWarning: Note that pos_label (set to 'M') is ignored when average != 'binary' (got 'weighted'). You may use labels=[pos_label] to specify a single positive class.
  warnings.warn(

2024-08-30 21:43:05,600:WARNING:C:\Users\surya\OneDrive\Desktop\Data Science Project\Breast Cancer\.venv\Lib\site-packages\sklearn\metrics\_classification.py:1561: UserWarning: Note that pos_label (set to 'M') is ignored when average != 'binary' (got 'weighted'). You may use labels=[pos_label] to specify a single positive class.
  warnings.warn(

2024-08-30 21:43:05,603:WARNING:C:\Users\surya\OneDrive\Desktop\Data Science Project\Breast Cancer\.venv\Lib\site-packages\sklearn\metrics\_classification.py:1561: UserWarning: Note that pos_label (set to 'M') is ignored when average != 'binary' (got 'weighted'). You may use labels=[pos_label] to specify a single positive class.
  warnings.warn(

2024-08-30 21:43:05,603:WARNING:C:\Users\surya\OneDrive\Desktop\Data Science Project\Breast Cancer\.venv\Lib\site-packages\sklearn\metrics\_classification.py:1561: UserWarning: Note that pos_label (set to 'M') is ignored when average != 'binary' (got 'weighted'). You may use labels=[pos_label] to specify a single positive class.
  warnings.warn(

2024-08-30 21:43:05,605:WARNING:C:\Users\surya\OneDrive\Desktop\Data Science Project\Breast Cancer\.venv\Lib\site-packages\sklearn\metrics\_classification.py:1561: UserWarning: Note that pos_label (set to 'M') is ignored when average != 'binary' (got 'weighted'). You may use labels=[pos_label] to specify a single positive class.
  warnings.warn(

2024-08-30 21:43:05,606:WARNING:C:\Users\surya\OneDrive\Desktop\Data Science Project\Breast Cancer\.venv\Lib\site-packages\sklearn\metrics\_classification.py:1561: UserWarning: Note that pos_label (set to 'M') is ignored when average != 'binary' (got 'weighted'). You may use labels=[pos_label] to specify a single positive class.
  warnings.warn(

2024-08-30 21:43:05,606:WARNING:C:\Users\surya\OneDrive\Desktop\Data Science Project\Breast Cancer\.venv\Lib\site-packages\sklearn\metrics\_classification.py:1561: UserWarning: Note that pos_label (set to 'M') is ignored when average != 'binary' (got 'weighted'). You may use labels=[pos_label] to specify a single positive class.
  warnings.warn(

2024-08-30 21:43:05,607:WARNING:C:\Users\surya\OneDrive\Desktop\Data Science Project\Breast Cancer\.venv\Lib\site-packages\sklearn\metrics\_classification.py:1561: UserWarning: Note that pos_label (set to 'M') is ignored when average != 'binary' (got 'weighted'). You may use labels=[pos_label] to specify a single positive class.
  warnings.warn(

2024-08-30 21:43:05,607:WARNING:C:\Users\surya\OneDrive\Desktop\Data Science Project\Breast Cancer\.venv\Lib\site-packages\sklearn\metrics\_classification.py:1561: UserWarning: Note that pos_label (set to 'M') is ignored when average != 'binary' (got 'weighted'). You may use labels=[pos_label] to specify a single positive class.
  warnings.warn(

2024-08-30 21:43:05,608:WARNING:C:\Users\surya\OneDrive\Desktop\Data Science Project\Breast Cancer\.venv\Lib\site-packages\sklearn\metrics\_classification.py:1561: UserWarning: Note that pos_label (set to 'M') is ignored when average != 'binary' (got 'weighted'). You may use labels=[pos_label] to specify a single positive class.
  warnings.warn(

2024-08-30 21:43:05,614:INFO:Calculating mean and std
2024-08-30 21:43:05,615:INFO:Creating metrics dataframe
2024-08-30 21:43:05,617:INFO:Uploading results into container
2024-08-30 21:43:05,617:INFO:Uploading model into container now
2024-08-30 21:43:05,617:INFO:_master_model_container: 5
2024-08-30 21:43:05,617:INFO:_display_container: 2
2024-08-30 21:43:05,617:INFO:SGDClassifier(alpha=0.0001, average=False, class_weight=None,
              early_stopping=False, epsilon=0.1, eta0=0.001, fit_intercept=True,
              l1_ratio=0.15, learning_rate='optimal', loss='hinge',
              max_iter=1000, n_iter_no_change=5, n_jobs=-1, penalty='l2',
              power_t=0.5, random_state=5634, shuffle=True, tol=0.001,
              validation_fraction=0.1, verbose=0, warm_start=False)
2024-08-30 21:43:05,617:INFO:create_model() successfully completed......................................
2024-08-30 21:43:05,694:INFO:SubProcess create_model() end ==================================
2024-08-30 21:43:05,694:INFO:Creating metrics dataframe
2024-08-30 21:43:05,696:INFO:Initializing Ridge Classifier
2024-08-30 21:43:05,696:INFO:Total runtime is 0.1149316390355428 minutes
2024-08-30 21:43:05,696:INFO:SubProcess create_model() called ==================================
2024-08-30 21:43:05,696:INFO:Initializing create_model()
2024-08-30 21:43:05,696:INFO:create_model(self=<pycaret.classification.oop.ClassificationExperiment object at 0x0000019F2A4B6F50>, estimator=ridge, fold=StratifiedKFold(n_splits=10, random_state=None, shuffle=False), round=4, cross_validation=True, predict=True, fit_kwargs={}, groups=None, refit=False, probability_threshold=None, experiment_custom_tags=None, verbose=False, system=False, add_to_model_list=True, metrics=None, display=<pycaret.internal.display.display.CommonDisplay object at 0x0000019F2A30DD50>, model_only=True, return_train_score=False, error_score=0.0, kwargs={})
2024-08-30 21:43:05,696:INFO:Checking exceptions
2024-08-30 21:43:05,696:INFO:Importing libraries
2024-08-30 21:43:05,696:INFO:Copying training dataset
2024-08-30 21:43:05,700:INFO:Defining folds
2024-08-30 21:43:05,700:INFO:Declaring metric variables
2024-08-30 21:43:05,701:INFO:Importing untrained model
2024-08-30 21:43:05,701:INFO:Ridge Classifier Imported successfully
2024-08-30 21:43:05,701:INFO:Starting cross validation
2024-08-30 21:43:05,702:INFO:Cross validating with StratifiedKFold(n_splits=10, random_state=None, shuffle=False), n_jobs=-1
2024-08-30 21:43:05,725:WARNING:C:\Users\surya\OneDrive\Desktop\Data Science Project\Breast Cancer\.venv\Lib\site-packages\sklearn\linear_model\_ridge.py:204: LinAlgWarning: Ill-conditioned matrix (rcond=4.63536e-09): result may not be accurate.
  return linalg.solve(A, Xy, assume_a="pos", overwrite_a=True).T

2024-08-30 21:43:05,727:WARNING:C:\Users\surya\OneDrive\Desktop\Data Science Project\Breast Cancer\.venv\Lib\site-packages\sklearn\linear_model\_ridge.py:204: LinAlgWarning: Ill-conditioned matrix (rcond=3.72522e-09): result may not be accurate.
  return linalg.solve(A, Xy, assume_a="pos", overwrite_a=True).T

2024-08-30 21:43:05,727:WARNING:C:\Users\surya\OneDrive\Desktop\Data Science Project\Breast Cancer\.venv\Lib\site-packages\sklearn\linear_model\_ridge.py:204: LinAlgWarning: Ill-conditioned matrix (rcond=3.97581e-09): result may not be accurate.
  return linalg.solve(A, Xy, assume_a="pos", overwrite_a=True).T

2024-08-30 21:43:05,730:WARNING:C:\Users\surya\OneDrive\Desktop\Data Science Project\Breast Cancer\.venv\Lib\site-packages\sklearn\linear_model\_ridge.py:204: LinAlgWarning: Ill-conditioned matrix (rcond=4.0111e-09): result may not be accurate.
  return linalg.solve(A, Xy, assume_a="pos", overwrite_a=True).T

2024-08-30 21:43:05,732:WARNING:C:\Users\surya\OneDrive\Desktop\Data Science Project\Breast Cancer\.venv\Lib\site-packages\sklearn\linear_model\_ridge.py:204: LinAlgWarning: Ill-conditioned matrix (rcond=4.32732e-09): result may not be accurate.
  return linalg.solve(A, Xy, assume_a="pos", overwrite_a=True).T

2024-08-30 21:43:05,737:WARNING:C:\Users\surya\OneDrive\Desktop\Data Science Project\Breast Cancer\.venv\Lib\site-packages\sklearn\linear_model\_ridge.py:204: LinAlgWarning: Ill-conditioned matrix (rcond=3.77527e-09): result may not be accurate.
  return linalg.solve(A, Xy, assume_a="pos", overwrite_a=True).T

2024-08-30 21:43:05,737:WARNING:C:\Users\surya\OneDrive\Desktop\Data Science Project\Breast Cancer\.venv\Lib\site-packages\sklearn\linear_model\_ridge.py:204: LinAlgWarning: Ill-conditioned matrix (rcond=3.77026e-09): result may not be accurate.
  return linalg.solve(A, Xy, assume_a="pos", overwrite_a=True).T

2024-08-30 21:43:05,739:WARNING:C:\Users\surya\OneDrive\Desktop\Data Science Project\Breast Cancer\.venv\Lib\site-packages\sklearn\metrics\_classification.py:1561: UserWarning: Note that pos_label (set to 'M') is ignored when average != 'binary' (got 'weighted'). You may use labels=[pos_label] to specify a single positive class.
  warnings.warn(

2024-08-30 21:43:05,742:WARNING:C:\Users\surya\OneDrive\Desktop\Data Science Project\Breast Cancer\.venv\Lib\site-packages\sklearn\metrics\_classification.py:1561: UserWarning: Note that pos_label (set to 'M') is ignored when average != 'binary' (got 'weighted'). You may use labels=[pos_label] to specify a single positive class.
  warnings.warn(

2024-08-30 21:43:05,742:WARNING:C:\Users\surya\OneDrive\Desktop\Data Science Project\Breast Cancer\.venv\Lib\site-packages\sklearn\metrics\_classification.py:1561: UserWarning: Note that pos_label (set to 'M') is ignored when average != 'binary' (got 'weighted'). You may use labels=[pos_label] to specify a single positive class.
  warnings.warn(

2024-08-30 21:43:05,743:WARNING:C:\Users\surya\OneDrive\Desktop\Data Science Project\Breast Cancer\.venv\Lib\site-packages\sklearn\metrics\_classification.py:1561: UserWarning: Note that pos_label (set to 'M') is ignored when average != 'binary' (got 'weighted'). You may use labels=[pos_label] to specify a single positive class.
  warnings.warn(

2024-08-30 21:43:05,744:WARNING:C:\Users\surya\OneDrive\Desktop\Data Science Project\Breast Cancer\.venv\Lib\site-packages\sklearn\linear_model\_ridge.py:204: LinAlgWarning: Ill-conditioned matrix (rcond=3.65151e-09): result may not be accurate.
  return linalg.solve(A, Xy, assume_a="pos", overwrite_a=True).T

2024-08-30 21:43:05,745:WARNING:C:\Users\surya\OneDrive\Desktop\Data Science Project\Breast Cancer\.venv\Lib\site-packages\sklearn\metrics\_classification.py:1561: UserWarning: Note that pos_label (set to 'M') is ignored when average != 'binary' (got 'weighted'). You may use labels=[pos_label] to specify a single positive class.
  warnings.warn(

2024-08-30 21:43:05,746:WARNING:C:\Users\surya\OneDrive\Desktop\Data Science Project\Breast Cancer\.venv\Lib\site-packages\sklearn\metrics\_classification.py:1561: UserWarning: Note that pos_label (set to 'M') is ignored when average != 'binary' (got 'weighted'). You may use labels=[pos_label] to specify a single positive class.
  warnings.warn(

2024-08-30 21:43:05,746:WARNING:C:\Users\surya\OneDrive\Desktop\Data Science Project\Breast Cancer\.venv\Lib\site-packages\sklearn\metrics\_classification.py:1561: UserWarning: Note that pos_label (set to 'M') is ignored when average != 'binary' (got 'weighted'). You may use labels=[pos_label] to specify a single positive class.
  warnings.warn(

2024-08-30 21:43:05,747:WARNING:C:\Users\surya\OneDrive\Desktop\Data Science Project\Breast Cancer\.venv\Lib\site-packages\sklearn\linear_model\_ridge.py:204: LinAlgWarning: Ill-conditioned matrix (rcond=4.26384e-09): result may not be accurate.
  return linalg.solve(A, Xy, assume_a="pos", overwrite_a=True).T

2024-08-30 21:43:05,748:WARNING:C:\Users\surya\OneDrive\Desktop\Data Science Project\Breast Cancer\.venv\Lib\site-packages\sklearn\metrics\_classification.py:1561: UserWarning: Note that pos_label (set to 'M') is ignored when average != 'binary' (got 'weighted'). You may use labels=[pos_label] to specify a single positive class.
  warnings.warn(

2024-08-30 21:43:05,748:WARNING:C:\Users\surya\OneDrive\Desktop\Data Science Project\Breast Cancer\.venv\Lib\site-packages\sklearn\metrics\_classification.py:1561: UserWarning: Note that pos_label (set to 'M') is ignored when average != 'binary' (got 'weighted'). You may use labels=[pos_label] to specify a single positive class.
  warnings.warn(

2024-08-30 21:43:05,749:WARNING:C:\Users\surya\OneDrive\Desktop\Data Science Project\Breast Cancer\.venv\Lib\site-packages\sklearn\metrics\_classification.py:1561: UserWarning: Note that pos_label (set to 'M') is ignored when average != 'binary' (got 'weighted'). You may use labels=[pos_label] to specify a single positive class.
  warnings.warn(

2024-08-30 21:43:05,750:WARNING:C:\Users\surya\OneDrive\Desktop\Data Science Project\Breast Cancer\.venv\Lib\site-packages\sklearn\linear_model\_ridge.py:204: LinAlgWarning: Ill-conditioned matrix (rcond=3.73315e-09): result may not be accurate.
  return linalg.solve(A, Xy, assume_a="pos", overwrite_a=True).T

2024-08-30 21:43:05,750:WARNING:C:\Users\surya\OneDrive\Desktop\Data Science Project\Breast Cancer\.venv\Lib\site-packages\sklearn\metrics\_classification.py:1561: UserWarning: Note that pos_label (set to 'M') is ignored when average != 'binary' (got 'weighted'). You may use labels=[pos_label] to specify a single positive class.
  warnings.warn(

2024-08-30 21:43:05,750:WARNING:C:\Users\surya\OneDrive\Desktop\Data Science Project\Breast Cancer\.venv\Lib\site-packages\sklearn\metrics\_classification.py:1561: UserWarning: Note that pos_label (set to 'M') is ignored when average != 'binary' (got 'weighted'). You may use labels=[pos_label] to specify a single positive class.
  warnings.warn(

2024-08-30 21:43:05,751:WARNING:C:\Users\surya\OneDrive\Desktop\Data Science Project\Breast Cancer\.venv\Lib\site-packages\sklearn\metrics\_classification.py:1561: UserWarning: Note that pos_label (set to 'M') is ignored when average != 'binary' (got 'weighted'). You may use labels=[pos_label] to specify a single positive class.
  warnings.warn(

2024-08-30 21:43:05,751:WARNING:C:\Users\surya\OneDrive\Desktop\Data Science Project\Breast Cancer\.venv\Lib\site-packages\sklearn\metrics\_classification.py:1561: UserWarning: Note that pos_label (set to 'M') is ignored when average != 'binary' (got 'weighted'). You may use labels=[pos_label] to specify a single positive class.
  warnings.warn(

2024-08-30 21:43:05,752:WARNING:C:\Users\surya\OneDrive\Desktop\Data Science Project\Breast Cancer\.venv\Lib\site-packages\sklearn\metrics\_classification.py:1561: UserWarning: Note that pos_label (set to 'M') is ignored when average != 'binary' (got 'weighted'). You may use labels=[pos_label] to specify a single positive class.
  warnings.warn(

2024-08-30 21:43:05,753:WARNING:C:\Users\surya\OneDrive\Desktop\Data Science Project\Breast Cancer\.venv\Lib\site-packages\sklearn\metrics\_classification.py:1561: UserWarning: Note that pos_label (set to 'M') is ignored when average != 'binary' (got 'weighted'). You may use labels=[pos_label] to specify a single positive class.
  warnings.warn(

2024-08-30 21:43:05,753:WARNING:C:\Users\surya\OneDrive\Desktop\Data Science Project\Breast Cancer\.venv\Lib\site-packages\sklearn\metrics\_classification.py:1561: UserWarning: Note that pos_label (set to 'M') is ignored when average != 'binary' (got 'weighted'). You may use labels=[pos_label] to specify a single positive class.
  warnings.warn(

2024-08-30 21:43:05,754:WARNING:C:\Users\surya\OneDrive\Desktop\Data Science Project\Breast Cancer\.venv\Lib\site-packages\sklearn\metrics\_classification.py:1561: UserWarning: Note that pos_label (set to 'M') is ignored when average != 'binary' (got 'weighted'). You may use labels=[pos_label] to specify a single positive class.
  warnings.warn(

2024-08-30 21:43:05,755:WARNING:C:\Users\surya\OneDrive\Desktop\Data Science Project\Breast Cancer\.venv\Lib\site-packages\sklearn\metrics\_classification.py:1561: UserWarning: Note that pos_label (set to 'M') is ignored when average != 'binary' (got 'weighted'). You may use labels=[pos_label] to specify a single positive class.
  warnings.warn(

2024-08-30 21:43:05,756:WARNING:C:\Users\surya\OneDrive\Desktop\Data Science Project\Breast Cancer\.venv\Lib\site-packages\sklearn\metrics\_classification.py:1561: UserWarning: Note that pos_label (set to 'M') is ignored when average != 'binary' (got 'weighted'). You may use labels=[pos_label] to specify a single positive class.
  warnings.warn(

2024-08-30 21:43:05,756:WARNING:C:\Users\surya\OneDrive\Desktop\Data Science Project\Breast Cancer\.venv\Lib\site-packages\sklearn\metrics\_classification.py:1561: UserWarning: Note that pos_label (set to 'M') is ignored when average != 'binary' (got 'weighted'). You may use labels=[pos_label] to specify a single positive class.
  warnings.warn(

2024-08-30 21:43:05,757:WARNING:C:\Users\surya\OneDrive\Desktop\Data Science Project\Breast Cancer\.venv\Lib\site-packages\sklearn\metrics\_classification.py:1561: UserWarning: Note that pos_label (set to 'M') is ignored when average != 'binary' (got 'weighted'). You may use labels=[pos_label] to specify a single positive class.
  warnings.warn(

2024-08-30 21:43:05,758:WARNING:C:\Users\surya\OneDrive\Desktop\Data Science Project\Breast Cancer\.venv\Lib\site-packages\sklearn\metrics\_classification.py:1561: UserWarning: Note that pos_label (set to 'M') is ignored when average != 'binary' (got 'weighted'). You may use labels=[pos_label] to specify a single positive class.
  warnings.warn(

2024-08-30 21:43:05,760:WARNING:C:\Users\surya\OneDrive\Desktop\Data Science Project\Breast Cancer\.venv\Lib\site-packages\sklearn\metrics\_classification.py:1561: UserWarning: Note that pos_label (set to 'M') is ignored when average != 'binary' (got 'weighted'). You may use labels=[pos_label] to specify a single positive class.
  warnings.warn(

2024-08-30 21:43:05,761:WARNING:C:\Users\surya\OneDrive\Desktop\Data Science Project\Breast Cancer\.venv\Lib\site-packages\sklearn\metrics\_classification.py:1561: UserWarning: Note that pos_label (set to 'M') is ignored when average != 'binary' (got 'weighted'). You may use labels=[pos_label] to specify a single positive class.
  warnings.warn(

2024-08-30 21:43:05,763:WARNING:C:\Users\surya\OneDrive\Desktop\Data Science Project\Breast Cancer\.venv\Lib\site-packages\sklearn\metrics\_classification.py:1561: UserWarning: Note that pos_label (set to 'M') is ignored when average != 'binary' (got 'weighted'). You may use labels=[pos_label] to specify a single positive class.
  warnings.warn(

2024-08-30 21:43:05,764:WARNING:C:\Users\surya\OneDrive\Desktop\Data Science Project\Breast Cancer\.venv\Lib\site-packages\sklearn\metrics\_classification.py:1561: UserWarning: Note that pos_label (set to 'M') is ignored when average != 'binary' (got 'weighted'). You may use labels=[pos_label] to specify a single positive class.
  warnings.warn(

2024-08-30 21:43:05,765:WARNING:C:\Users\surya\OneDrive\Desktop\Data Science Project\Breast Cancer\.venv\Lib\site-packages\sklearn\metrics\_classification.py:1561: UserWarning: Note that pos_label (set to 'M') is ignored when average != 'binary' (got 'weighted'). You may use labels=[pos_label] to specify a single positive class.
  warnings.warn(

2024-08-30 21:43:05,765:WARNING:C:\Users\surya\OneDrive\Desktop\Data Science Project\Breast Cancer\.venv\Lib\site-packages\sklearn\metrics\_classification.py:1561: UserWarning: Note that pos_label (set to 'M') is ignored when average != 'binary' (got 'weighted'). You may use labels=[pos_label] to specify a single positive class.
  warnings.warn(

2024-08-30 21:43:05,767:WARNING:C:\Users\surya\OneDrive\Desktop\Data Science Project\Breast Cancer\.venv\Lib\site-packages\sklearn\metrics\_classification.py:1561: UserWarning: Note that pos_label (set to 'M') is ignored when average != 'binary' (got 'weighted'). You may use labels=[pos_label] to specify a single positive class.
  warnings.warn(

2024-08-30 21:43:05,772:INFO:Calculating mean and std
2024-08-30 21:43:05,772:INFO:Creating metrics dataframe
2024-08-30 21:43:05,773:INFO:Uploading results into container
2024-08-30 21:43:05,774:INFO:Uploading model into container now
2024-08-30 21:43:05,774:INFO:_master_model_container: 6
2024-08-30 21:43:05,774:INFO:_display_container: 2
2024-08-30 21:43:05,774:INFO:RidgeClassifier(alpha=1.0, class_weight=None, copy_X=True, fit_intercept=True,
                max_iter=None, positive=False, random_state=5634, solver='auto',
                tol=0.0001)
2024-08-30 21:43:05,774:INFO:create_model() successfully completed......................................
2024-08-30 21:43:05,851:INFO:SubProcess create_model() end ==================================
2024-08-30 21:43:05,851:INFO:Creating metrics dataframe
2024-08-30 21:43:05,853:INFO:Initializing Random Forest Classifier
2024-08-30 21:43:05,853:INFO:Total runtime is 0.11756279468536376 minutes
2024-08-30 21:43:05,853:INFO:SubProcess create_model() called ==================================
2024-08-30 21:43:05,853:INFO:Initializing create_model()
2024-08-30 21:43:05,853:INFO:create_model(self=<pycaret.classification.oop.ClassificationExperiment object at 0x0000019F2A4B6F50>, estimator=rf, fold=StratifiedKFold(n_splits=10, random_state=None, shuffle=False), round=4, cross_validation=True, predict=True, fit_kwargs={}, groups=None, refit=False, probability_threshold=None, experiment_custom_tags=None, verbose=False, system=False, add_to_model_list=True, metrics=None, display=<pycaret.internal.display.display.CommonDisplay object at 0x0000019F2A30DD50>, model_only=True, return_train_score=False, error_score=0.0, kwargs={})
2024-08-30 21:43:05,853:INFO:Checking exceptions
2024-08-30 21:43:05,853:INFO:Importing libraries
2024-08-30 21:43:05,853:INFO:Copying training dataset
2024-08-30 21:43:05,857:INFO:Defining folds
2024-08-30 21:43:05,858:INFO:Declaring metric variables
2024-08-30 21:43:05,858:INFO:Importing untrained model
2024-08-30 21:43:05,858:INFO:Random Forest Classifier Imported successfully
2024-08-30 21:43:05,859:INFO:Starting cross validation
2024-08-30 21:43:05,860:INFO:Cross validating with StratifiedKFold(n_splits=10, random_state=None, shuffle=False), n_jobs=-1
2024-08-30 21:43:06,215:WARNING:C:\Users\surya\OneDrive\Desktop\Data Science Project\Breast Cancer\.venv\Lib\site-packages\sklearn\metrics\_classification.py:1561: UserWarning: Note that pos_label (set to 'M') is ignored when average != 'binary' (got 'weighted'). You may use labels=[pos_label] to specify a single positive class.
  warnings.warn(

2024-08-30 21:43:06,220:WARNING:C:\Users\surya\OneDrive\Desktop\Data Science Project\Breast Cancer\.venv\Lib\site-packages\sklearn\metrics\_classification.py:1561: UserWarning: Note that pos_label (set to 'M') is ignored when average != 'binary' (got 'weighted'). You may use labels=[pos_label] to specify a single positive class.
  warnings.warn(

2024-08-30 21:43:06,222:WARNING:C:\Users\surya\OneDrive\Desktop\Data Science Project\Breast Cancer\.venv\Lib\site-packages\sklearn\metrics\_classification.py:1561: UserWarning: Note that pos_label (set to 'M') is ignored when average != 'binary' (got 'weighted'). You may use labels=[pos_label] to specify a single positive class.
  warnings.warn(

2024-08-30 21:43:06,224:WARNING:C:\Users\surya\OneDrive\Desktop\Data Science Project\Breast Cancer\.venv\Lib\site-packages\sklearn\metrics\_classification.py:1561: UserWarning: Note that pos_label (set to 'M') is ignored when average != 'binary' (got 'weighted'). You may use labels=[pos_label] to specify a single positive class.
  warnings.warn(

2024-08-30 21:43:06,226:WARNING:C:\Users\surya\OneDrive\Desktop\Data Science Project\Breast Cancer\.venv\Lib\site-packages\sklearn\metrics\_classification.py:1561: UserWarning: Note that pos_label (set to 'M') is ignored when average != 'binary' (got 'weighted'). You may use labels=[pos_label] to specify a single positive class.
  warnings.warn(

2024-08-30 21:43:06,229:WARNING:C:\Users\surya\OneDrive\Desktop\Data Science Project\Breast Cancer\.venv\Lib\site-packages\sklearn\metrics\_classification.py:1561: UserWarning: Note that pos_label (set to 'M') is ignored when average != 'binary' (got 'weighted'). You may use labels=[pos_label] to specify a single positive class.
  warnings.warn(

2024-08-30 21:43:06,229:WARNING:C:\Users\surya\OneDrive\Desktop\Data Science Project\Breast Cancer\.venv\Lib\site-packages\sklearn\metrics\_classification.py:1561: UserWarning: Note that pos_label (set to 'M') is ignored when average != 'binary' (got 'weighted'). You may use labels=[pos_label] to specify a single positive class.
  warnings.warn(

2024-08-30 21:43:06,233:WARNING:C:\Users\surya\OneDrive\Desktop\Data Science Project\Breast Cancer\.venv\Lib\site-packages\sklearn\metrics\_classification.py:1561: UserWarning: Note that pos_label (set to 'M') is ignored when average != 'binary' (got 'weighted'). You may use labels=[pos_label] to specify a single positive class.
  warnings.warn(

2024-08-30 21:43:06,235:WARNING:C:\Users\surya\OneDrive\Desktop\Data Science Project\Breast Cancer\.venv\Lib\site-packages\sklearn\metrics\_classification.py:1561: UserWarning: Note that pos_label (set to 'M') is ignored when average != 'binary' (got 'weighted'). You may use labels=[pos_label] to specify a single positive class.
  warnings.warn(

2024-08-30 21:43:06,235:WARNING:C:\Users\surya\OneDrive\Desktop\Data Science Project\Breast Cancer\.venv\Lib\site-packages\sklearn\metrics\_classification.py:1561: UserWarning: Note that pos_label (set to 'M') is ignored when average != 'binary' (got 'weighted'). You may use labels=[pos_label] to specify a single positive class.
  warnings.warn(

2024-08-30 21:43:06,237:WARNING:C:\Users\surya\OneDrive\Desktop\Data Science Project\Breast Cancer\.venv\Lib\site-packages\sklearn\metrics\_classification.py:1561: UserWarning: Note that pos_label (set to 'M') is ignored when average != 'binary' (got 'weighted'). You may use labels=[pos_label] to specify a single positive class.
  warnings.warn(

2024-08-30 21:43:06,238:WARNING:C:\Users\surya\OneDrive\Desktop\Data Science Project\Breast Cancer\.venv\Lib\site-packages\sklearn\metrics\_classification.py:1561: UserWarning: Note that pos_label (set to 'M') is ignored when average != 'binary' (got 'weighted'). You may use labels=[pos_label] to specify a single positive class.
  warnings.warn(

2024-08-30 21:43:06,240:WARNING:C:\Users\surya\OneDrive\Desktop\Data Science Project\Breast Cancer\.venv\Lib\site-packages\sklearn\metrics\_classification.py:1561: UserWarning: Note that pos_label (set to 'M') is ignored when average != 'binary' (got 'weighted'). You may use labels=[pos_label] to specify a single positive class.
  warnings.warn(

2024-08-30 21:43:06,242:WARNING:C:\Users\surya\OneDrive\Desktop\Data Science Project\Breast Cancer\.venv\Lib\site-packages\sklearn\metrics\_classification.py:1561: UserWarning: Note that pos_label (set to 'M') is ignored when average != 'binary' (got 'weighted'). You may use labels=[pos_label] to specify a single positive class.
  warnings.warn(

2024-08-30 21:43:06,243:WARNING:C:\Users\surya\OneDrive\Desktop\Data Science Project\Breast Cancer\.venv\Lib\site-packages\sklearn\metrics\_classification.py:1561: UserWarning: Note that pos_label (set to 'M') is ignored when average != 'binary' (got 'weighted'). You may use labels=[pos_label] to specify a single positive class.
  warnings.warn(

2024-08-30 21:43:06,244:WARNING:C:\Users\surya\OneDrive\Desktop\Data Science Project\Breast Cancer\.venv\Lib\site-packages\sklearn\metrics\_classification.py:1561: UserWarning: Note that pos_label (set to 'M') is ignored when average != 'binary' (got 'weighted'). You may use labels=[pos_label] to specify a single positive class.
  warnings.warn(

2024-08-30 21:43:06,245:WARNING:C:\Users\surya\OneDrive\Desktop\Data Science Project\Breast Cancer\.venv\Lib\site-packages\sklearn\metrics\_classification.py:1561: UserWarning: Note that pos_label (set to 'M') is ignored when average != 'binary' (got 'weighted'). You may use labels=[pos_label] to specify a single positive class.
  warnings.warn(

2024-08-30 21:43:06,245:WARNING:C:\Users\surya\OneDrive\Desktop\Data Science Project\Breast Cancer\.venv\Lib\site-packages\sklearn\metrics\_classification.py:1561: UserWarning: Note that pos_label (set to 'M') is ignored when average != 'binary' (got 'weighted'). You may use labels=[pos_label] to specify a single positive class.
  warnings.warn(

2024-08-30 21:43:06,248:WARNING:C:\Users\surya\OneDrive\Desktop\Data Science Project\Breast Cancer\.venv\Lib\site-packages\sklearn\metrics\_classification.py:1561: UserWarning: Note that pos_label (set to 'M') is ignored when average != 'binary' (got 'weighted'). You may use labels=[pos_label] to specify a single positive class.
  warnings.warn(

2024-08-30 21:43:06,249:WARNING:C:\Users\surya\OneDrive\Desktop\Data Science Project\Breast Cancer\.venv\Lib\site-packages\sklearn\metrics\_classification.py:1561: UserWarning: Note that pos_label (set to 'M') is ignored when average != 'binary' (got 'weighted'). You may use labels=[pos_label] to specify a single positive class.
  warnings.warn(

2024-08-30 21:43:06,250:WARNING:C:\Users\surya\OneDrive\Desktop\Data Science Project\Breast Cancer\.venv\Lib\site-packages\sklearn\metrics\_classification.py:1561: UserWarning: Note that pos_label (set to 'M') is ignored when average != 'binary' (got 'weighted'). You may use labels=[pos_label] to specify a single positive class.
  warnings.warn(

2024-08-30 21:43:06,257:WARNING:C:\Users\surya\OneDrive\Desktop\Data Science Project\Breast Cancer\.venv\Lib\site-packages\sklearn\metrics\_classification.py:1561: UserWarning: Note that pos_label (set to 'M') is ignored when average != 'binary' (got 'weighted'). You may use labels=[pos_label] to specify a single positive class.
  warnings.warn(

2024-08-30 21:43:06,257:WARNING:C:\Users\surya\OneDrive\Desktop\Data Science Project\Breast Cancer\.venv\Lib\site-packages\sklearn\metrics\_classification.py:1561: UserWarning: Note that pos_label (set to 'M') is ignored when average != 'binary' (got 'weighted'). You may use labels=[pos_label] to specify a single positive class.
  warnings.warn(

2024-08-30 21:43:06,259:WARNING:C:\Users\surya\OneDrive\Desktop\Data Science Project\Breast Cancer\.venv\Lib\site-packages\sklearn\metrics\_classification.py:1561: UserWarning: Note that pos_label (set to 'M') is ignored when average != 'binary' (got 'weighted'). You may use labels=[pos_label] to specify a single positive class.
  warnings.warn(

2024-08-30 21:43:06,260:WARNING:C:\Users\surya\OneDrive\Desktop\Data Science Project\Breast Cancer\.venv\Lib\site-packages\sklearn\metrics\_classification.py:1561: UserWarning: Note that pos_label (set to 'M') is ignored when average != 'binary' (got 'weighted'). You may use labels=[pos_label] to specify a single positive class.
  warnings.warn(

2024-08-30 21:43:06,261:WARNING:C:\Users\surya\OneDrive\Desktop\Data Science Project\Breast Cancer\.venv\Lib\site-packages\sklearn\metrics\_classification.py:1561: UserWarning: Note that pos_label (set to 'M') is ignored when average != 'binary' (got 'weighted'). You may use labels=[pos_label] to specify a single positive class.
  warnings.warn(

2024-08-30 21:43:06,261:WARNING:C:\Users\surya\OneDrive\Desktop\Data Science Project\Breast Cancer\.venv\Lib\site-packages\sklearn\metrics\_classification.py:1561: UserWarning: Note that pos_label (set to 'M') is ignored when average != 'binary' (got 'weighted'). You may use labels=[pos_label] to specify a single positive class.
  warnings.warn(

2024-08-30 21:43:06,262:WARNING:C:\Users\surya\OneDrive\Desktop\Data Science Project\Breast Cancer\.venv\Lib\site-packages\sklearn\metrics\_classification.py:1561: UserWarning: Note that pos_label (set to 'M') is ignored when average != 'binary' (got 'weighted'). You may use labels=[pos_label] to specify a single positive class.
  warnings.warn(

2024-08-30 21:43:06,265:WARNING:C:\Users\surya\OneDrive\Desktop\Data Science Project\Breast Cancer\.venv\Lib\site-packages\sklearn\metrics\_classification.py:1561: UserWarning: Note that pos_label (set to 'M') is ignored when average != 'binary' (got 'weighted'). You may use labels=[pos_label] to specify a single positive class.
  warnings.warn(

2024-08-30 21:43:06,267:WARNING:C:\Users\surya\OneDrive\Desktop\Data Science Project\Breast Cancer\.venv\Lib\site-packages\sklearn\metrics\_classification.py:1561: UserWarning: Note that pos_label (set to 'M') is ignored when average != 'binary' (got 'weighted'). You may use labels=[pos_label] to specify a single positive class.
  warnings.warn(

2024-08-30 21:43:06,272:INFO:Calculating mean and std
2024-08-30 21:43:06,273:INFO:Creating metrics dataframe
2024-08-30 21:43:06,275:INFO:Uploading results into container
2024-08-30 21:43:06,275:INFO:Uploading model into container now
2024-08-30 21:43:06,275:INFO:_master_model_container: 7
2024-08-30 21:43:06,275:INFO:_display_container: 2
2024-08-30 21:43:06,276:INFO:RandomForestClassifier(bootstrap=True, ccp_alpha=0.0, class_weight=None,
                       criterion='gini', max_depth=None, max_features='sqrt',
                       max_leaf_nodes=None, max_samples=None,
                       min_impurity_decrease=0.0, min_samples_leaf=1,
                       min_samples_split=2, min_weight_fraction_leaf=0.0,
                       monotonic_cst=None, n_estimators=100, n_jobs=-1,
                       oob_score=False, random_state=5634, verbose=0,
                       warm_start=False)
2024-08-30 21:43:06,276:INFO:create_model() successfully completed......................................
2024-08-30 21:43:06,358:INFO:SubProcess create_model() end ==================================
2024-08-30 21:43:06,358:INFO:Creating metrics dataframe
2024-08-30 21:43:06,360:INFO:Initializing Quadratic Discriminant Analysis
2024-08-30 21:43:06,360:INFO:Total runtime is 0.1260125438372294 minutes
2024-08-30 21:43:06,360:INFO:SubProcess create_model() called ==================================
2024-08-30 21:43:06,360:INFO:Initializing create_model()
2024-08-30 21:43:06,360:INFO:create_model(self=<pycaret.classification.oop.ClassificationExperiment object at 0x0000019F2A4B6F50>, estimator=qda, fold=StratifiedKFold(n_splits=10, random_state=None, shuffle=False), round=4, cross_validation=True, predict=True, fit_kwargs={}, groups=None, refit=False, probability_threshold=None, experiment_custom_tags=None, verbose=False, system=False, add_to_model_list=True, metrics=None, display=<pycaret.internal.display.display.CommonDisplay object at 0x0000019F2A30DD50>, model_only=True, return_train_score=False, error_score=0.0, kwargs={})
2024-08-30 21:43:06,360:INFO:Checking exceptions
2024-08-30 21:43:06,360:INFO:Importing libraries
2024-08-30 21:43:06,360:INFO:Copying training dataset
2024-08-30 21:43:06,364:INFO:Defining folds
2024-08-30 21:43:06,364:INFO:Declaring metric variables
2024-08-30 21:43:06,365:INFO:Importing untrained model
2024-08-30 21:43:06,365:INFO:Quadratic Discriminant Analysis Imported successfully
2024-08-30 21:43:06,365:INFO:Starting cross validation
2024-08-30 21:43:06,365:INFO:Cross validating with StratifiedKFold(n_splits=10, random_state=None, shuffle=False), n_jobs=-1
2024-08-30 21:43:06,403:WARNING:C:\Users\surya\OneDrive\Desktop\Data Science Project\Breast Cancer\.venv\Lib\site-packages\sklearn\metrics\_classification.py:1561: UserWarning: Note that pos_label (set to 'M') is ignored when average != 'binary' (got 'weighted'). You may use labels=[pos_label] to specify a single positive class.
  warnings.warn(

2024-08-30 21:43:06,406:WARNING:C:\Users\surya\OneDrive\Desktop\Data Science Project\Breast Cancer\.venv\Lib\site-packages\sklearn\metrics\_classification.py:1561: UserWarning: Note that pos_label (set to 'M') is ignored when average != 'binary' (got 'weighted'). You may use labels=[pos_label] to specify a single positive class.
  warnings.warn(

2024-08-30 21:43:06,406:WARNING:C:\Users\surya\OneDrive\Desktop\Data Science Project\Breast Cancer\.venv\Lib\site-packages\sklearn\metrics\_classification.py:1561: UserWarning: Note that pos_label (set to 'M') is ignored when average != 'binary' (got 'weighted'). You may use labels=[pos_label] to specify a single positive class.
  warnings.warn(

2024-08-30 21:43:06,408:WARNING:C:\Users\surya\OneDrive\Desktop\Data Science Project\Breast Cancer\.venv\Lib\site-packages\sklearn\metrics\_classification.py:1561: UserWarning: Note that pos_label (set to 'M') is ignored when average != 'binary' (got 'weighted'). You may use labels=[pos_label] to specify a single positive class.
  warnings.warn(

2024-08-30 21:43:06,408:WARNING:C:\Users\surya\OneDrive\Desktop\Data Science Project\Breast Cancer\.venv\Lib\site-packages\sklearn\metrics\_classification.py:1561: UserWarning: Note that pos_label (set to 'M') is ignored when average != 'binary' (got 'weighted'). You may use labels=[pos_label] to specify a single positive class.
  warnings.warn(

2024-08-30 21:43:06,409:WARNING:C:\Users\surya\OneDrive\Desktop\Data Science Project\Breast Cancer\.venv\Lib\site-packages\sklearn\metrics\_classification.py:1561: UserWarning: Note that pos_label (set to 'M') is ignored when average != 'binary' (got 'weighted'). You may use labels=[pos_label] to specify a single positive class.
  warnings.warn(

2024-08-30 21:43:06,411:WARNING:C:\Users\surya\OneDrive\Desktop\Data Science Project\Breast Cancer\.venv\Lib\site-packages\sklearn\metrics\_classification.py:1561: UserWarning: Note that pos_label (set to 'M') is ignored when average != 'binary' (got 'weighted'). You may use labels=[pos_label] to specify a single positive class.
  warnings.warn(

2024-08-30 21:43:06,412:WARNING:C:\Users\surya\OneDrive\Desktop\Data Science Project\Breast Cancer\.venv\Lib\site-packages\sklearn\metrics\_classification.py:1561: UserWarning: Note that pos_label (set to 'M') is ignored when average != 'binary' (got 'weighted'). You may use labels=[pos_label] to specify a single positive class.
  warnings.warn(

2024-08-30 21:43:06,413:WARNING:C:\Users\surya\OneDrive\Desktop\Data Science Project\Breast Cancer\.venv\Lib\site-packages\sklearn\metrics\_classification.py:1561: UserWarning: Note that pos_label (set to 'M') is ignored when average != 'binary' (got 'weighted'). You may use labels=[pos_label] to specify a single positive class.
  warnings.warn(

2024-08-30 21:43:06,413:WARNING:C:\Users\surya\OneDrive\Desktop\Data Science Project\Breast Cancer\.venv\Lib\site-packages\sklearn\metrics\_classification.py:1561: UserWarning: Note that pos_label (set to 'M') is ignored when average != 'binary' (got 'weighted'). You may use labels=[pos_label] to specify a single positive class.
  warnings.warn(

2024-08-30 21:43:06,415:WARNING:C:\Users\surya\OneDrive\Desktop\Data Science Project\Breast Cancer\.venv\Lib\site-packages\sklearn\metrics\_classification.py:1561: UserWarning: Note that pos_label (set to 'M') is ignored when average != 'binary' (got 'weighted'). You may use labels=[pos_label] to specify a single positive class.
  warnings.warn(

2024-08-30 21:43:06,415:WARNING:C:\Users\surya\OneDrive\Desktop\Data Science Project\Breast Cancer\.venv\Lib\site-packages\sklearn\metrics\_classification.py:1561: UserWarning: Note that pos_label (set to 'M') is ignored when average != 'binary' (got 'weighted'). You may use labels=[pos_label] to specify a single positive class.
  warnings.warn(

2024-08-30 21:43:06,415:WARNING:C:\Users\surya\OneDrive\Desktop\Data Science Project\Breast Cancer\.venv\Lib\site-packages\sklearn\metrics\_classification.py:1561: UserWarning: Note that pos_label (set to 'M') is ignored when average != 'binary' (got 'weighted'). You may use labels=[pos_label] to specify a single positive class.
  warnings.warn(

2024-08-30 21:43:06,416:WARNING:C:\Users\surya\OneDrive\Desktop\Data Science Project\Breast Cancer\.venv\Lib\site-packages\sklearn\metrics\_classification.py:1561: UserWarning: Note that pos_label (set to 'M') is ignored when average != 'binary' (got 'weighted'). You may use labels=[pos_label] to specify a single positive class.
  warnings.warn(

2024-08-30 21:43:06,417:WARNING:C:\Users\surya\OneDrive\Desktop\Data Science Project\Breast Cancer\.venv\Lib\site-packages\sklearn\metrics\_classification.py:1561: UserWarning: Note that pos_label (set to 'M') is ignored when average != 'binary' (got 'weighted'). You may use labels=[pos_label] to specify a single positive class.
  warnings.warn(

2024-08-30 21:43:06,418:WARNING:C:\Users\surya\OneDrive\Desktop\Data Science Project\Breast Cancer\.venv\Lib\site-packages\sklearn\metrics\_classification.py:1561: UserWarning: Note that pos_label (set to 'M') is ignored when average != 'binary' (got 'weighted'). You may use labels=[pos_label] to specify a single positive class.
  warnings.warn(

2024-08-30 21:43:06,418:WARNING:C:\Users\surya\OneDrive\Desktop\Data Science Project\Breast Cancer\.venv\Lib\site-packages\sklearn\metrics\_classification.py:1561: UserWarning: Note that pos_label (set to 'M') is ignored when average != 'binary' (got 'weighted'). You may use labels=[pos_label] to specify a single positive class.
  warnings.warn(

2024-08-30 21:43:06,420:WARNING:C:\Users\surya\OneDrive\Desktop\Data Science Project\Breast Cancer\.venv\Lib\site-packages\sklearn\metrics\_classification.py:1561: UserWarning: Note that pos_label (set to 'M') is ignored when average != 'binary' (got 'weighted'). You may use labels=[pos_label] to specify a single positive class.
  warnings.warn(

2024-08-30 21:43:06,422:WARNING:C:\Users\surya\OneDrive\Desktop\Data Science Project\Breast Cancer\.venv\Lib\site-packages\sklearn\metrics\_classification.py:1561: UserWarning: Note that pos_label (set to 'M') is ignored when average != 'binary' (got 'weighted'). You may use labels=[pos_label] to specify a single positive class.
  warnings.warn(

2024-08-30 21:43:06,422:WARNING:C:\Users\surya\OneDrive\Desktop\Data Science Project\Breast Cancer\.venv\Lib\site-packages\sklearn\metrics\_classification.py:1561: UserWarning: Note that pos_label (set to 'M') is ignored when average != 'binary' (got 'weighted'). You may use labels=[pos_label] to specify a single positive class.
  warnings.warn(

2024-08-30 21:43:06,424:WARNING:C:\Users\surya\OneDrive\Desktop\Data Science Project\Breast Cancer\.venv\Lib\site-packages\sklearn\metrics\_classification.py:1561: UserWarning: Note that pos_label (set to 'M') is ignored when average != 'binary' (got 'weighted'). You may use labels=[pos_label] to specify a single positive class.
  warnings.warn(

2024-08-30 21:43:06,424:WARNING:C:\Users\surya\OneDrive\Desktop\Data Science Project\Breast Cancer\.venv\Lib\site-packages\sklearn\metrics\_classification.py:1561: UserWarning: Note that pos_label (set to 'M') is ignored when average != 'binary' (got 'weighted'). You may use labels=[pos_label] to specify a single positive class.
  warnings.warn(

2024-08-30 21:43:06,427:WARNING:C:\Users\surya\OneDrive\Desktop\Data Science Project\Breast Cancer\.venv\Lib\site-packages\sklearn\metrics\_classification.py:1561: UserWarning: Note that pos_label (set to 'M') is ignored when average != 'binary' (got 'weighted'). You may use labels=[pos_label] to specify a single positive class.
  warnings.warn(

2024-08-30 21:43:06,428:WARNING:C:\Users\surya\OneDrive\Desktop\Data Science Project\Breast Cancer\.venv\Lib\site-packages\sklearn\metrics\_classification.py:1561: UserWarning: Note that pos_label (set to 'M') is ignored when average != 'binary' (got 'weighted'). You may use labels=[pos_label] to specify a single positive class.
  warnings.warn(

2024-08-30 21:43:06,429:WARNING:C:\Users\surya\OneDrive\Desktop\Data Science Project\Breast Cancer\.venv\Lib\site-packages\sklearn\metrics\_classification.py:1561: UserWarning: Note that pos_label (set to 'M') is ignored when average != 'binary' (got 'weighted'). You may use labels=[pos_label] to specify a single positive class.
  warnings.warn(

2024-08-30 21:43:06,429:WARNING:C:\Users\surya\OneDrive\Desktop\Data Science Project\Breast Cancer\.venv\Lib\site-packages\sklearn\metrics\_classification.py:1561: UserWarning: Note that pos_label (set to 'M') is ignored when average != 'binary' (got 'weighted'). You may use labels=[pos_label] to specify a single positive class.
  warnings.warn(

2024-08-30 21:43:06,430:WARNING:C:\Users\surya\OneDrive\Desktop\Data Science Project\Breast Cancer\.venv\Lib\site-packages\sklearn\metrics\_classification.py:1561: UserWarning: Note that pos_label (set to 'M') is ignored when average != 'binary' (got 'weighted'). You may use labels=[pos_label] to specify a single positive class.
  warnings.warn(

2024-08-30 21:43:06,431:WARNING:C:\Users\surya\OneDrive\Desktop\Data Science Project\Breast Cancer\.venv\Lib\site-packages\sklearn\metrics\_classification.py:1561: UserWarning: Note that pos_label (set to 'M') is ignored when average != 'binary' (got 'weighted'). You may use labels=[pos_label] to specify a single positive class.
  warnings.warn(

2024-08-30 21:43:06,432:WARNING:C:\Users\surya\OneDrive\Desktop\Data Science Project\Breast Cancer\.venv\Lib\site-packages\sklearn\metrics\_classification.py:1561: UserWarning: Note that pos_label (set to 'M') is ignored when average != 'binary' (got 'weighted'). You may use labels=[pos_label] to specify a single positive class.
  warnings.warn(

2024-08-30 21:43:06,436:INFO:Calculating mean and std
2024-08-30 21:43:06,437:INFO:Creating metrics dataframe
2024-08-30 21:43:06,438:INFO:Uploading results into container
2024-08-30 21:43:06,439:INFO:Uploading model into container now
2024-08-30 21:43:06,439:INFO:_master_model_container: 8
2024-08-30 21:43:06,439:INFO:_display_container: 2
2024-08-30 21:43:06,439:INFO:QuadraticDiscriminantAnalysis(priors=None, reg_param=0.0,
                              store_covariance=False, tol=0.0001)
2024-08-30 21:43:06,439:INFO:create_model() successfully completed......................................
2024-08-30 21:43:06,517:INFO:SubProcess create_model() end ==================================
2024-08-30 21:43:06,517:INFO:Creating metrics dataframe
2024-08-30 21:43:06,519:INFO:Initializing Ada Boost Classifier
2024-08-30 21:43:06,519:INFO:Total runtime is 0.12865525086720783 minutes
2024-08-30 21:43:06,519:INFO:SubProcess create_model() called ==================================
2024-08-30 21:43:06,519:INFO:Initializing create_model()
2024-08-30 21:43:06,519:INFO:create_model(self=<pycaret.classification.oop.ClassificationExperiment object at 0x0000019F2A4B6F50>, estimator=ada, fold=StratifiedKFold(n_splits=10, random_state=None, shuffle=False), round=4, cross_validation=True, predict=True, fit_kwargs={}, groups=None, refit=False, probability_threshold=None, experiment_custom_tags=None, verbose=False, system=False, add_to_model_list=True, metrics=None, display=<pycaret.internal.display.display.CommonDisplay object at 0x0000019F2A30DD50>, model_only=True, return_train_score=False, error_score=0.0, kwargs={})
2024-08-30 21:43:06,519:INFO:Checking exceptions
2024-08-30 21:43:06,519:INFO:Importing libraries
2024-08-30 21:43:06,519:INFO:Copying training dataset
2024-08-30 21:43:06,523:INFO:Defining folds
2024-08-30 21:43:06,523:INFO:Declaring metric variables
2024-08-30 21:43:06,523:INFO:Importing untrained model
2024-08-30 21:43:06,523:INFO:Ada Boost Classifier Imported successfully
2024-08-30 21:43:06,524:INFO:Starting cross validation
2024-08-30 21:43:06,524:INFO:Cross validating with StratifiedKFold(n_splits=10, random_state=None, shuffle=False), n_jobs=-1
2024-08-30 21:43:06,548:WARNING:C:\Users\surya\OneDrive\Desktop\Data Science Project\Breast Cancer\.venv\Lib\site-packages\sklearn\ensemble\_weight_boosting.py:519: FutureWarning: The SAMME.R algorithm (the default) is deprecated and will be removed in 1.6. Use the SAMME algorithm to circumvent this warning.
  warnings.warn(

2024-08-30 21:43:06,549:WARNING:C:\Users\surya\OneDrive\Desktop\Data Science Project\Breast Cancer\.venv\Lib\site-packages\sklearn\ensemble\_weight_boosting.py:519: FutureWarning: The SAMME.R algorithm (the default) is deprecated and will be removed in 1.6. Use the SAMME algorithm to circumvent this warning.
  warnings.warn(

2024-08-30 21:43:06,551:WARNING:C:\Users\surya\OneDrive\Desktop\Data Science Project\Breast Cancer\.venv\Lib\site-packages\sklearn\ensemble\_weight_boosting.py:519: FutureWarning: The SAMME.R algorithm (the default) is deprecated and will be removed in 1.6. Use the SAMME algorithm to circumvent this warning.
  warnings.warn(

2024-08-30 21:43:06,552:WARNING:C:\Users\surya\OneDrive\Desktop\Data Science Project\Breast Cancer\.venv\Lib\site-packages\sklearn\ensemble\_weight_boosting.py:519: FutureWarning: The SAMME.R algorithm (the default) is deprecated and will be removed in 1.6. Use the SAMME algorithm to circumvent this warning.
  warnings.warn(

2024-08-30 21:43:06,554:WARNING:C:\Users\surya\OneDrive\Desktop\Data Science Project\Breast Cancer\.venv\Lib\site-packages\sklearn\ensemble\_weight_boosting.py:519: FutureWarning: The SAMME.R algorithm (the default) is deprecated and will be removed in 1.6. Use the SAMME algorithm to circumvent this warning.
  warnings.warn(

2024-08-30 21:43:06,557:WARNING:C:\Users\surya\OneDrive\Desktop\Data Science Project\Breast Cancer\.venv\Lib\site-packages\sklearn\ensemble\_weight_boosting.py:519: FutureWarning: The SAMME.R algorithm (the default) is deprecated and will be removed in 1.6. Use the SAMME algorithm to circumvent this warning.
  warnings.warn(

2024-08-30 21:43:06,560:WARNING:C:\Users\surya\OneDrive\Desktop\Data Science Project\Breast Cancer\.venv\Lib\site-packages\sklearn\ensemble\_weight_boosting.py:519: FutureWarning: The SAMME.R algorithm (the default) is deprecated and will be removed in 1.6. Use the SAMME algorithm to circumvent this warning.
  warnings.warn(

2024-08-30 21:43:06,562:WARNING:C:\Users\surya\OneDrive\Desktop\Data Science Project\Breast Cancer\.venv\Lib\site-packages\sklearn\ensemble\_weight_boosting.py:519: FutureWarning: The SAMME.R algorithm (the default) is deprecated and will be removed in 1.6. Use the SAMME algorithm to circumvent this warning.
  warnings.warn(

2024-08-30 21:43:06,565:WARNING:C:\Users\surya\OneDrive\Desktop\Data Science Project\Breast Cancer\.venv\Lib\site-packages\sklearn\ensemble\_weight_boosting.py:519: FutureWarning: The SAMME.R algorithm (the default) is deprecated and will be removed in 1.6. Use the SAMME algorithm to circumvent this warning.
  warnings.warn(

2024-08-30 21:43:06,566:WARNING:C:\Users\surya\OneDrive\Desktop\Data Science Project\Breast Cancer\.venv\Lib\site-packages\sklearn\ensemble\_weight_boosting.py:519: FutureWarning: The SAMME.R algorithm (the default) is deprecated and will be removed in 1.6. Use the SAMME algorithm to circumvent this warning.
  warnings.warn(

2024-08-30 21:43:06,707:WARNING:C:\Users\surya\OneDrive\Desktop\Data Science Project\Breast Cancer\.venv\Lib\site-packages\sklearn\metrics\_classification.py:1561: UserWarning: Note that pos_label (set to 'M') is ignored when average != 'binary' (got 'weighted'). You may use labels=[pos_label] to specify a single positive class.
  warnings.warn(

2024-08-30 21:43:06,709:WARNING:C:\Users\surya\OneDrive\Desktop\Data Science Project\Breast Cancer\.venv\Lib\site-packages\sklearn\metrics\_classification.py:1561: UserWarning: Note that pos_label (set to 'M') is ignored when average != 'binary' (got 'weighted'). You may use labels=[pos_label] to specify a single positive class.
  warnings.warn(

2024-08-30 21:43:06,709:WARNING:C:\Users\surya\OneDrive\Desktop\Data Science Project\Breast Cancer\.venv\Lib\site-packages\sklearn\metrics\_classification.py:1561: UserWarning: Note that pos_label (set to 'M') is ignored when average != 'binary' (got 'weighted'). You may use labels=[pos_label] to specify a single positive class.
  warnings.warn(

2024-08-30 21:43:06,711:WARNING:C:\Users\surya\OneDrive\Desktop\Data Science Project\Breast Cancer\.venv\Lib\site-packages\sklearn\metrics\_classification.py:1561: UserWarning: Note that pos_label (set to 'M') is ignored when average != 'binary' (got 'weighted'). You may use labels=[pos_label] to specify a single positive class.
  warnings.warn(

2024-08-30 21:43:06,711:WARNING:C:\Users\surya\OneDrive\Desktop\Data Science Project\Breast Cancer\.venv\Lib\site-packages\sklearn\metrics\_classification.py:1561: UserWarning: Note that pos_label (set to 'M') is ignored when average != 'binary' (got 'weighted'). You may use labels=[pos_label] to specify a single positive class.
  warnings.warn(

2024-08-30 21:43:06,712:WARNING:C:\Users\surya\OneDrive\Desktop\Data Science Project\Breast Cancer\.venv\Lib\site-packages\sklearn\metrics\_classification.py:1561: UserWarning: Note that pos_label (set to 'M') is ignored when average != 'binary' (got 'weighted'). You may use labels=[pos_label] to specify a single positive class.
  warnings.warn(

2024-08-30 21:43:06,712:WARNING:C:\Users\surya\OneDrive\Desktop\Data Science Project\Breast Cancer\.venv\Lib\site-packages\sklearn\metrics\_classification.py:1561: UserWarning: Note that pos_label (set to 'M') is ignored when average != 'binary' (got 'weighted'). You may use labels=[pos_label] to specify a single positive class.
  warnings.warn(

2024-08-30 21:43:06,713:WARNING:C:\Users\surya\OneDrive\Desktop\Data Science Project\Breast Cancer\.venv\Lib\site-packages\sklearn\metrics\_classification.py:1561: UserWarning: Note that pos_label (set to 'M') is ignored when average != 'binary' (got 'weighted'). You may use labels=[pos_label] to specify a single positive class.
  warnings.warn(

2024-08-30 21:43:06,714:WARNING:C:\Users\surya\OneDrive\Desktop\Data Science Project\Breast Cancer\.venv\Lib\site-packages\sklearn\metrics\_classification.py:1561: UserWarning: Note that pos_label (set to 'M') is ignored when average != 'binary' (got 'weighted'). You may use labels=[pos_label] to specify a single positive class.
  warnings.warn(

2024-08-30 21:43:06,715:WARNING:C:\Users\surya\OneDrive\Desktop\Data Science Project\Breast Cancer\.venv\Lib\site-packages\sklearn\metrics\_classification.py:1561: UserWarning: Note that pos_label (set to 'M') is ignored when average != 'binary' (got 'weighted'). You may use labels=[pos_label] to specify a single positive class.
  warnings.warn(

2024-08-30 21:43:06,715:WARNING:C:\Users\surya\OneDrive\Desktop\Data Science Project\Breast Cancer\.venv\Lib\site-packages\sklearn\metrics\_classification.py:1561: UserWarning: Note that pos_label (set to 'M') is ignored when average != 'binary' (got 'weighted'). You may use labels=[pos_label] to specify a single positive class.
  warnings.warn(

2024-08-30 21:43:06,716:WARNING:C:\Users\surya\OneDrive\Desktop\Data Science Project\Breast Cancer\.venv\Lib\site-packages\sklearn\metrics\_classification.py:1561: UserWarning: Note that pos_label (set to 'M') is ignored when average != 'binary' (got 'weighted'). You may use labels=[pos_label] to specify a single positive class.
  warnings.warn(

2024-08-30 21:43:06,718:WARNING:C:\Users\surya\OneDrive\Desktop\Data Science Project\Breast Cancer\.venv\Lib\site-packages\sklearn\metrics\_classification.py:1561: UserWarning: Note that pos_label (set to 'M') is ignored when average != 'binary' (got 'weighted'). You may use labels=[pos_label] to specify a single positive class.
  warnings.warn(

2024-08-30 21:43:06,721:WARNING:C:\Users\surya\OneDrive\Desktop\Data Science Project\Breast Cancer\.venv\Lib\site-packages\sklearn\metrics\_classification.py:1561: UserWarning: Note that pos_label (set to 'M') is ignored when average != 'binary' (got 'weighted'). You may use labels=[pos_label] to specify a single positive class.
  warnings.warn(

2024-08-30 21:43:06,731:WARNING:C:\Users\surya\OneDrive\Desktop\Data Science Project\Breast Cancer\.venv\Lib\site-packages\sklearn\metrics\_classification.py:1561: UserWarning: Note that pos_label (set to 'M') is ignored when average != 'binary' (got 'weighted'). You may use labels=[pos_label] to specify a single positive class.
  warnings.warn(

2024-08-30 21:43:06,733:WARNING:C:\Users\surya\OneDrive\Desktop\Data Science Project\Breast Cancer\.venv\Lib\site-packages\sklearn\metrics\_classification.py:1561: UserWarning: Note that pos_label (set to 'M') is ignored when average != 'binary' (got 'weighted'). You may use labels=[pos_label] to specify a single positive class.
  warnings.warn(

2024-08-30 21:43:06,735:WARNING:C:\Users\surya\OneDrive\Desktop\Data Science Project\Breast Cancer\.venv\Lib\site-packages\sklearn\metrics\_classification.py:1561: UserWarning: Note that pos_label (set to 'M') is ignored when average != 'binary' (got 'weighted'). You may use labels=[pos_label] to specify a single positive class.
  warnings.warn(

2024-08-30 21:43:06,753:WARNING:C:\Users\surya\OneDrive\Desktop\Data Science Project\Breast Cancer\.venv\Lib\site-packages\sklearn\metrics\_classification.py:1561: UserWarning: Note that pos_label (set to 'M') is ignored when average != 'binary' (got 'weighted'). You may use labels=[pos_label] to specify a single positive class.
  warnings.warn(

2024-08-30 21:43:06,755:WARNING:C:\Users\surya\OneDrive\Desktop\Data Science Project\Breast Cancer\.venv\Lib\site-packages\sklearn\metrics\_classification.py:1561: UserWarning: Note that pos_label (set to 'M') is ignored when average != 'binary' (got 'weighted'). You may use labels=[pos_label] to specify a single positive class.
  warnings.warn(

2024-08-30 21:43:06,755:WARNING:C:\Users\surya\OneDrive\Desktop\Data Science Project\Breast Cancer\.venv\Lib\site-packages\sklearn\metrics\_classification.py:1561: UserWarning: Note that pos_label (set to 'M') is ignored when average != 'binary' (got 'weighted'). You may use labels=[pos_label] to specify a single positive class.
  warnings.warn(

2024-08-30 21:43:06,757:WARNING:C:\Users\surya\OneDrive\Desktop\Data Science Project\Breast Cancer\.venv\Lib\site-packages\sklearn\metrics\_classification.py:1561: UserWarning: Note that pos_label (set to 'M') is ignored when average != 'binary' (got 'weighted'). You may use labels=[pos_label] to specify a single positive class.
  warnings.warn(

2024-08-30 21:43:06,757:WARNING:C:\Users\surya\OneDrive\Desktop\Data Science Project\Breast Cancer\.venv\Lib\site-packages\sklearn\metrics\_classification.py:1561: UserWarning: Note that pos_label (set to 'M') is ignored when average != 'binary' (got 'weighted'). You may use labels=[pos_label] to specify a single positive class.
  warnings.warn(

2024-08-30 21:43:06,759:WARNING:C:\Users\surya\OneDrive\Desktop\Data Science Project\Breast Cancer\.venv\Lib\site-packages\sklearn\metrics\_classification.py:1561: UserWarning: Note that pos_label (set to 'M') is ignored when average != 'binary' (got 'weighted'). You may use labels=[pos_label] to specify a single positive class.
  warnings.warn(

2024-08-30 21:43:06,762:WARNING:C:\Users\surya\OneDrive\Desktop\Data Science Project\Breast Cancer\.venv\Lib\site-packages\sklearn\metrics\_classification.py:1561: UserWarning: Note that pos_label (set to 'M') is ignored when average != 'binary' (got 'weighted'). You may use labels=[pos_label] to specify a single positive class.
  warnings.warn(

2024-08-30 21:43:06,764:WARNING:C:\Users\surya\OneDrive\Desktop\Data Science Project\Breast Cancer\.venv\Lib\site-packages\sklearn\metrics\_classification.py:1561: UserWarning: Note that pos_label (set to 'M') is ignored when average != 'binary' (got 'weighted'). You may use labels=[pos_label] to specify a single positive class.
  warnings.warn(

2024-08-30 21:43:06,764:WARNING:C:\Users\surya\OneDrive\Desktop\Data Science Project\Breast Cancer\.venv\Lib\site-packages\sklearn\metrics\_classification.py:1561: UserWarning: Note that pos_label (set to 'M') is ignored when average != 'binary' (got 'weighted'). You may use labels=[pos_label] to specify a single positive class.
  warnings.warn(

2024-08-30 21:43:06,766:WARNING:C:\Users\surya\OneDrive\Desktop\Data Science Project\Breast Cancer\.venv\Lib\site-packages\sklearn\metrics\_classification.py:1561: UserWarning: Note that pos_label (set to 'M') is ignored when average != 'binary' (got 'weighted'). You may use labels=[pos_label] to specify a single positive class.
  warnings.warn(

2024-08-30 21:43:06,766:WARNING:C:\Users\surya\OneDrive\Desktop\Data Science Project\Breast Cancer\.venv\Lib\site-packages\sklearn\metrics\_classification.py:1561: UserWarning: Note that pos_label (set to 'M') is ignored when average != 'binary' (got 'weighted'). You may use labels=[pos_label] to specify a single positive class.
  warnings.warn(

2024-08-30 21:43:06,768:WARNING:C:\Users\surya\OneDrive\Desktop\Data Science Project\Breast Cancer\.venv\Lib\site-packages\sklearn\metrics\_classification.py:1561: UserWarning: Note that pos_label (set to 'M') is ignored when average != 'binary' (got 'weighted'). You may use labels=[pos_label] to specify a single positive class.
  warnings.warn(

2024-08-30 21:43:06,773:INFO:Calculating mean and std
2024-08-30 21:43:06,775:INFO:Creating metrics dataframe
2024-08-30 21:43:06,776:INFO:Uploading results into container
2024-08-30 21:43:06,776:INFO:Uploading model into container now
2024-08-30 21:43:06,777:INFO:_master_model_container: 9
2024-08-30 21:43:06,777:INFO:_display_container: 2
2024-08-30 21:43:06,777:INFO:AdaBoostClassifier(algorithm='SAMME.R', estimator=None, learning_rate=1.0,
                   n_estimators=50, random_state=5634)
2024-08-30 21:43:06,777:INFO:create_model() successfully completed......................................
2024-08-30 21:43:06,854:INFO:SubProcess create_model() end ==================================
2024-08-30 21:43:06,854:INFO:Creating metrics dataframe
2024-08-30 21:43:06,856:INFO:Initializing Gradient Boosting Classifier
2024-08-30 21:43:06,856:INFO:Total runtime is 0.13427262306213378 minutes
2024-08-30 21:43:06,856:INFO:SubProcess create_model() called ==================================
2024-08-30 21:43:06,856:INFO:Initializing create_model()
2024-08-30 21:43:06,856:INFO:create_model(self=<pycaret.classification.oop.ClassificationExperiment object at 0x0000019F2A4B6F50>, estimator=gbc, fold=StratifiedKFold(n_splits=10, random_state=None, shuffle=False), round=4, cross_validation=True, predict=True, fit_kwargs={}, groups=None, refit=False, probability_threshold=None, experiment_custom_tags=None, verbose=False, system=False, add_to_model_list=True, metrics=None, display=<pycaret.internal.display.display.CommonDisplay object at 0x0000019F2A30DD50>, model_only=True, return_train_score=False, error_score=0.0, kwargs={})
2024-08-30 21:43:06,856:INFO:Checking exceptions
2024-08-30 21:43:06,856:INFO:Importing libraries
2024-08-30 21:43:06,856:INFO:Copying training dataset
2024-08-30 21:43:06,860:INFO:Defining folds
2024-08-30 21:43:06,860:INFO:Declaring metric variables
2024-08-30 21:43:06,861:INFO:Importing untrained model
2024-08-30 21:43:06,861:INFO:Gradient Boosting Classifier Imported successfully
2024-08-30 21:43:06,861:INFO:Starting cross validation
2024-08-30 21:43:06,862:INFO:Cross validating with StratifiedKFold(n_splits=10, random_state=None, shuffle=False), n_jobs=-1
2024-08-30 21:43:07,333:WARNING:C:\Users\surya\OneDrive\Desktop\Data Science Project\Breast Cancer\.venv\Lib\site-packages\sklearn\metrics\_classification.py:1561: UserWarning: Note that pos_label (set to 'M') is ignored when average != 'binary' (got 'weighted'). You may use labels=[pos_label] to specify a single positive class.
  warnings.warn(

2024-08-30 21:43:07,336:WARNING:C:\Users\surya\OneDrive\Desktop\Data Science Project\Breast Cancer\.venv\Lib\site-packages\sklearn\metrics\_classification.py:1561: UserWarning: Note that pos_label (set to 'M') is ignored when average != 'binary' (got 'weighted'). You may use labels=[pos_label] to specify a single positive class.
  warnings.warn(

2024-08-30 21:43:07,338:WARNING:C:\Users\surya\OneDrive\Desktop\Data Science Project\Breast Cancer\.venv\Lib\site-packages\sklearn\metrics\_classification.py:1561: UserWarning: Note that pos_label (set to 'M') is ignored when average != 'binary' (got 'weighted'). You may use labels=[pos_label] to specify a single positive class.
  warnings.warn(

2024-08-30 21:43:07,344:WARNING:C:\Users\surya\OneDrive\Desktop\Data Science Project\Breast Cancer\.venv\Lib\site-packages\sklearn\metrics\_classification.py:1561: UserWarning: Note that pos_label (set to 'M') is ignored when average != 'binary' (got 'weighted'). You may use labels=[pos_label] to specify a single positive class.
  warnings.warn(

2024-08-30 21:43:07,347:WARNING:C:\Users\surya\OneDrive\Desktop\Data Science Project\Breast Cancer\.venv\Lib\site-packages\sklearn\metrics\_classification.py:1561: UserWarning: Note that pos_label (set to 'M') is ignored when average != 'binary' (got 'weighted'). You may use labels=[pos_label] to specify a single positive class.
  warnings.warn(

2024-08-30 21:43:07,350:WARNING:C:\Users\surya\OneDrive\Desktop\Data Science Project\Breast Cancer\.venv\Lib\site-packages\sklearn\metrics\_classification.py:1561: UserWarning: Note that pos_label (set to 'M') is ignored when average != 'binary' (got 'weighted'). You may use labels=[pos_label] to specify a single positive class.
  warnings.warn(

2024-08-30 21:43:07,350:WARNING:C:\Users\surya\OneDrive\Desktop\Data Science Project\Breast Cancer\.venv\Lib\site-packages\sklearn\metrics\_classification.py:1561: UserWarning: Note that pos_label (set to 'M') is ignored when average != 'binary' (got 'weighted'). You may use labels=[pos_label] to specify a single positive class.
  warnings.warn(

2024-08-30 21:43:07,352:WARNING:C:\Users\surya\OneDrive\Desktop\Data Science Project\Breast Cancer\.venv\Lib\site-packages\sklearn\metrics\_classification.py:1561: UserWarning: Note that pos_label (set to 'M') is ignored when average != 'binary' (got 'weighted'). You may use labels=[pos_label] to specify a single positive class.
  warnings.warn(

2024-08-30 21:43:07,355:WARNING:C:\Users\surya\OneDrive\Desktop\Data Science Project\Breast Cancer\.venv\Lib\site-packages\sklearn\metrics\_classification.py:1561: UserWarning: Note that pos_label (set to 'M') is ignored when average != 'binary' (got 'weighted'). You may use labels=[pos_label] to specify a single positive class.
  warnings.warn(

2024-08-30 21:43:07,362:WARNING:C:\Users\surya\OneDrive\Desktop\Data Science Project\Breast Cancer\.venv\Lib\site-packages\sklearn\metrics\_classification.py:1561: UserWarning: Note that pos_label (set to 'M') is ignored when average != 'binary' (got 'weighted'). You may use labels=[pos_label] to specify a single positive class.
  warnings.warn(

2024-08-30 21:43:07,364:WARNING:C:\Users\surya\OneDrive\Desktop\Data Science Project\Breast Cancer\.venv\Lib\site-packages\sklearn\metrics\_classification.py:1561: UserWarning: Note that pos_label (set to 'M') is ignored when average != 'binary' (got 'weighted'). You may use labels=[pos_label] to specify a single positive class.
  warnings.warn(

2024-08-30 21:43:07,367:WARNING:C:\Users\surya\OneDrive\Desktop\Data Science Project\Breast Cancer\.venv\Lib\site-packages\sklearn\metrics\_classification.py:1561: UserWarning: Note that pos_label (set to 'M') is ignored when average != 'binary' (got 'weighted'). You may use labels=[pos_label] to specify a single positive class.
  warnings.warn(

2024-08-30 21:43:07,369:WARNING:C:\Users\surya\OneDrive\Desktop\Data Science Project\Breast Cancer\.venv\Lib\site-packages\sklearn\metrics\_classification.py:1561: UserWarning: Note that pos_label (set to 'M') is ignored when average != 'binary' (got 'weighted'). You may use labels=[pos_label] to specify a single positive class.
  warnings.warn(

2024-08-30 21:43:07,371:WARNING:C:\Users\surya\OneDrive\Desktop\Data Science Project\Breast Cancer\.venv\Lib\site-packages\sklearn\metrics\_classification.py:1561: UserWarning: Note that pos_label (set to 'M') is ignored when average != 'binary' (got 'weighted'). You may use labels=[pos_label] to specify a single positive class.
  warnings.warn(

2024-08-30 21:43:07,371:WARNING:C:\Users\surya\OneDrive\Desktop\Data Science Project\Breast Cancer\.venv\Lib\site-packages\sklearn\metrics\_classification.py:1561: UserWarning: Note that pos_label (set to 'M') is ignored when average != 'binary' (got 'weighted'). You may use labels=[pos_label] to specify a single positive class.
  warnings.warn(

2024-08-30 21:43:07,374:WARNING:C:\Users\surya\OneDrive\Desktop\Data Science Project\Breast Cancer\.venv\Lib\site-packages\sklearn\metrics\_classification.py:1561: UserWarning: Note that pos_label (set to 'M') is ignored when average != 'binary' (got 'weighted'). You may use labels=[pos_label] to specify a single positive class.
  warnings.warn(

2024-08-30 21:43:07,374:WARNING:C:\Users\surya\OneDrive\Desktop\Data Science Project\Breast Cancer\.venv\Lib\site-packages\sklearn\metrics\_classification.py:1561: UserWarning: Note that pos_label (set to 'M') is ignored when average != 'binary' (got 'weighted'). You may use labels=[pos_label] to specify a single positive class.
  warnings.warn(

2024-08-30 21:43:07,376:WARNING:C:\Users\surya\OneDrive\Desktop\Data Science Project\Breast Cancer\.venv\Lib\site-packages\sklearn\metrics\_classification.py:1561: UserWarning: Note that pos_label (set to 'M') is ignored when average != 'binary' (got 'weighted'). You may use labels=[pos_label] to specify a single positive class.
  warnings.warn(

2024-08-30 21:43:07,412:WARNING:C:\Users\surya\OneDrive\Desktop\Data Science Project\Breast Cancer\.venv\Lib\site-packages\sklearn\metrics\_classification.py:1561: UserWarning: Note that pos_label (set to 'M') is ignored when average != 'binary' (got 'weighted'). You may use labels=[pos_label] to specify a single positive class.
  warnings.warn(

2024-08-30 21:43:07,413:WARNING:C:\Users\surya\OneDrive\Desktop\Data Science Project\Breast Cancer\.venv\Lib\site-packages\sklearn\metrics\_classification.py:1561: UserWarning: Note that pos_label (set to 'M') is ignored when average != 'binary' (got 'weighted'). You may use labels=[pos_label] to specify a single positive class.
  warnings.warn(

2024-08-30 21:43:07,414:WARNING:C:\Users\surya\OneDrive\Desktop\Data Science Project\Breast Cancer\.venv\Lib\site-packages\sklearn\metrics\_classification.py:1561: UserWarning: Note that pos_label (set to 'M') is ignored when average != 'binary' (got 'weighted'). You may use labels=[pos_label] to specify a single positive class.
  warnings.warn(

2024-08-30 21:43:07,415:WARNING:C:\Users\surya\OneDrive\Desktop\Data Science Project\Breast Cancer\.venv\Lib\site-packages\sklearn\metrics\_classification.py:1561: UserWarning: Note that pos_label (set to 'M') is ignored when average != 'binary' (got 'weighted'). You may use labels=[pos_label] to specify a single positive class.
  warnings.warn(

2024-08-30 21:43:07,416:WARNING:C:\Users\surya\OneDrive\Desktop\Data Science Project\Breast Cancer\.venv\Lib\site-packages\sklearn\metrics\_classification.py:1561: UserWarning: Note that pos_label (set to 'M') is ignored when average != 'binary' (got 'weighted'). You may use labels=[pos_label] to specify a single positive class.
  warnings.warn(

2024-08-30 21:43:07,416:WARNING:C:\Users\surya\OneDrive\Desktop\Data Science Project\Breast Cancer\.venv\Lib\site-packages\sklearn\metrics\_classification.py:1561: UserWarning: Note that pos_label (set to 'M') is ignored when average != 'binary' (got 'weighted'). You may use labels=[pos_label] to specify a single positive class.
  warnings.warn(

2024-08-30 21:43:07,417:WARNING:C:\Users\surya\OneDrive\Desktop\Data Science Project\Breast Cancer\.venv\Lib\site-packages\sklearn\metrics\_classification.py:1561: UserWarning: Note that pos_label (set to 'M') is ignored when average != 'binary' (got 'weighted'). You may use labels=[pos_label] to specify a single positive class.
  warnings.warn(

2024-08-30 21:43:07,418:WARNING:C:\Users\surya\OneDrive\Desktop\Data Science Project\Breast Cancer\.venv\Lib\site-packages\sklearn\metrics\_classification.py:1561: UserWarning: Note that pos_label (set to 'M') is ignored when average != 'binary' (got 'weighted'). You may use labels=[pos_label] to specify a single positive class.
  warnings.warn(

2024-08-30 21:43:07,424:WARNING:C:\Users\surya\OneDrive\Desktop\Data Science Project\Breast Cancer\.venv\Lib\site-packages\sklearn\metrics\_classification.py:1561: UserWarning: Note that pos_label (set to 'M') is ignored when average != 'binary' (got 'weighted'). You may use labels=[pos_label] to specify a single positive class.
  warnings.warn(

2024-08-30 21:43:07,426:WARNING:C:\Users\surya\OneDrive\Desktop\Data Science Project\Breast Cancer\.venv\Lib\site-packages\sklearn\metrics\_classification.py:1561: UserWarning: Note that pos_label (set to 'M') is ignored when average != 'binary' (got 'weighted'). You may use labels=[pos_label] to specify a single positive class.
  warnings.warn(

2024-08-30 21:43:07,427:WARNING:C:\Users\surya\OneDrive\Desktop\Data Science Project\Breast Cancer\.venv\Lib\site-packages\sklearn\metrics\_classification.py:1561: UserWarning: Note that pos_label (set to 'M') is ignored when average != 'binary' (got 'weighted'). You may use labels=[pos_label] to specify a single positive class.
  warnings.warn(

2024-08-30 21:43:07,431:INFO:Calculating mean and std
2024-08-30 21:43:07,433:INFO:Creating metrics dataframe
2024-08-30 21:43:07,434:INFO:Uploading results into container
2024-08-30 21:43:07,434:INFO:Uploading model into container now
2024-08-30 21:43:07,434:INFO:_master_model_container: 10
2024-08-30 21:43:07,435:INFO:_display_container: 2
2024-08-30 21:43:07,435:INFO:GradientBoostingClassifier(ccp_alpha=0.0, criterion='friedman_mse', init=None,
                           learning_rate=0.1, loss='log_loss', max_depth=3,
                           max_features=None, max_leaf_nodes=None,
                           min_impurity_decrease=0.0, min_samples_leaf=1,
                           min_samples_split=2, min_weight_fraction_leaf=0.0,
                           n_estimators=100, n_iter_no_change=None,
                           random_state=5634, subsample=1.0, tol=0.0001,
                           validation_fraction=0.1, verbose=0,
                           warm_start=False)
2024-08-30 21:43:07,435:INFO:create_model() successfully completed......................................
2024-08-30 21:43:07,512:INFO:SubProcess create_model() end ==================================
2024-08-30 21:43:07,513:INFO:Creating metrics dataframe
2024-08-30 21:43:07,514:INFO:Initializing Linear Discriminant Analysis
2024-08-30 21:43:07,514:INFO:Total runtime is 0.14523982604344685 minutes
2024-08-30 21:43:07,515:INFO:SubProcess create_model() called ==================================
2024-08-30 21:43:07,515:INFO:Initializing create_model()
2024-08-30 21:43:07,515:INFO:create_model(self=<pycaret.classification.oop.ClassificationExperiment object at 0x0000019F2A4B6F50>, estimator=lda, fold=StratifiedKFold(n_splits=10, random_state=None, shuffle=False), round=4, cross_validation=True, predict=True, fit_kwargs={}, groups=None, refit=False, probability_threshold=None, experiment_custom_tags=None, verbose=False, system=False, add_to_model_list=True, metrics=None, display=<pycaret.internal.display.display.CommonDisplay object at 0x0000019F2A30DD50>, model_only=True, return_train_score=False, error_score=0.0, kwargs={})
2024-08-30 21:43:07,515:INFO:Checking exceptions
2024-08-30 21:43:07,515:INFO:Importing libraries
2024-08-30 21:43:07,515:INFO:Copying training dataset
2024-08-30 21:43:07,519:INFO:Defining folds
2024-08-30 21:43:07,519:INFO:Declaring metric variables
2024-08-30 21:43:07,519:INFO:Importing untrained model
2024-08-30 21:43:07,519:INFO:Linear Discriminant Analysis Imported successfully
2024-08-30 21:43:07,519:INFO:Starting cross validation
2024-08-30 21:43:07,520:INFO:Cross validating with StratifiedKFold(n_splits=10, random_state=None, shuffle=False), n_jobs=-1
2024-08-30 21:43:07,557:WARNING:C:\Users\surya\OneDrive\Desktop\Data Science Project\Breast Cancer\.venv\Lib\site-packages\sklearn\metrics\_classification.py:1561: UserWarning: Note that pos_label (set to 'M') is ignored when average != 'binary' (got 'weighted'). You may use labels=[pos_label] to specify a single positive class.
  warnings.warn(

2024-08-30 21:43:07,558:WARNING:C:\Users\surya\OneDrive\Desktop\Data Science Project\Breast Cancer\.venv\Lib\site-packages\sklearn\metrics\_classification.py:1561: UserWarning: Note that pos_label (set to 'M') is ignored when average != 'binary' (got 'weighted'). You may use labels=[pos_label] to specify a single positive class.
  warnings.warn(

2024-08-30 21:43:07,559:WARNING:C:\Users\surya\OneDrive\Desktop\Data Science Project\Breast Cancer\.venv\Lib\site-packages\sklearn\metrics\_classification.py:1561: UserWarning: Note that pos_label (set to 'M') is ignored when average != 'binary' (got 'weighted'). You may use labels=[pos_label] to specify a single positive class.
  warnings.warn(

2024-08-30 21:43:07,562:WARNING:C:\Users\surya\OneDrive\Desktop\Data Science Project\Breast Cancer\.venv\Lib\site-packages\sklearn\metrics\_classification.py:1561: UserWarning: Note that pos_label (set to 'M') is ignored when average != 'binary' (got 'weighted'). You may use labels=[pos_label] to specify a single positive class.
  warnings.warn(

2024-08-30 21:43:07,562:WARNING:C:\Users\surya\OneDrive\Desktop\Data Science Project\Breast Cancer\.venv\Lib\site-packages\sklearn\metrics\_classification.py:1561: UserWarning: Note that pos_label (set to 'M') is ignored when average != 'binary' (got 'weighted'). You may use labels=[pos_label] to specify a single positive class.
  warnings.warn(

2024-08-30 21:43:07,562:WARNING:C:\Users\surya\OneDrive\Desktop\Data Science Project\Breast Cancer\.venv\Lib\site-packages\sklearn\metrics\_classification.py:1561: UserWarning: Note that pos_label (set to 'M') is ignored when average != 'binary' (got 'weighted'). You may use labels=[pos_label] to specify a single positive class.
  warnings.warn(

2024-08-30 21:43:07,563:WARNING:C:\Users\surya\OneDrive\Desktop\Data Science Project\Breast Cancer\.venv\Lib\site-packages\sklearn\metrics\_classification.py:1561: UserWarning: Note that pos_label (set to 'M') is ignored when average != 'binary' (got 'weighted'). You may use labels=[pos_label] to specify a single positive class.
  warnings.warn(

2024-08-30 21:43:07,565:WARNING:C:\Users\surya\OneDrive\Desktop\Data Science Project\Breast Cancer\.venv\Lib\site-packages\sklearn\metrics\_classification.py:1561: UserWarning: Note that pos_label (set to 'M') is ignored when average != 'binary' (got 'weighted'). You may use labels=[pos_label] to specify a single positive class.
  warnings.warn(

2024-08-30 21:43:07,566:WARNING:C:\Users\surya\OneDrive\Desktop\Data Science Project\Breast Cancer\.venv\Lib\site-packages\sklearn\metrics\_classification.py:1561: UserWarning: Note that pos_label (set to 'M') is ignored when average != 'binary' (got 'weighted'). You may use labels=[pos_label] to specify a single positive class.
  warnings.warn(

2024-08-30 21:43:07,566:WARNING:C:\Users\surya\OneDrive\Desktop\Data Science Project\Breast Cancer\.venv\Lib\site-packages\sklearn\metrics\_classification.py:1561: UserWarning: Note that pos_label (set to 'M') is ignored when average != 'binary' (got 'weighted'). You may use labels=[pos_label] to specify a single positive class.
  warnings.warn(

2024-08-30 21:43:07,567:WARNING:C:\Users\surya\OneDrive\Desktop\Data Science Project\Breast Cancer\.venv\Lib\site-packages\sklearn\metrics\_classification.py:1561: UserWarning: Note that pos_label (set to 'M') is ignored when average != 'binary' (got 'weighted'). You may use labels=[pos_label] to specify a single positive class.
  warnings.warn(

2024-08-30 21:43:07,568:WARNING:C:\Users\surya\OneDrive\Desktop\Data Science Project\Breast Cancer\.venv\Lib\site-packages\sklearn\metrics\_classification.py:1561: UserWarning: Note that pos_label (set to 'M') is ignored when average != 'binary' (got 'weighted'). You may use labels=[pos_label] to specify a single positive class.
  warnings.warn(

2024-08-30 21:43:07,569:WARNING:C:\Users\surya\OneDrive\Desktop\Data Science Project\Breast Cancer\.venv\Lib\site-packages\sklearn\metrics\_classification.py:1561: UserWarning: Note that pos_label (set to 'M') is ignored when average != 'binary' (got 'weighted'). You may use labels=[pos_label] to specify a single positive class.
  warnings.warn(

2024-08-30 21:43:07,571:WARNING:C:\Users\surya\OneDrive\Desktop\Data Science Project\Breast Cancer\.venv\Lib\site-packages\sklearn\metrics\_classification.py:1561: UserWarning: Note that pos_label (set to 'M') is ignored when average != 'binary' (got 'weighted'). You may use labels=[pos_label] to specify a single positive class.
  warnings.warn(

2024-08-30 21:43:07,571:WARNING:C:\Users\surya\OneDrive\Desktop\Data Science Project\Breast Cancer\.venv\Lib\site-packages\sklearn\metrics\_classification.py:1561: UserWarning: Note that pos_label (set to 'M') is ignored when average != 'binary' (got 'weighted'). You may use labels=[pos_label] to specify a single positive class.
  warnings.warn(

2024-08-30 21:43:07,571:WARNING:C:\Users\surya\OneDrive\Desktop\Data Science Project\Breast Cancer\.venv\Lib\site-packages\sklearn\metrics\_classification.py:1561: UserWarning: Note that pos_label (set to 'M') is ignored when average != 'binary' (got 'weighted'). You may use labels=[pos_label] to specify a single positive class.
  warnings.warn(

2024-08-30 21:43:07,573:WARNING:C:\Users\surya\OneDrive\Desktop\Data Science Project\Breast Cancer\.venv\Lib\site-packages\sklearn\metrics\_classification.py:1561: UserWarning: Note that pos_label (set to 'M') is ignored when average != 'binary' (got 'weighted'). You may use labels=[pos_label] to specify a single positive class.
  warnings.warn(

2024-08-30 21:43:07,574:WARNING:C:\Users\surya\OneDrive\Desktop\Data Science Project\Breast Cancer\.venv\Lib\site-packages\sklearn\metrics\_classification.py:1561: UserWarning: Note that pos_label (set to 'M') is ignored when average != 'binary' (got 'weighted'). You may use labels=[pos_label] to specify a single positive class.
  warnings.warn(

2024-08-30 21:43:07,575:WARNING:C:\Users\surya\OneDrive\Desktop\Data Science Project\Breast Cancer\.venv\Lib\site-packages\sklearn\metrics\_classification.py:1561: UserWarning: Note that pos_label (set to 'M') is ignored when average != 'binary' (got 'weighted'). You may use labels=[pos_label] to specify a single positive class.
  warnings.warn(

2024-08-30 21:43:07,575:WARNING:C:\Users\surya\OneDrive\Desktop\Data Science Project\Breast Cancer\.venv\Lib\site-packages\sklearn\metrics\_classification.py:1561: UserWarning: Note that pos_label (set to 'M') is ignored when average != 'binary' (got 'weighted'). You may use labels=[pos_label] to specify a single positive class.
  warnings.warn(

2024-08-30 21:43:07,576:WARNING:C:\Users\surya\OneDrive\Desktop\Data Science Project\Breast Cancer\.venv\Lib\site-packages\sklearn\metrics\_classification.py:1561: UserWarning: Note that pos_label (set to 'M') is ignored when average != 'binary' (got 'weighted'). You may use labels=[pos_label] to specify a single positive class.
  warnings.warn(

2024-08-30 21:43:07,577:WARNING:C:\Users\surya\OneDrive\Desktop\Data Science Project\Breast Cancer\.venv\Lib\site-packages\sklearn\metrics\_classification.py:1561: UserWarning: Note that pos_label (set to 'M') is ignored when average != 'binary' (got 'weighted'). You may use labels=[pos_label] to specify a single positive class.
  warnings.warn(

2024-08-30 21:43:07,577:WARNING:C:\Users\surya\OneDrive\Desktop\Data Science Project\Breast Cancer\.venv\Lib\site-packages\sklearn\metrics\_classification.py:1561: UserWarning: Note that pos_label (set to 'M') is ignored when average != 'binary' (got 'weighted'). You may use labels=[pos_label] to specify a single positive class.
  warnings.warn(

2024-08-30 21:43:07,578:WARNING:C:\Users\surya\OneDrive\Desktop\Data Science Project\Breast Cancer\.venv\Lib\site-packages\sklearn\metrics\_classification.py:1561: UserWarning: Note that pos_label (set to 'M') is ignored when average != 'binary' (got 'weighted'). You may use labels=[pos_label] to specify a single positive class.
  warnings.warn(

2024-08-30 21:43:07,578:WARNING:C:\Users\surya\OneDrive\Desktop\Data Science Project\Breast Cancer\.venv\Lib\site-packages\sklearn\metrics\_classification.py:1561: UserWarning: Note that pos_label (set to 'M') is ignored when average != 'binary' (got 'weighted'). You may use labels=[pos_label] to specify a single positive class.
  warnings.warn(

2024-08-30 21:43:07,579:WARNING:C:\Users\surya\OneDrive\Desktop\Data Science Project\Breast Cancer\.venv\Lib\site-packages\sklearn\metrics\_classification.py:1561: UserWarning: Note that pos_label (set to 'M') is ignored when average != 'binary' (got 'weighted'). You may use labels=[pos_label] to specify a single positive class.
  warnings.warn(

2024-08-30 21:43:07,580:WARNING:C:\Users\surya\OneDrive\Desktop\Data Science Project\Breast Cancer\.venv\Lib\site-packages\sklearn\metrics\_classification.py:1561: UserWarning: Note that pos_label (set to 'M') is ignored when average != 'binary' (got 'weighted'). You may use labels=[pos_label] to specify a single positive class.
  warnings.warn(

2024-08-30 21:43:07,580:WARNING:C:\Users\surya\OneDrive\Desktop\Data Science Project\Breast Cancer\.venv\Lib\site-packages\sklearn\metrics\_classification.py:1561: UserWarning: Note that pos_label (set to 'M') is ignored when average != 'binary' (got 'weighted'). You may use labels=[pos_label] to specify a single positive class.
  warnings.warn(

2024-08-30 21:43:07,583:WARNING:C:\Users\surya\OneDrive\Desktop\Data Science Project\Breast Cancer\.venv\Lib\site-packages\sklearn\metrics\_classification.py:1561: UserWarning: Note that pos_label (set to 'M') is ignored when average != 'binary' (got 'weighted'). You may use labels=[pos_label] to specify a single positive class.
  warnings.warn(

2024-08-30 21:43:07,583:WARNING:C:\Users\surya\OneDrive\Desktop\Data Science Project\Breast Cancer\.venv\Lib\site-packages\sklearn\metrics\_classification.py:1561: UserWarning: Note that pos_label (set to 'M') is ignored when average != 'binary' (got 'weighted'). You may use labels=[pos_label] to specify a single positive class.
  warnings.warn(

2024-08-30 21:43:07,591:INFO:Calculating mean and std
2024-08-30 21:43:07,593:INFO:Creating metrics dataframe
2024-08-30 21:43:07,595:INFO:Uploading results into container
2024-08-30 21:43:07,595:INFO:Uploading model into container now
2024-08-30 21:43:07,595:INFO:_master_model_container: 11
2024-08-30 21:43:07,595:INFO:_display_container: 2
2024-08-30 21:43:07,596:INFO:LinearDiscriminantAnalysis(covariance_estimator=None, n_components=None,
                           priors=None, shrinkage=None, solver='svd',
                           store_covariance=False, tol=0.0001)
2024-08-30 21:43:07,596:INFO:create_model() successfully completed......................................
2024-08-30 21:43:07,673:INFO:SubProcess create_model() end ==================================
2024-08-30 21:43:07,673:INFO:Creating metrics dataframe
2024-08-30 21:43:07,675:INFO:Initializing Extra Trees Classifier
2024-08-30 21:43:07,675:INFO:Total runtime is 0.14792778491973876 minutes
2024-08-30 21:43:07,675:INFO:SubProcess create_model() called ==================================
2024-08-30 21:43:07,675:INFO:Initializing create_model()
2024-08-30 21:43:07,675:INFO:create_model(self=<pycaret.classification.oop.ClassificationExperiment object at 0x0000019F2A4B6F50>, estimator=et, fold=StratifiedKFold(n_splits=10, random_state=None, shuffle=False), round=4, cross_validation=True, predict=True, fit_kwargs={}, groups=None, refit=False, probability_threshold=None, experiment_custom_tags=None, verbose=False, system=False, add_to_model_list=True, metrics=None, display=<pycaret.internal.display.display.CommonDisplay object at 0x0000019F2A30DD50>, model_only=True, return_train_score=False, error_score=0.0, kwargs={})
2024-08-30 21:43:07,675:INFO:Checking exceptions
2024-08-30 21:43:07,675:INFO:Importing libraries
2024-08-30 21:43:07,675:INFO:Copying training dataset
2024-08-30 21:43:07,679:INFO:Defining folds
2024-08-30 21:43:07,679:INFO:Declaring metric variables
2024-08-30 21:43:07,680:INFO:Importing untrained model
2024-08-30 21:43:07,680:INFO:Extra Trees Classifier Imported successfully
2024-08-30 21:43:07,680:INFO:Starting cross validation
2024-08-30 21:43:07,681:INFO:Cross validating with StratifiedKFold(n_splits=10, random_state=None, shuffle=False), n_jobs=-1
2024-08-30 21:43:07,965:WARNING:C:\Users\surya\OneDrive\Desktop\Data Science Project\Breast Cancer\.venv\Lib\site-packages\sklearn\metrics\_classification.py:1561: UserWarning: Note that pos_label (set to 'M') is ignored when average != 'binary' (got 'weighted'). You may use labels=[pos_label] to specify a single positive class.
  warnings.warn(

2024-08-30 21:43:07,966:WARNING:C:\Users\surya\OneDrive\Desktop\Data Science Project\Breast Cancer\.venv\Lib\site-packages\sklearn\metrics\_classification.py:1561: UserWarning: Note that pos_label (set to 'M') is ignored when average != 'binary' (got 'weighted'). You may use labels=[pos_label] to specify a single positive class.
  warnings.warn(

2024-08-30 21:43:07,969:WARNING:C:\Users\surya\OneDrive\Desktop\Data Science Project\Breast Cancer\.venv\Lib\site-packages\sklearn\metrics\_classification.py:1561: UserWarning: Note that pos_label (set to 'M') is ignored when average != 'binary' (got 'weighted'). You may use labels=[pos_label] to specify a single positive class.
  warnings.warn(

2024-08-30 21:43:07,971:WARNING:C:\Users\surya\OneDrive\Desktop\Data Science Project\Breast Cancer\.venv\Lib\site-packages\sklearn\metrics\_classification.py:1561: UserWarning: Note that pos_label (set to 'M') is ignored when average != 'binary' (got 'weighted'). You may use labels=[pos_label] to specify a single positive class.
  warnings.warn(

2024-08-30 21:43:07,973:WARNING:C:\Users\surya\OneDrive\Desktop\Data Science Project\Breast Cancer\.venv\Lib\site-packages\sklearn\metrics\_classification.py:1561: UserWarning: Note that pos_label (set to 'M') is ignored when average != 'binary' (got 'weighted'). You may use labels=[pos_label] to specify a single positive class.
  warnings.warn(

2024-08-30 21:43:07,973:WARNING:C:\Users\surya\OneDrive\Desktop\Data Science Project\Breast Cancer\.venv\Lib\site-packages\sklearn\metrics\_classification.py:1561: UserWarning: Note that pos_label (set to 'M') is ignored when average != 'binary' (got 'weighted'). You may use labels=[pos_label] to specify a single positive class.
  warnings.warn(

2024-08-30 21:43:07,974:WARNING:C:\Users\surya\OneDrive\Desktop\Data Science Project\Breast Cancer\.venv\Lib\site-packages\sklearn\metrics\_classification.py:1561: UserWarning: Note that pos_label (set to 'M') is ignored when average != 'binary' (got 'weighted'). You may use labels=[pos_label] to specify a single positive class.
  warnings.warn(

2024-08-30 21:43:07,976:WARNING:C:\Users\surya\OneDrive\Desktop\Data Science Project\Breast Cancer\.venv\Lib\site-packages\sklearn\metrics\_classification.py:1561: UserWarning: Note that pos_label (set to 'M') is ignored when average != 'binary' (got 'weighted'). You may use labels=[pos_label] to specify a single positive class.
  warnings.warn(

2024-08-30 21:43:07,977:WARNING:C:\Users\surya\OneDrive\Desktop\Data Science Project\Breast Cancer\.venv\Lib\site-packages\sklearn\metrics\_classification.py:1561: UserWarning: Note that pos_label (set to 'M') is ignored when average != 'binary' (got 'weighted'). You may use labels=[pos_label] to specify a single positive class.
  warnings.warn(

2024-08-30 21:43:07,980:WARNING:C:\Users\surya\OneDrive\Desktop\Data Science Project\Breast Cancer\.venv\Lib\site-packages\sklearn\metrics\_classification.py:1561: UserWarning: Note that pos_label (set to 'M') is ignored when average != 'binary' (got 'weighted'). You may use labels=[pos_label] to specify a single positive class.
  warnings.warn(

2024-08-30 21:43:07,981:WARNING:C:\Users\surya\OneDrive\Desktop\Data Science Project\Breast Cancer\.venv\Lib\site-packages\sklearn\metrics\_classification.py:1561: UserWarning: Note that pos_label (set to 'M') is ignored when average != 'binary' (got 'weighted'). You may use labels=[pos_label] to specify a single positive class.
  warnings.warn(

2024-08-30 21:43:07,983:WARNING:C:\Users\surya\OneDrive\Desktop\Data Science Project\Breast Cancer\.venv\Lib\site-packages\sklearn\metrics\_classification.py:1561: UserWarning: Note that pos_label (set to 'M') is ignored when average != 'binary' (got 'weighted'). You may use labels=[pos_label] to specify a single positive class.
  warnings.warn(

2024-08-30 21:43:07,983:WARNING:C:\Users\surya\OneDrive\Desktop\Data Science Project\Breast Cancer\.venv\Lib\site-packages\sklearn\metrics\_classification.py:1561: UserWarning: Note that pos_label (set to 'M') is ignored when average != 'binary' (got 'weighted'). You may use labels=[pos_label] to specify a single positive class.
  warnings.warn(

2024-08-30 21:43:07,986:WARNING:C:\Users\surya\OneDrive\Desktop\Data Science Project\Breast Cancer\.venv\Lib\site-packages\sklearn\metrics\_classification.py:1561: UserWarning: Note that pos_label (set to 'M') is ignored when average != 'binary' (got 'weighted'). You may use labels=[pos_label] to specify a single positive class.
  warnings.warn(

2024-08-30 21:43:07,987:WARNING:C:\Users\surya\OneDrive\Desktop\Data Science Project\Breast Cancer\.venv\Lib\site-packages\sklearn\metrics\_classification.py:1561: UserWarning: Note that pos_label (set to 'M') is ignored when average != 'binary' (got 'weighted'). You may use labels=[pos_label] to specify a single positive class.
  warnings.warn(

2024-08-30 21:43:07,988:WARNING:C:\Users\surya\OneDrive\Desktop\Data Science Project\Breast Cancer\.venv\Lib\site-packages\sklearn\metrics\_classification.py:1561: UserWarning: Note that pos_label (set to 'M') is ignored when average != 'binary' (got 'weighted'). You may use labels=[pos_label] to specify a single positive class.
  warnings.warn(

2024-08-30 21:43:07,989:WARNING:C:\Users\surya\OneDrive\Desktop\Data Science Project\Breast Cancer\.venv\Lib\site-packages\sklearn\metrics\_classification.py:1561: UserWarning: Note that pos_label (set to 'M') is ignored when average != 'binary' (got 'weighted'). You may use labels=[pos_label] to specify a single positive class.
  warnings.warn(

2024-08-30 21:43:07,989:WARNING:C:\Users\surya\OneDrive\Desktop\Data Science Project\Breast Cancer\.venv\Lib\site-packages\sklearn\metrics\_classification.py:1561: UserWarning: Note that pos_label (set to 'M') is ignored when average != 'binary' (got 'weighted'). You may use labels=[pos_label] to specify a single positive class.
  warnings.warn(

2024-08-30 21:43:07,990:WARNING:C:\Users\surya\OneDrive\Desktop\Data Science Project\Breast Cancer\.venv\Lib\site-packages\sklearn\metrics\_classification.py:1561: UserWarning: Note that pos_label (set to 'M') is ignored when average != 'binary' (got 'weighted'). You may use labels=[pos_label] to specify a single positive class.
  warnings.warn(

2024-08-30 21:43:07,992:WARNING:C:\Users\surya\OneDrive\Desktop\Data Science Project\Breast Cancer\.venv\Lib\site-packages\sklearn\metrics\_classification.py:1561: UserWarning: Note that pos_label (set to 'M') is ignored when average != 'binary' (got 'weighted'). You may use labels=[pos_label] to specify a single positive class.
  warnings.warn(

2024-08-30 21:43:07,992:WARNING:C:\Users\surya\OneDrive\Desktop\Data Science Project\Breast Cancer\.venv\Lib\site-packages\sklearn\metrics\_classification.py:1561: UserWarning: Note that pos_label (set to 'M') is ignored when average != 'binary' (got 'weighted'). You may use labels=[pos_label] to specify a single positive class.
  warnings.warn(

2024-08-30 21:43:07,999:WARNING:C:\Users\surya\OneDrive\Desktop\Data Science Project\Breast Cancer\.venv\Lib\site-packages\sklearn\metrics\_classification.py:1561: UserWarning: Note that pos_label (set to 'M') is ignored when average != 'binary' (got 'weighted'). You may use labels=[pos_label] to specify a single positive class.
  warnings.warn(

2024-08-30 21:43:08,000:WARNING:C:\Users\surya\OneDrive\Desktop\Data Science Project\Breast Cancer\.venv\Lib\site-packages\sklearn\metrics\_classification.py:1561: UserWarning: Note that pos_label (set to 'M') is ignored when average != 'binary' (got 'weighted'). You may use labels=[pos_label] to specify a single positive class.
  warnings.warn(

2024-08-30 21:43:08,001:WARNING:C:\Users\surya\OneDrive\Desktop\Data Science Project\Breast Cancer\.venv\Lib\site-packages\sklearn\metrics\_classification.py:1561: UserWarning: Note that pos_label (set to 'M') is ignored when average != 'binary' (got 'weighted'). You may use labels=[pos_label] to specify a single positive class.
  warnings.warn(

2024-08-30 21:43:08,002:WARNING:C:\Users\surya\OneDrive\Desktop\Data Science Project\Breast Cancer\.venv\Lib\site-packages\sklearn\metrics\_classification.py:1561: UserWarning: Note that pos_label (set to 'M') is ignored when average != 'binary' (got 'weighted'). You may use labels=[pos_label] to specify a single positive class.
  warnings.warn(

2024-08-30 21:43:08,003:WARNING:C:\Users\surya\OneDrive\Desktop\Data Science Project\Breast Cancer\.venv\Lib\site-packages\sklearn\metrics\_classification.py:1561: UserWarning: Note that pos_label (set to 'M') is ignored when average != 'binary' (got 'weighted'). You may use labels=[pos_label] to specify a single positive class.
  warnings.warn(

2024-08-30 21:43:08,003:WARNING:C:\Users\surya\OneDrive\Desktop\Data Science Project\Breast Cancer\.venv\Lib\site-packages\sklearn\metrics\_classification.py:1561: UserWarning: Note that pos_label (set to 'M') is ignored when average != 'binary' (got 'weighted'). You may use labels=[pos_label] to specify a single positive class.
  warnings.warn(

2024-08-30 21:43:08,004:WARNING:C:\Users\surya\OneDrive\Desktop\Data Science Project\Breast Cancer\.venv\Lib\site-packages\sklearn\metrics\_classification.py:1561: UserWarning: Note that pos_label (set to 'M') is ignored when average != 'binary' (got 'weighted'). You may use labels=[pos_label] to specify a single positive class.
  warnings.warn(

2024-08-30 21:43:08,005:WARNING:C:\Users\surya\OneDrive\Desktop\Data Science Project\Breast Cancer\.venv\Lib\site-packages\sklearn\metrics\_classification.py:1561: UserWarning: Note that pos_label (set to 'M') is ignored when average != 'binary' (got 'weighted'). You may use labels=[pos_label] to specify a single positive class.
  warnings.warn(

2024-08-30 21:43:08,005:WARNING:C:\Users\surya\OneDrive\Desktop\Data Science Project\Breast Cancer\.venv\Lib\site-packages\sklearn\metrics\_classification.py:1561: UserWarning: Note that pos_label (set to 'M') is ignored when average != 'binary' (got 'weighted'). You may use labels=[pos_label] to specify a single positive class.
  warnings.warn(

2024-08-30 21:43:08,019:INFO:Calculating mean and std
2024-08-30 21:43:08,021:INFO:Creating metrics dataframe
2024-08-30 21:43:08,022:INFO:Uploading results into container
2024-08-30 21:43:08,023:INFO:Uploading model into container now
2024-08-30 21:43:08,023:INFO:_master_model_container: 12
2024-08-30 21:43:08,023:INFO:_display_container: 2
2024-08-30 21:43:08,023:INFO:ExtraTreesClassifier(bootstrap=False, ccp_alpha=0.0, class_weight=None,
                     criterion='gini', max_depth=None, max_features='sqrt',
                     max_leaf_nodes=None, max_samples=None,
                     min_impurity_decrease=0.0, min_samples_leaf=1,
                     min_samples_split=2, min_weight_fraction_leaf=0.0,
                     monotonic_cst=None, n_estimators=100, n_jobs=-1,
                     oob_score=False, random_state=5634, verbose=0,
                     warm_start=False)
2024-08-30 21:43:08,023:INFO:create_model() successfully completed......................................
2024-08-30 21:43:08,100:INFO:SubProcess create_model() end ==================================
2024-08-30 21:43:08,101:INFO:Creating metrics dataframe
2024-08-30 21:43:08,102:INFO:Initializing Light Gradient Boosting Machine
2024-08-30 21:43:08,102:INFO:Total runtime is 0.15503964026769002 minutes
2024-08-30 21:43:08,103:INFO:SubProcess create_model() called ==================================
2024-08-30 21:43:08,103:INFO:Initializing create_model()
2024-08-30 21:43:08,103:INFO:create_model(self=<pycaret.classification.oop.ClassificationExperiment object at 0x0000019F2A4B6F50>, estimator=lightgbm, fold=StratifiedKFold(n_splits=10, random_state=None, shuffle=False), round=4, cross_validation=True, predict=True, fit_kwargs={}, groups=None, refit=False, probability_threshold=None, experiment_custom_tags=None, verbose=False, system=False, add_to_model_list=True, metrics=None, display=<pycaret.internal.display.display.CommonDisplay object at 0x0000019F2A30DD50>, model_only=True, return_train_score=False, error_score=0.0, kwargs={})
2024-08-30 21:43:08,103:INFO:Checking exceptions
2024-08-30 21:43:08,103:INFO:Importing libraries
2024-08-30 21:43:08,103:INFO:Copying training dataset
2024-08-30 21:43:08,107:INFO:Defining folds
2024-08-30 21:43:08,107:INFO:Declaring metric variables
2024-08-30 21:43:08,107:INFO:Importing untrained model
2024-08-30 21:43:08,107:INFO:Light Gradient Boosting Machine Imported successfully
2024-08-30 21:43:08,107:INFO:Starting cross validation
2024-08-30 21:43:08,108:INFO:Cross validating with StratifiedKFold(n_splits=10, random_state=None, shuffle=False), n_jobs=-1
2024-08-30 21:43:08,729:WARNING:C:\Users\surya\OneDrive\Desktop\Data Science Project\Breast Cancer\.venv\Lib\site-packages\sklearn\metrics\_classification.py:1561: UserWarning: Note that pos_label (set to 'M') is ignored when average != 'binary' (got 'weighted'). You may use labels=[pos_label] to specify a single positive class.
  warnings.warn(

2024-08-30 21:43:08,733:WARNING:C:\Users\surya\OneDrive\Desktop\Data Science Project\Breast Cancer\.venv\Lib\site-packages\sklearn\metrics\_classification.py:1561: UserWarning: Note that pos_label (set to 'M') is ignored when average != 'binary' (got 'weighted'). You may use labels=[pos_label] to specify a single positive class.
  warnings.warn(

2024-08-30 21:43:08,738:WARNING:C:\Users\surya\OneDrive\Desktop\Data Science Project\Breast Cancer\.venv\Lib\site-packages\sklearn\metrics\_classification.py:1561: UserWarning: Note that pos_label (set to 'M') is ignored when average != 'binary' (got 'weighted'). You may use labels=[pos_label] to specify a single positive class.
  warnings.warn(

2024-08-30 21:43:08,741:WARNING:C:\Users\surya\OneDrive\Desktop\Data Science Project\Breast Cancer\.venv\Lib\site-packages\sklearn\metrics\_classification.py:1561: UserWarning: Note that pos_label (set to 'M') is ignored when average != 'binary' (got 'weighted'). You may use labels=[pos_label] to specify a single positive class.
  warnings.warn(

2024-08-30 21:43:08,745:WARNING:C:\Users\surya\OneDrive\Desktop\Data Science Project\Breast Cancer\.venv\Lib\site-packages\sklearn\metrics\_classification.py:1561: UserWarning: Note that pos_label (set to 'M') is ignored when average != 'binary' (got 'weighted'). You may use labels=[pos_label] to specify a single positive class.
  warnings.warn(

2024-08-30 21:43:08,746:WARNING:C:\Users\surya\OneDrive\Desktop\Data Science Project\Breast Cancer\.venv\Lib\site-packages\sklearn\metrics\_classification.py:1561: UserWarning: Note that pos_label (set to 'M') is ignored when average != 'binary' (got 'weighted'). You may use labels=[pos_label] to specify a single positive class.
  warnings.warn(

2024-08-30 21:43:08,749:WARNING:C:\Users\surya\OneDrive\Desktop\Data Science Project\Breast Cancer\.venv\Lib\site-packages\sklearn\metrics\_classification.py:1561: UserWarning: Note that pos_label (set to 'M') is ignored when average != 'binary' (got 'weighted'). You may use labels=[pos_label] to specify a single positive class.
  warnings.warn(

2024-08-30 21:43:08,751:WARNING:C:\Users\surya\OneDrive\Desktop\Data Science Project\Breast Cancer\.venv\Lib\site-packages\sklearn\metrics\_classification.py:1561: UserWarning: Note that pos_label (set to 'M') is ignored when average != 'binary' (got 'weighted'). You may use labels=[pos_label] to specify a single positive class.
  warnings.warn(

2024-08-30 21:43:08,754:WARNING:C:\Users\surya\OneDrive\Desktop\Data Science Project\Breast Cancer\.venv\Lib\site-packages\sklearn\metrics\_classification.py:1561: UserWarning: Note that pos_label (set to 'M') is ignored when average != 'binary' (got 'weighted'). You may use labels=[pos_label] to specify a single positive class.
  warnings.warn(

2024-08-30 21:43:08,756:WARNING:C:\Users\surya\OneDrive\Desktop\Data Science Project\Breast Cancer\.venv\Lib\site-packages\sklearn\metrics\_classification.py:1561: UserWarning: Note that pos_label (set to 'M') is ignored when average != 'binary' (got 'weighted'). You may use labels=[pos_label] to specify a single positive class.
  warnings.warn(

2024-08-30 21:43:08,759:WARNING:C:\Users\surya\OneDrive\Desktop\Data Science Project\Breast Cancer\.venv\Lib\site-packages\sklearn\metrics\_classification.py:1561: UserWarning: Note that pos_label (set to 'M') is ignored when average != 'binary' (got 'weighted'). You may use labels=[pos_label] to specify a single positive class.
  warnings.warn(

2024-08-30 21:43:08,764:WARNING:C:\Users\surya\OneDrive\Desktop\Data Science Project\Breast Cancer\.venv\Lib\site-packages\sklearn\metrics\_classification.py:1561: UserWarning: Note that pos_label (set to 'M') is ignored when average != 'binary' (got 'weighted'). You may use labels=[pos_label] to specify a single positive class.
  warnings.warn(

2024-08-30 21:43:08,785:WARNING:C:\Users\surya\OneDrive\Desktop\Data Science Project\Breast Cancer\.venv\Lib\site-packages\sklearn\metrics\_classification.py:1561: UserWarning: Note that pos_label (set to 'M') is ignored when average != 'binary' (got 'weighted'). You may use labels=[pos_label] to specify a single positive class.
  warnings.warn(

2024-08-30 21:43:08,789:WARNING:C:\Users\surya\OneDrive\Desktop\Data Science Project\Breast Cancer\.venv\Lib\site-packages\sklearn\metrics\_classification.py:1561: UserWarning: Note that pos_label (set to 'M') is ignored when average != 'binary' (got 'weighted'). You may use labels=[pos_label] to specify a single positive class.
  warnings.warn(

2024-08-30 21:43:08,793:WARNING:C:\Users\surya\OneDrive\Desktop\Data Science Project\Breast Cancer\.venv\Lib\site-packages\sklearn\metrics\_classification.py:1561: UserWarning: Note that pos_label (set to 'M') is ignored when average != 'binary' (got 'weighted'). You may use labels=[pos_label] to specify a single positive class.
  warnings.warn(

2024-08-30 21:43:08,795:WARNING:C:\Users\surya\OneDrive\Desktop\Data Science Project\Breast Cancer\.venv\Lib\site-packages\sklearn\metrics\_classification.py:1561: UserWarning: Note that pos_label (set to 'M') is ignored when average != 'binary' (got 'weighted'). You may use labels=[pos_label] to specify a single positive class.
  warnings.warn(

2024-08-30 21:43:08,799:WARNING:C:\Users\surya\OneDrive\Desktop\Data Science Project\Breast Cancer\.venv\Lib\site-packages\sklearn\metrics\_classification.py:1561: UserWarning: Note that pos_label (set to 'M') is ignored when average != 'binary' (got 'weighted'). You may use labels=[pos_label] to specify a single positive class.
  warnings.warn(

2024-08-30 21:43:08,801:WARNING:C:\Users\surya\OneDrive\Desktop\Data Science Project\Breast Cancer\.venv\Lib\site-packages\sklearn\metrics\_classification.py:1561: UserWarning: Note that pos_label (set to 'M') is ignored when average != 'binary' (got 'weighted'). You may use labels=[pos_label] to specify a single positive class.
  warnings.warn(

2024-08-30 21:43:08,802:WARNING:C:\Users\surya\OneDrive\Desktop\Data Science Project\Breast Cancer\.venv\Lib\site-packages\sklearn\metrics\_classification.py:1561: UserWarning: Note that pos_label (set to 'M') is ignored when average != 'binary' (got 'weighted'). You may use labels=[pos_label] to specify a single positive class.
  warnings.warn(

2024-08-30 21:43:08,803:WARNING:C:\Users\surya\OneDrive\Desktop\Data Science Project\Breast Cancer\.venv\Lib\site-packages\sklearn\metrics\_classification.py:1561: UserWarning: Note that pos_label (set to 'M') is ignored when average != 'binary' (got 'weighted'). You may use labels=[pos_label] to specify a single positive class.
  warnings.warn(

2024-08-30 21:43:08,805:WARNING:C:\Users\surya\OneDrive\Desktop\Data Science Project\Breast Cancer\.venv\Lib\site-packages\sklearn\metrics\_classification.py:1561: UserWarning: Note that pos_label (set to 'M') is ignored when average != 'binary' (got 'weighted'). You may use labels=[pos_label] to specify a single positive class.
  warnings.warn(

2024-08-30 21:43:08,806:WARNING:C:\Users\surya\OneDrive\Desktop\Data Science Project\Breast Cancer\.venv\Lib\site-packages\sklearn\metrics\_classification.py:1561: UserWarning: Note that pos_label (set to 'M') is ignored when average != 'binary' (got 'weighted'). You may use labels=[pos_label] to specify a single positive class.
  warnings.warn(

2024-08-30 21:43:08,810:WARNING:C:\Users\surya\OneDrive\Desktop\Data Science Project\Breast Cancer\.venv\Lib\site-packages\sklearn\metrics\_classification.py:1561: UserWarning: Note that pos_label (set to 'M') is ignored when average != 'binary' (got 'weighted'). You may use labels=[pos_label] to specify a single positive class.
  warnings.warn(

2024-08-30 21:43:08,811:WARNING:C:\Users\surya\OneDrive\Desktop\Data Science Project\Breast Cancer\.venv\Lib\site-packages\sklearn\metrics\_classification.py:1561: UserWarning: Note that pos_label (set to 'M') is ignored when average != 'binary' (got 'weighted'). You may use labels=[pos_label] to specify a single positive class.
  warnings.warn(

2024-08-30 21:43:08,819:WARNING:C:\Users\surya\OneDrive\Desktop\Data Science Project\Breast Cancer\.venv\Lib\site-packages\sklearn\metrics\_classification.py:1561: UserWarning: Note that pos_label (set to 'M') is ignored when average != 'binary' (got 'weighted'). You may use labels=[pos_label] to specify a single positive class.
  warnings.warn(

2024-08-30 21:43:08,822:WARNING:C:\Users\surya\OneDrive\Desktop\Data Science Project\Breast Cancer\.venv\Lib\site-packages\sklearn\metrics\_classification.py:1561: UserWarning: Note that pos_label (set to 'M') is ignored when average != 'binary' (got 'weighted'). You may use labels=[pos_label] to specify a single positive class.
  warnings.warn(

2024-08-30 21:43:08,826:WARNING:C:\Users\surya\OneDrive\Desktop\Data Science Project\Breast Cancer\.venv\Lib\site-packages\sklearn\metrics\_classification.py:1561: UserWarning: Note that pos_label (set to 'M') is ignored when average != 'binary' (got 'weighted'). You may use labels=[pos_label] to specify a single positive class.
  warnings.warn(

2024-08-30 21:43:08,838:WARNING:C:\Users\surya\OneDrive\Desktop\Data Science Project\Breast Cancer\.venv\Lib\site-packages\sklearn\metrics\_classification.py:1561: UserWarning: Note that pos_label (set to 'M') is ignored when average != 'binary' (got 'weighted'). You may use labels=[pos_label] to specify a single positive class.
  warnings.warn(

2024-08-30 21:43:08,841:WARNING:C:\Users\surya\OneDrive\Desktop\Data Science Project\Breast Cancer\.venv\Lib\site-packages\sklearn\metrics\_classification.py:1561: UserWarning: Note that pos_label (set to 'M') is ignored when average != 'binary' (got 'weighted'). You may use labels=[pos_label] to specify a single positive class.
  warnings.warn(

2024-08-30 21:43:08,845:WARNING:C:\Users\surya\OneDrive\Desktop\Data Science Project\Breast Cancer\.venv\Lib\site-packages\sklearn\metrics\_classification.py:1561: UserWarning: Note that pos_label (set to 'M') is ignored when average != 'binary' (got 'weighted'). You may use labels=[pos_label] to specify a single positive class.
  warnings.warn(

2024-08-30 21:43:08,851:INFO:Calculating mean and std
2024-08-30 21:43:08,852:INFO:Creating metrics dataframe
2024-08-30 21:43:08,854:INFO:Uploading results into container
2024-08-30 21:43:08,855:INFO:Uploading model into container now
2024-08-30 21:43:08,855:INFO:_master_model_container: 13
2024-08-30 21:43:08,855:INFO:_display_container: 2
2024-08-30 21:43:08,856:INFO:LGBMClassifier(boosting_type='gbdt', class_weight=None, colsample_bytree=1.0,
               importance_type='split', learning_rate=0.1, max_depth=-1,
               min_child_samples=20, min_child_weight=0.001, min_split_gain=0.0,
               n_estimators=100, n_jobs=-1, num_leaves=31, objective=None,
               random_state=5634, reg_alpha=0.0, reg_lambda=0.0, subsample=1.0,
               subsample_for_bin=200000, subsample_freq=0)
2024-08-30 21:43:08,856:INFO:create_model() successfully completed......................................
2024-08-30 21:43:08,957:INFO:SubProcess create_model() end ==================================
2024-08-30 21:43:08,957:INFO:Creating metrics dataframe
2024-08-30 21:43:08,959:INFO:Initializing Dummy Classifier
2024-08-30 21:43:08,959:INFO:Total runtime is 0.1693228006362915 minutes
2024-08-30 21:43:08,959:INFO:SubProcess create_model() called ==================================
2024-08-30 21:43:08,960:INFO:Initializing create_model()
2024-08-30 21:43:08,960:INFO:create_model(self=<pycaret.classification.oop.ClassificationExperiment object at 0x0000019F2A4B6F50>, estimator=dummy, fold=StratifiedKFold(n_splits=10, random_state=None, shuffle=False), round=4, cross_validation=True, predict=True, fit_kwargs={}, groups=None, refit=False, probability_threshold=None, experiment_custom_tags=None, verbose=False, system=False, add_to_model_list=True, metrics=None, display=<pycaret.internal.display.display.CommonDisplay object at 0x0000019F2A30DD50>, model_only=True, return_train_score=False, error_score=0.0, kwargs={})
2024-08-30 21:43:08,960:INFO:Checking exceptions
2024-08-30 21:43:08,960:INFO:Importing libraries
2024-08-30 21:43:08,960:INFO:Copying training dataset
2024-08-30 21:43:08,964:INFO:Defining folds
2024-08-30 21:43:08,964:INFO:Declaring metric variables
2024-08-30 21:43:08,965:INFO:Importing untrained model
2024-08-30 21:43:08,965:INFO:Dummy Classifier Imported successfully
2024-08-30 21:43:08,966:INFO:Starting cross validation
2024-08-30 21:43:08,967:INFO:Cross validating with StratifiedKFold(n_splits=10, random_state=None, shuffle=False), n_jobs=-1
2024-08-30 21:43:08,999:WARNING:C:\Users\surya\OneDrive\Desktop\Data Science Project\Breast Cancer\.venv\Lib\site-packages\sklearn\metrics\_classification.py:1561: UserWarning: Note that pos_label (set to 'M') is ignored when average != 'binary' (got 'weighted'). You may use labels=[pos_label] to specify a single positive class.
  warnings.warn(

2024-08-30 21:43:09,001:WARNING:C:\Users\surya\OneDrive\Desktop\Data Science Project\Breast Cancer\.venv\Lib\site-packages\sklearn\metrics\_classification.py:1561: UserWarning: Note that pos_label (set to 'M') is ignored when average != 'binary' (got 'weighted'). You may use labels=[pos_label] to specify a single positive class.
  warnings.warn(

2024-08-30 21:43:09,001:WARNING:C:\Users\surya\OneDrive\Desktop\Data Science Project\Breast Cancer\.venv\Lib\site-packages\sklearn\metrics\_classification.py:1561: UserWarning: Note that pos_label (set to 'M') is ignored when average != 'binary' (got 'weighted'). You may use labels=[pos_label] to specify a single positive class.
  warnings.warn(

2024-08-30 21:43:09,003:WARNING:C:\Users\surya\OneDrive\Desktop\Data Science Project\Breast Cancer\.venv\Lib\site-packages\sklearn\metrics\_classification.py:1561: UserWarning: Note that pos_label (set to 'M') is ignored when average != 'binary' (got 'weighted'). You may use labels=[pos_label] to specify a single positive class.
  warnings.warn(

2024-08-30 21:43:09,004:WARNING:C:\Users\surya\OneDrive\Desktop\Data Science Project\Breast Cancer\.venv\Lib\site-packages\sklearn\metrics\_classification.py:1561: UserWarning: Note that pos_label (set to 'M') is ignored when average != 'binary' (got 'weighted'). You may use labels=[pos_label] to specify a single positive class.
  warnings.warn(

2024-08-30 21:43:09,004:WARNING:C:\Users\surya\OneDrive\Desktop\Data Science Project\Breast Cancer\.venv\Lib\site-packages\sklearn\metrics\_classification.py:1561: UserWarning: Note that pos_label (set to 'M') is ignored when average != 'binary' (got 'weighted'). You may use labels=[pos_label] to specify a single positive class.
  warnings.warn(

2024-08-30 21:43:09,005:WARNING:C:\Users\surya\OneDrive\Desktop\Data Science Project\Breast Cancer\.venv\Lib\site-packages\sklearn\metrics\_classification.py:1509: UndefinedMetricWarning: Precision is ill-defined and being set to 0.0 in labels with no predicted samples. Use `zero_division` parameter to control this behavior.
  _warn_prf(average, modifier, f"{metric.capitalize()} is", len(result))

2024-08-30 21:43:09,005:WARNING:C:\Users\surya\OneDrive\Desktop\Data Science Project\Breast Cancer\.venv\Lib\site-packages\sklearn\metrics\_classification.py:1509: UndefinedMetricWarning: Precision is ill-defined and being set to 0.0 in labels with no predicted samples. Use `zero_division` parameter to control this behavior.
  _warn_prf(average, modifier, f"{metric.capitalize()} is", len(result))

2024-08-30 21:43:09,005:WARNING:C:\Users\surya\OneDrive\Desktop\Data Science Project\Breast Cancer\.venv\Lib\site-packages\sklearn\metrics\_classification.py:1509: UndefinedMetricWarning: Precision is ill-defined and being set to 0.0 in labels with no predicted samples. Use `zero_division` parameter to control this behavior.
  _warn_prf(average, modifier, f"{metric.capitalize()} is", len(result))

2024-08-30 21:43:09,007:WARNING:C:\Users\surya\OneDrive\Desktop\Data Science Project\Breast Cancer\.venv\Lib\site-packages\sklearn\metrics\_classification.py:1561: UserWarning: Note that pos_label (set to 'M') is ignored when average != 'binary' (got 'weighted'). You may use labels=[pos_label] to specify a single positive class.
  warnings.warn(

2024-08-30 21:43:09,007:WARNING:C:\Users\surya\OneDrive\Desktop\Data Science Project\Breast Cancer\.venv\Lib\site-packages\sklearn\metrics\_classification.py:1561: UserWarning: Note that pos_label (set to 'M') is ignored when average != 'binary' (got 'weighted'). You may use labels=[pos_label] to specify a single positive class.
  warnings.warn(

2024-08-30 21:43:09,010:WARNING:C:\Users\surya\OneDrive\Desktop\Data Science Project\Breast Cancer\.venv\Lib\site-packages\sklearn\metrics\_classification.py:1561: UserWarning: Note that pos_label (set to 'M') is ignored when average != 'binary' (got 'weighted'). You may use labels=[pos_label] to specify a single positive class.
  warnings.warn(

2024-08-30 21:43:09,014:WARNING:C:\Users\surya\OneDrive\Desktop\Data Science Project\Breast Cancer\.venv\Lib\site-packages\sklearn\metrics\_classification.py:1561: UserWarning: Note that pos_label (set to 'M') is ignored when average != 'binary' (got 'weighted'). You may use labels=[pos_label] to specify a single positive class.
  warnings.warn(

2024-08-30 21:43:09,014:WARNING:C:\Users\surya\OneDrive\Desktop\Data Science Project\Breast Cancer\.venv\Lib\site-packages\sklearn\metrics\_classification.py:1561: UserWarning: Note that pos_label (set to 'M') is ignored when average != 'binary' (got 'weighted'). You may use labels=[pos_label] to specify a single positive class.
  warnings.warn(

2024-08-30 21:43:09,015:WARNING:C:\Users\surya\OneDrive\Desktop\Data Science Project\Breast Cancer\.venv\Lib\site-packages\sklearn\metrics\_classification.py:1561: UserWarning: Note that pos_label (set to 'M') is ignored when average != 'binary' (got 'weighted'). You may use labels=[pos_label] to specify a single positive class.
  warnings.warn(

2024-08-30 21:43:09,016:WARNING:C:\Users\surya\OneDrive\Desktop\Data Science Project\Breast Cancer\.venv\Lib\site-packages\sklearn\metrics\_classification.py:1509: UndefinedMetricWarning: Precision is ill-defined and being set to 0.0 in labels with no predicted samples. Use `zero_division` parameter to control this behavior.
  _warn_prf(average, modifier, f"{metric.capitalize()} is", len(result))

2024-08-30 21:43:09,016:WARNING:C:\Users\surya\OneDrive\Desktop\Data Science Project\Breast Cancer\.venv\Lib\site-packages\sklearn\metrics\_classification.py:1561: UserWarning: Note that pos_label (set to 'M') is ignored when average != 'binary' (got 'weighted'). You may use labels=[pos_label] to specify a single positive class.
  warnings.warn(

2024-08-30 21:43:09,018:WARNING:C:\Users\surya\OneDrive\Desktop\Data Science Project\Breast Cancer\.venv\Lib\site-packages\sklearn\metrics\_classification.py:1509: UndefinedMetricWarning: Precision is ill-defined and being set to 0.0 in labels with no predicted samples. Use `zero_division` parameter to control this behavior.
  _warn_prf(average, modifier, f"{metric.capitalize()} is", len(result))

2024-08-30 21:43:09,019:WARNING:C:\Users\surya\OneDrive\Desktop\Data Science Project\Breast Cancer\.venv\Lib\site-packages\sklearn\metrics\_classification.py:1561: UserWarning: Note that pos_label (set to 'M') is ignored when average != 'binary' (got 'weighted'). You may use labels=[pos_label] to specify a single positive class.
  warnings.warn(

2024-08-30 21:43:09,019:WARNING:C:\Users\surya\OneDrive\Desktop\Data Science Project\Breast Cancer\.venv\Lib\site-packages\sklearn\metrics\_classification.py:1561: UserWarning: Note that pos_label (set to 'M') is ignored when average != 'binary' (got 'weighted'). You may use labels=[pos_label] to specify a single positive class.
  warnings.warn(

2024-08-30 21:43:09,020:WARNING:C:\Users\surya\OneDrive\Desktop\Data Science Project\Breast Cancer\.venv\Lib\site-packages\sklearn\metrics\_classification.py:1561: UserWarning: Note that pos_label (set to 'M') is ignored when average != 'binary' (got 'weighted'). You may use labels=[pos_label] to specify a single positive class.
  warnings.warn(

2024-08-30 21:43:09,021:WARNING:C:\Users\surya\OneDrive\Desktop\Data Science Project\Breast Cancer\.venv\Lib\site-packages\sklearn\metrics\_classification.py:1561: UserWarning: Note that pos_label (set to 'M') is ignored when average != 'binary' (got 'weighted'). You may use labels=[pos_label] to specify a single positive class.
  warnings.warn(

2024-08-30 21:43:09,021:WARNING:C:\Users\surya\OneDrive\Desktop\Data Science Project\Breast Cancer\.venv\Lib\site-packages\sklearn\metrics\_classification.py:1509: UndefinedMetricWarning: Precision is ill-defined and being set to 0.0 in labels with no predicted samples. Use `zero_division` parameter to control this behavior.
  _warn_prf(average, modifier, f"{metric.capitalize()} is", len(result))

2024-08-30 21:43:09,023:WARNING:C:\Users\surya\OneDrive\Desktop\Data Science Project\Breast Cancer\.venv\Lib\site-packages\sklearn\metrics\_classification.py:1561: UserWarning: Note that pos_label (set to 'M') is ignored when average != 'binary' (got 'weighted'). You may use labels=[pos_label] to specify a single positive class.
  warnings.warn(

2024-08-30 21:43:09,023:WARNING:C:\Users\surya\OneDrive\Desktop\Data Science Project\Breast Cancer\.venv\Lib\site-packages\sklearn\metrics\_classification.py:1561: UserWarning: Note that pos_label (set to 'M') is ignored when average != 'binary' (got 'weighted'). You may use labels=[pos_label] to specify a single positive class.
  warnings.warn(

2024-08-30 21:43:09,023:WARNING:C:\Users\surya\OneDrive\Desktop\Data Science Project\Breast Cancer\.venv\Lib\site-packages\sklearn\metrics\_classification.py:1561: UserWarning: Note that pos_label (set to 'M') is ignored when average != 'binary' (got 'weighted'). You may use labels=[pos_label] to specify a single positive class.
  warnings.warn(

2024-08-30 21:43:09,024:WARNING:C:\Users\surya\OneDrive\Desktop\Data Science Project\Breast Cancer\.venv\Lib\site-packages\sklearn\metrics\_classification.py:1561: UserWarning: Note that pos_label (set to 'M') is ignored when average != 'binary' (got 'weighted'). You may use labels=[pos_label] to specify a single positive class.
  warnings.warn(

2024-08-30 21:43:09,024:WARNING:C:\Users\surya\OneDrive\Desktop\Data Science Project\Breast Cancer\.venv\Lib\site-packages\sklearn\metrics\_classification.py:1561: UserWarning: Note that pos_label (set to 'M') is ignored when average != 'binary' (got 'weighted'). You may use labels=[pos_label] to specify a single positive class.
  warnings.warn(

2024-08-30 21:43:09,024:WARNING:C:\Users\surya\OneDrive\Desktop\Data Science Project\Breast Cancer\.venv\Lib\site-packages\sklearn\metrics\_classification.py:1509: UndefinedMetricWarning: Precision is ill-defined and being set to 0.0 in labels with no predicted samples. Use `zero_division` parameter to control this behavior.
  _warn_prf(average, modifier, f"{metric.capitalize()} is", len(result))

2024-08-30 21:43:09,024:WARNING:C:\Users\surya\OneDrive\Desktop\Data Science Project\Breast Cancer\.venv\Lib\site-packages\sklearn\metrics\_classification.py:1509: UndefinedMetricWarning: Precision is ill-defined and being set to 0.0 in labels with no predicted samples. Use `zero_division` parameter to control this behavior.
  _warn_prf(average, modifier, f"{metric.capitalize()} is", len(result))

2024-08-30 21:43:09,026:WARNING:C:\Users\surya\OneDrive\Desktop\Data Science Project\Breast Cancer\.venv\Lib\site-packages\sklearn\metrics\_classification.py:1561: UserWarning: Note that pos_label (set to 'M') is ignored when average != 'binary' (got 'weighted'). You may use labels=[pos_label] to specify a single positive class.
  warnings.warn(

2024-08-30 21:43:09,026:WARNING:C:\Users\surya\OneDrive\Desktop\Data Science Project\Breast Cancer\.venv\Lib\site-packages\sklearn\metrics\_classification.py:1561: UserWarning: Note that pos_label (set to 'M') is ignored when average != 'binary' (got 'weighted'). You may use labels=[pos_label] to specify a single positive class.
  warnings.warn(

2024-08-30 21:43:09,026:WARNING:C:\Users\surya\OneDrive\Desktop\Data Science Project\Breast Cancer\.venv\Lib\site-packages\sklearn\metrics\_classification.py:1561: UserWarning: Note that pos_label (set to 'M') is ignored when average != 'binary' (got 'weighted'). You may use labels=[pos_label] to specify a single positive class.
  warnings.warn(

2024-08-30 21:43:09,027:WARNING:C:\Users\surya\OneDrive\Desktop\Data Science Project\Breast Cancer\.venv\Lib\site-packages\sklearn\metrics\_classification.py:1509: UndefinedMetricWarning: Precision is ill-defined and being set to 0.0 in labels with no predicted samples. Use `zero_division` parameter to control this behavior.
  _warn_prf(average, modifier, f"{metric.capitalize()} is", len(result))

2024-08-30 21:43:09,027:WARNING:C:\Users\surya\OneDrive\Desktop\Data Science Project\Breast Cancer\.venv\Lib\site-packages\sklearn\metrics\_classification.py:1561: UserWarning: Note that pos_label (set to 'M') is ignored when average != 'binary' (got 'weighted'). You may use labels=[pos_label] to specify a single positive class.
  warnings.warn(

2024-08-30 21:43:09,029:WARNING:C:\Users\surya\OneDrive\Desktop\Data Science Project\Breast Cancer\.venv\Lib\site-packages\sklearn\metrics\_classification.py:1561: UserWarning: Note that pos_label (set to 'M') is ignored when average != 'binary' (got 'weighted'). You may use labels=[pos_label] to specify a single positive class.
  warnings.warn(

2024-08-30 21:43:09,030:WARNING:C:\Users\surya\OneDrive\Desktop\Data Science Project\Breast Cancer\.venv\Lib\site-packages\sklearn\metrics\_classification.py:1509: UndefinedMetricWarning: Precision is ill-defined and being set to 0.0 in labels with no predicted samples. Use `zero_division` parameter to control this behavior.
  _warn_prf(average, modifier, f"{metric.capitalize()} is", len(result))

2024-08-30 21:43:09,031:WARNING:C:\Users\surya\OneDrive\Desktop\Data Science Project\Breast Cancer\.venv\Lib\site-packages\sklearn\metrics\_classification.py:1561: UserWarning: Note that pos_label (set to 'M') is ignored when average != 'binary' (got 'weighted'). You may use labels=[pos_label] to specify a single positive class.
  warnings.warn(

2024-08-30 21:43:09,039:INFO:Calculating mean and std
2024-08-30 21:43:09,040:INFO:Creating metrics dataframe
2024-08-30 21:43:09,041:INFO:Uploading results into container
2024-08-30 21:43:09,042:INFO:Uploading model into container now
2024-08-30 21:43:09,042:INFO:_master_model_container: 14
2024-08-30 21:43:09,042:INFO:_display_container: 2
2024-08-30 21:43:09,042:INFO:DummyClassifier(constant=None, random_state=5634, strategy='prior')
2024-08-30 21:43:09,042:INFO:create_model() successfully completed......................................
2024-08-30 21:43:09,119:INFO:SubProcess create_model() end ==================================
2024-08-30 21:43:09,119:INFO:Creating metrics dataframe
2024-08-30 21:43:09,123:INFO:Initializing create_model()
2024-08-30 21:43:09,124:INFO:create_model(self=<pycaret.classification.oop.ClassificationExperiment object at 0x0000019F2A4B6F50>, estimator=AdaBoostClassifier(algorithm='SAMME.R', estimator=None, learning_rate=1.0,
                   n_estimators=50, random_state=5634), fold=StratifiedKFold(n_splits=10, random_state=None, shuffle=False), round=4, cross_validation=False, predict=False, fit_kwargs={}, groups=None, refit=True, probability_threshold=None, experiment_custom_tags=None, verbose=False, system=False, add_to_model_list=True, metrics=None, display=None, model_only=True, return_train_score=False, error_score=0.0, kwargs={})
2024-08-30 21:43:09,124:INFO:Checking exceptions
2024-08-30 21:43:09,124:INFO:Importing libraries
2024-08-30 21:43:09,124:INFO:Copying training dataset
2024-08-30 21:43:09,128:INFO:Defining folds
2024-08-30 21:43:09,128:INFO:Declaring metric variables
2024-08-30 21:43:09,128:INFO:Importing untrained model
2024-08-30 21:43:09,128:INFO:Declaring custom model
2024-08-30 21:43:09,129:INFO:Ada Boost Classifier Imported successfully
2024-08-30 21:43:09,129:INFO:Cross validation set to False
2024-08-30 21:43:09,129:INFO:Fitting Model
2024-08-30 21:43:09,239:INFO:AdaBoostClassifier(algorithm='SAMME.R', estimator=None, learning_rate=1.0,
                   n_estimators=50, random_state=5634)
2024-08-30 21:43:09,239:INFO:create_model() successfully completed......................................
2024-08-30 21:43:09,327:INFO:_master_model_container: 14
2024-08-30 21:43:09,327:INFO:_display_container: 2
2024-08-30 21:43:09,328:INFO:AdaBoostClassifier(algorithm='SAMME.R', estimator=None, learning_rate=1.0,
                   n_estimators=50, random_state=5634)
2024-08-30 21:43:09,328:INFO:compare_models() successfully completed......................................
2024-08-30 21:43:09,328:INFO:Initializing create_model()
2024-08-30 21:43:09,328:INFO:create_model(self=<pycaret.classification.oop.ClassificationExperiment object at 0x0000019F2A4B6F50>, estimator=ada, fold=None, round=4, cross_validation=True, predict=True, fit_kwargs=None, groups=None, refit=True, probability_threshold=None, experiment_custom_tags=None, verbose=True, system=True, add_to_model_list=True, metrics=None, display=None, model_only=True, return_train_score=False, error_score=0.0, kwargs={})
2024-08-30 21:43:09,328:INFO:Checking exceptions
2024-08-30 21:43:09,329:INFO:Importing libraries
2024-08-30 21:43:09,329:INFO:Copying training dataset
2024-08-30 21:43:09,334:INFO:Defining folds
2024-08-30 21:43:09,334:INFO:Declaring metric variables
2024-08-30 21:43:09,334:INFO:Importing untrained model
2024-08-30 21:43:09,335:INFO:Ada Boost Classifier Imported successfully
2024-08-30 21:43:09,335:INFO:Starting cross validation
2024-08-30 21:43:09,335:INFO:Cross validating with StratifiedKFold(n_splits=10, random_state=None, shuffle=False), n_jobs=-1
2024-08-30 21:43:09,355:WARNING:C:\Users\surya\OneDrive\Desktop\Data Science Project\Breast Cancer\.venv\Lib\site-packages\sklearn\ensemble\_weight_boosting.py:519: FutureWarning: The SAMME.R algorithm (the default) is deprecated and will be removed in 1.6. Use the SAMME algorithm to circumvent this warning.
  warnings.warn(

2024-08-30 21:43:09,359:WARNING:C:\Users\surya\OneDrive\Desktop\Data Science Project\Breast Cancer\.venv\Lib\site-packages\sklearn\ensemble\_weight_boosting.py:519: FutureWarning: The SAMME.R algorithm (the default) is deprecated and will be removed in 1.6. Use the SAMME algorithm to circumvent this warning.
  warnings.warn(

2024-08-30 21:43:09,361:WARNING:C:\Users\surya\OneDrive\Desktop\Data Science Project\Breast Cancer\.venv\Lib\site-packages\sklearn\ensemble\_weight_boosting.py:519: FutureWarning: The SAMME.R algorithm (the default) is deprecated and will be removed in 1.6. Use the SAMME algorithm to circumvent this warning.
  warnings.warn(

2024-08-30 21:43:09,364:WARNING:C:\Users\surya\OneDrive\Desktop\Data Science Project\Breast Cancer\.venv\Lib\site-packages\sklearn\ensemble\_weight_boosting.py:519: FutureWarning: The SAMME.R algorithm (the default) is deprecated and will be removed in 1.6. Use the SAMME algorithm to circumvent this warning.
  warnings.warn(

2024-08-30 21:43:09,368:WARNING:C:\Users\surya\OneDrive\Desktop\Data Science Project\Breast Cancer\.venv\Lib\site-packages\sklearn\ensemble\_weight_boosting.py:519: FutureWarning: The SAMME.R algorithm (the default) is deprecated and will be removed in 1.6. Use the SAMME algorithm to circumvent this warning.
  warnings.warn(

2024-08-30 21:43:09,371:WARNING:C:\Users\surya\OneDrive\Desktop\Data Science Project\Breast Cancer\.venv\Lib\site-packages\sklearn\ensemble\_weight_boosting.py:519: FutureWarning: The SAMME.R algorithm (the default) is deprecated and will be removed in 1.6. Use the SAMME algorithm to circumvent this warning.
  warnings.warn(

2024-08-30 21:43:09,372:WARNING:C:\Users\surya\OneDrive\Desktop\Data Science Project\Breast Cancer\.venv\Lib\site-packages\sklearn\ensemble\_weight_boosting.py:519: FutureWarning: The SAMME.R algorithm (the default) is deprecated and will be removed in 1.6. Use the SAMME algorithm to circumvent this warning.
  warnings.warn(

2024-08-30 21:43:09,374:WARNING:C:\Users\surya\OneDrive\Desktop\Data Science Project\Breast Cancer\.venv\Lib\site-packages\sklearn\ensemble\_weight_boosting.py:519: FutureWarning: The SAMME.R algorithm (the default) is deprecated and will be removed in 1.6. Use the SAMME algorithm to circumvent this warning.
  warnings.warn(

2024-08-30 21:43:09,375:WARNING:C:\Users\surya\OneDrive\Desktop\Data Science Project\Breast Cancer\.venv\Lib\site-packages\sklearn\ensemble\_weight_boosting.py:519: FutureWarning: The SAMME.R algorithm (the default) is deprecated and will be removed in 1.6. Use the SAMME algorithm to circumvent this warning.
  warnings.warn(

2024-08-30 21:43:09,377:WARNING:C:\Users\surya\OneDrive\Desktop\Data Science Project\Breast Cancer\.venv\Lib\site-packages\sklearn\ensemble\_weight_boosting.py:519: FutureWarning: The SAMME.R algorithm (the default) is deprecated and will be removed in 1.6. Use the SAMME algorithm to circumvent this warning.
  warnings.warn(

2024-08-30 21:43:09,523:WARNING:C:\Users\surya\OneDrive\Desktop\Data Science Project\Breast Cancer\.venv\Lib\site-packages\sklearn\metrics\_classification.py:1561: UserWarning: Note that pos_label (set to 'M') is ignored when average != 'binary' (got 'weighted'). You may use labels=[pos_label] to specify a single positive class.
  warnings.warn(

2024-08-30 21:43:09,526:WARNING:C:\Users\surya\OneDrive\Desktop\Data Science Project\Breast Cancer\.venv\Lib\site-packages\sklearn\metrics\_classification.py:1561: UserWarning: Note that pos_label (set to 'M') is ignored when average != 'binary' (got 'weighted'). You may use labels=[pos_label] to specify a single positive class.
  warnings.warn(

2024-08-30 21:43:09,527:WARNING:C:\Users\surya\OneDrive\Desktop\Data Science Project\Breast Cancer\.venv\Lib\site-packages\sklearn\metrics\_classification.py:1561: UserWarning: Note that pos_label (set to 'M') is ignored when average != 'binary' (got 'weighted'). You may use labels=[pos_label] to specify a single positive class.
  warnings.warn(

2024-08-30 21:43:09,529:WARNING:C:\Users\surya\OneDrive\Desktop\Data Science Project\Breast Cancer\.venv\Lib\site-packages\sklearn\metrics\_classification.py:1561: UserWarning: Note that pos_label (set to 'M') is ignored when average != 'binary' (got 'weighted'). You may use labels=[pos_label] to specify a single positive class.
  warnings.warn(

2024-08-30 21:43:09,529:WARNING:C:\Users\surya\OneDrive\Desktop\Data Science Project\Breast Cancer\.venv\Lib\site-packages\sklearn\metrics\_classification.py:1561: UserWarning: Note that pos_label (set to 'M') is ignored when average != 'binary' (got 'weighted'). You may use labels=[pos_label] to specify a single positive class.
  warnings.warn(

2024-08-30 21:43:09,531:WARNING:C:\Users\surya\OneDrive\Desktop\Data Science Project\Breast Cancer\.venv\Lib\site-packages\sklearn\metrics\_classification.py:1561: UserWarning: Note that pos_label (set to 'M') is ignored when average != 'binary' (got 'weighted'). You may use labels=[pos_label] to specify a single positive class.
  warnings.warn(

2024-08-30 21:43:09,531:WARNING:C:\Users\surya\OneDrive\Desktop\Data Science Project\Breast Cancer\.venv\Lib\site-packages\sklearn\metrics\_classification.py:1561: UserWarning: Note that pos_label (set to 'M') is ignored when average != 'binary' (got 'weighted'). You may use labels=[pos_label] to specify a single positive class.
  warnings.warn(

2024-08-30 21:43:09,532:WARNING:C:\Users\surya\OneDrive\Desktop\Data Science Project\Breast Cancer\.venv\Lib\site-packages\sklearn\metrics\_classification.py:1561: UserWarning: Note that pos_label (set to 'M') is ignored when average != 'binary' (got 'weighted'). You may use labels=[pos_label] to specify a single positive class.
  warnings.warn(

2024-08-30 21:43:09,534:WARNING:C:\Users\surya\OneDrive\Desktop\Data Science Project\Breast Cancer\.venv\Lib\site-packages\sklearn\metrics\_classification.py:1561: UserWarning: Note that pos_label (set to 'M') is ignored when average != 'binary' (got 'weighted'). You may use labels=[pos_label] to specify a single positive class.
  warnings.warn(

2024-08-30 21:43:09,534:WARNING:C:\Users\surya\OneDrive\Desktop\Data Science Project\Breast Cancer\.venv\Lib\site-packages\sklearn\metrics\_classification.py:1561: UserWarning: Note that pos_label (set to 'M') is ignored when average != 'binary' (got 'weighted'). You may use labels=[pos_label] to specify a single positive class.
  warnings.warn(

2024-08-30 21:43:09,536:WARNING:C:\Users\surya\OneDrive\Desktop\Data Science Project\Breast Cancer\.venv\Lib\site-packages\sklearn\metrics\_classification.py:1561: UserWarning: Note that pos_label (set to 'M') is ignored when average != 'binary' (got 'weighted'). You may use labels=[pos_label] to specify a single positive class.
  warnings.warn(

2024-08-30 21:43:09,537:WARNING:C:\Users\surya\OneDrive\Desktop\Data Science Project\Breast Cancer\.venv\Lib\site-packages\sklearn\metrics\_classification.py:1561: UserWarning: Note that pos_label (set to 'M') is ignored when average != 'binary' (got 'weighted'). You may use labels=[pos_label] to specify a single positive class.
  warnings.warn(

2024-08-30 21:43:09,538:WARNING:C:\Users\surya\OneDrive\Desktop\Data Science Project\Breast Cancer\.venv\Lib\site-packages\sklearn\metrics\_classification.py:1561: UserWarning: Note that pos_label (set to 'M') is ignored when average != 'binary' (got 'weighted'). You may use labels=[pos_label] to specify a single positive class.
  warnings.warn(

2024-08-30 21:43:09,540:WARNING:C:\Users\surya\OneDrive\Desktop\Data Science Project\Breast Cancer\.venv\Lib\site-packages\sklearn\metrics\_classification.py:1561: UserWarning: Note that pos_label (set to 'M') is ignored when average != 'binary' (got 'weighted'). You may use labels=[pos_label] to specify a single positive class.
  warnings.warn(

2024-08-30 21:43:09,543:WARNING:C:\Users\surya\OneDrive\Desktop\Data Science Project\Breast Cancer\.venv\Lib\site-packages\sklearn\metrics\_classification.py:1561: UserWarning: Note that pos_label (set to 'M') is ignored when average != 'binary' (got 'weighted'). You may use labels=[pos_label] to specify a single positive class.
  warnings.warn(

2024-08-30 21:43:09,543:WARNING:C:\Users\surya\OneDrive\Desktop\Data Science Project\Breast Cancer\.venv\Lib\site-packages\sklearn\metrics\_classification.py:1561: UserWarning: Note that pos_label (set to 'M') is ignored when average != 'binary' (got 'weighted'). You may use labels=[pos_label] to specify a single positive class.
  warnings.warn(

2024-08-30 21:43:09,545:WARNING:C:\Users\surya\OneDrive\Desktop\Data Science Project\Breast Cancer\.venv\Lib\site-packages\sklearn\metrics\_classification.py:1561: UserWarning: Note that pos_label (set to 'M') is ignored when average != 'binary' (got 'weighted'). You may use labels=[pos_label] to specify a single positive class.
  warnings.warn(

2024-08-30 21:43:09,547:WARNING:C:\Users\surya\OneDrive\Desktop\Data Science Project\Breast Cancer\.venv\Lib\site-packages\sklearn\metrics\_classification.py:1561: UserWarning: Note that pos_label (set to 'M') is ignored when average != 'binary' (got 'weighted'). You may use labels=[pos_label] to specify a single positive class.
  warnings.warn(

2024-08-30 21:43:09,559:WARNING:C:\Users\surya\OneDrive\Desktop\Data Science Project\Breast Cancer\.venv\Lib\site-packages\sklearn\metrics\_classification.py:1561: UserWarning: Note that pos_label (set to 'M') is ignored when average != 'binary' (got 'weighted'). You may use labels=[pos_label] to specify a single positive class.
  warnings.warn(

2024-08-30 21:43:09,562:WARNING:C:\Users\surya\OneDrive\Desktop\Data Science Project\Breast Cancer\.venv\Lib\site-packages\sklearn\metrics\_classification.py:1561: UserWarning: Note that pos_label (set to 'M') is ignored when average != 'binary' (got 'weighted'). You may use labels=[pos_label] to specify a single positive class.
  warnings.warn(

2024-08-30 21:43:09,563:WARNING:C:\Users\surya\OneDrive\Desktop\Data Science Project\Breast Cancer\.venv\Lib\site-packages\sklearn\metrics\_classification.py:1561: UserWarning: Note that pos_label (set to 'M') is ignored when average != 'binary' (got 'weighted'). You may use labels=[pos_label] to specify a single positive class.
  warnings.warn(

2024-08-30 21:43:09,570:WARNING:C:\Users\surya\OneDrive\Desktop\Data Science Project\Breast Cancer\.venv\Lib\site-packages\sklearn\metrics\_classification.py:1561: UserWarning: Note that pos_label (set to 'M') is ignored when average != 'binary' (got 'weighted'). You may use labels=[pos_label] to specify a single positive class.
  warnings.warn(

2024-08-30 21:43:09,570:WARNING:C:\Users\surya\OneDrive\Desktop\Data Science Project\Breast Cancer\.venv\Lib\site-packages\sklearn\metrics\_classification.py:1561: UserWarning: Note that pos_label (set to 'M') is ignored when average != 'binary' (got 'weighted'). You may use labels=[pos_label] to specify a single positive class.
  warnings.warn(

2024-08-30 21:43:09,572:WARNING:C:\Users\surya\OneDrive\Desktop\Data Science Project\Breast Cancer\.venv\Lib\site-packages\sklearn\metrics\_classification.py:1561: UserWarning: Note that pos_label (set to 'M') is ignored when average != 'binary' (got 'weighted'). You may use labels=[pos_label] to specify a single positive class.
  warnings.warn(

2024-08-30 21:43:09,573:WARNING:C:\Users\surya\OneDrive\Desktop\Data Science Project\Breast Cancer\.venv\Lib\site-packages\sklearn\metrics\_classification.py:1561: UserWarning: Note that pos_label (set to 'M') is ignored when average != 'binary' (got 'weighted'). You may use labels=[pos_label] to specify a single positive class.
  warnings.warn(

2024-08-30 21:43:09,574:WARNING:C:\Users\surya\OneDrive\Desktop\Data Science Project\Breast Cancer\.venv\Lib\site-packages\sklearn\metrics\_classification.py:1561: UserWarning: Note that pos_label (set to 'M') is ignored when average != 'binary' (got 'weighted'). You may use labels=[pos_label] to specify a single positive class.
  warnings.warn(

2024-08-30 21:43:09,575:WARNING:C:\Users\surya\OneDrive\Desktop\Data Science Project\Breast Cancer\.venv\Lib\site-packages\sklearn\metrics\_classification.py:1561: UserWarning: Note that pos_label (set to 'M') is ignored when average != 'binary' (got 'weighted'). You may use labels=[pos_label] to specify a single positive class.
  warnings.warn(

2024-08-30 21:43:09,575:WARNING:C:\Users\surya\OneDrive\Desktop\Data Science Project\Breast Cancer\.venv\Lib\site-packages\sklearn\metrics\_classification.py:1561: UserWarning: Note that pos_label (set to 'M') is ignored when average != 'binary' (got 'weighted'). You may use labels=[pos_label] to specify a single positive class.
  warnings.warn(

2024-08-30 21:43:09,576:WARNING:C:\Users\surya\OneDrive\Desktop\Data Science Project\Breast Cancer\.venv\Lib\site-packages\sklearn\metrics\_classification.py:1561: UserWarning: Note that pos_label (set to 'M') is ignored when average != 'binary' (got 'weighted'). You may use labels=[pos_label] to specify a single positive class.
  warnings.warn(

2024-08-30 21:43:09,582:INFO:Calculating mean and std
2024-08-30 21:43:09,583:INFO:Creating metrics dataframe
2024-08-30 21:43:09,586:INFO:Finalizing model
2024-08-30 21:43:09,694:INFO:Uploading results into container
2024-08-30 21:43:09,695:INFO:Uploading model into container now
2024-08-30 21:43:09,707:INFO:_master_model_container: 15
2024-08-30 21:43:09,707:INFO:_display_container: 3
2024-08-30 21:43:09,708:INFO:AdaBoostClassifier(algorithm='SAMME.R', estimator=None, learning_rate=1.0,
                   n_estimators=50, random_state=5634)
2024-08-30 21:43:09,708:INFO:create_model() successfully completed......................................
2024-08-30 21:43:31,960:WARNING:
'cuml' is a soft dependency and not included in the pycaret installation. Please run: `pip install cuml` to install.
2024-08-30 21:43:31,960:WARNING:
'cuml' is a soft dependency and not included in the pycaret installation. Please run: `pip install cuml` to install.
2024-08-30 21:43:31,960:WARNING:
'cuml' is a soft dependency and not included in the pycaret installation. Please run: `pip install cuml` to install.
2024-08-30 21:43:31,960:WARNING:
'cuml' is a soft dependency and not included in the pycaret installation. Please run: `pip install cuml` to install.
2024-08-30 21:43:32,835:INFO:PyCaret ClassificationExperiment
2024-08-30 21:43:32,835:INFO:Logging name: clf-default-name
2024-08-30 21:43:32,835:INFO:ML Usecase: MLUsecase.CLASSIFICATION
2024-08-30 21:43:32,836:INFO:version 3.3.2
2024-08-30 21:43:32,836:INFO:Initializing setup()
2024-08-30 21:43:32,836:INFO:self.USI: 5fa1
2024-08-30 21:43:32,836:INFO:self._variable_keys: {'gpu_n_jobs_param', 'logging_param', 'fold_generator', '_available_plots', 'pipeline', 'X_train', 'seed', 'exp_name_log', 'target_param', 'is_multiclass', 'memory', 'exp_id', 'fold_shuffle_param', 'fold_groups_param', 'y_test', 'USI', 'html_param', 'y_train', 'gpu_param', 'data', 'X_test', 'fix_imbalance', 'y', 'X', 'log_plots_param', '_ml_usecase', 'n_jobs_param', 'idx'}
2024-08-30 21:43:32,836:INFO:Checking environment
2024-08-30 21:43:32,836:INFO:python_version: 3.11.4
2024-08-30 21:43:32,837:INFO:python_build: ('tags/v3.11.4:d2340ef', 'Jun  7 2023 05:45:37')
2024-08-30 21:43:32,837:INFO:machine: AMD64
2024-08-30 21:43:32,866:INFO:platform: Windows-10-10.0.22631-SP0
2024-08-30 21:43:32,871:INFO:Memory: svmem(total=16520773632, available=7852138496, percent=52.5, used=8668635136, free=7852138496)
2024-08-30 21:43:32,871:INFO:Physical Core: 8
2024-08-30 21:43:32,871:INFO:Logical Core: 16
2024-08-30 21:43:32,871:INFO:Checking libraries
2024-08-30 21:43:32,871:INFO:System:
2024-08-30 21:43:32,871:INFO:    python: 3.11.4 (tags/v3.11.4:d2340ef, Jun  7 2023, 05:45:37) [MSC v.1934 64 bit (AMD64)]
2024-08-30 21:43:32,871:INFO:executable: C:\Users\surya\OneDrive\Desktop\Data Science Project\Breast Cancer\.venv\Scripts\python.exe
2024-08-30 21:43:32,871:INFO:   machine: Windows-10-10.0.22631-SP0
2024-08-30 21:43:32,871:INFO:PyCaret required dependencies:
2024-08-30 21:43:32,893:INFO:                 pip: 23.1.2
2024-08-30 21:43:32,893:INFO:          setuptools: 65.5.0
2024-08-30 21:43:32,893:INFO:             pycaret: 3.3.2
2024-08-30 21:43:32,893:INFO:             IPython: 8.27.0
2024-08-30 21:43:32,893:INFO:          ipywidgets: 8.1.5
2024-08-30 21:43:32,893:INFO:                tqdm: 4.66.5
2024-08-30 21:43:32,893:INFO:               numpy: 1.26.4
2024-08-30 21:43:32,893:INFO:              pandas: 2.1.4
2024-08-30 21:43:32,893:INFO:              jinja2: 3.1.4
2024-08-30 21:43:32,893:INFO:               scipy: 1.11.4
2024-08-30 21:43:32,894:INFO:              joblib: 1.3.2
2024-08-30 21:43:32,894:INFO:             sklearn: 1.4.2
2024-08-30 21:43:32,894:INFO:                pyod: 2.0.1
2024-08-30 21:43:32,894:INFO:            imblearn: 0.12.3
2024-08-30 21:43:32,894:INFO:   category_encoders: 2.6.3
2024-08-30 21:43:32,894:INFO:            lightgbm: 4.5.0
2024-08-30 21:43:32,894:INFO:               numba: 0.60.0
2024-08-30 21:43:32,894:INFO:            requests: 2.32.3
2024-08-30 21:43:32,894:INFO:          matplotlib: 3.7.5
2024-08-30 21:43:32,894:INFO:          scikitplot: 0.3.7
2024-08-30 21:43:32,894:INFO:         yellowbrick: 1.5
2024-08-30 21:43:32,894:INFO:              plotly: 5.24.0
2024-08-30 21:43:32,894:INFO:    plotly-resampler: Not installed
2024-08-30 21:43:32,894:INFO:             kaleido: 0.2.1
2024-08-30 21:43:32,894:INFO:           schemdraw: 0.15
2024-08-30 21:43:32,894:INFO:         statsmodels: 0.14.2
2024-08-30 21:43:32,894:INFO:              sktime: 0.26.0
2024-08-30 21:43:32,894:INFO:               tbats: 1.1.3
2024-08-30 21:43:32,894:INFO:            pmdarima: 2.0.4
2024-08-30 21:43:32,894:INFO:              psutil: 6.0.0
2024-08-30 21:43:32,894:INFO:          markupsafe: 2.1.5
2024-08-30 21:43:32,894:INFO:             pickle5: Not installed
2024-08-30 21:43:32,894:INFO:         cloudpickle: 3.0.0
2024-08-30 21:43:32,894:INFO:         deprecation: 2.1.0
2024-08-30 21:43:32,894:INFO:              xxhash: 3.5.0
2024-08-30 21:43:32,894:INFO:           wurlitzer: Not installed
2024-08-30 21:43:32,895:INFO:PyCaret optional dependencies:
2024-08-30 21:43:32,907:INFO:                shap: Not installed
2024-08-30 21:43:32,907:INFO:           interpret: Not installed
2024-08-30 21:43:32,907:INFO:                umap: Not installed
2024-08-30 21:43:32,907:INFO:     ydata_profiling: Not installed
2024-08-30 21:43:32,907:INFO:  explainerdashboard: Not installed
2024-08-30 21:43:32,907:INFO:             autoviz: Not installed
2024-08-30 21:43:32,907:INFO:           fairlearn: Not installed
2024-08-30 21:43:32,907:INFO:          deepchecks: Not installed
2024-08-30 21:43:32,908:INFO:             xgboost: Not installed
2024-08-30 21:43:32,908:INFO:            catboost: Not installed
2024-08-30 21:43:32,908:INFO:              kmodes: Not installed
2024-08-30 21:43:32,908:INFO:             mlxtend: Not installed
2024-08-30 21:43:32,908:INFO:       statsforecast: Not installed
2024-08-30 21:43:32,908:INFO:        tune_sklearn: Not installed
2024-08-30 21:43:32,908:INFO:                 ray: Not installed
2024-08-30 21:43:32,908:INFO:            hyperopt: Not installed
2024-08-30 21:43:32,908:INFO:              optuna: Not installed
2024-08-30 21:43:32,908:INFO:               skopt: Not installed
2024-08-30 21:43:32,908:INFO:              mlflow: Not installed
2024-08-30 21:43:32,908:INFO:              gradio: Not installed
2024-08-30 21:43:32,908:INFO:             fastapi: Not installed
2024-08-30 21:43:32,908:INFO:             uvicorn: Not installed
2024-08-30 21:43:32,908:INFO:              m2cgen: Not installed
2024-08-30 21:43:32,908:INFO:           evidently: Not installed
2024-08-30 21:43:32,908:INFO:               fugue: Not installed
2024-08-30 21:43:32,908:INFO:           streamlit: Not installed
2024-08-30 21:43:32,908:INFO:             prophet: Not installed
2024-08-30 21:43:32,908:INFO:None
2024-08-30 21:43:32,908:INFO:Set up data.
2024-08-30 21:43:32,916:INFO:Set up folding strategy.
2024-08-30 21:43:32,916:INFO:Set up train/test split.
2024-08-30 21:43:32,923:INFO:Set up index.
2024-08-30 21:43:32,923:INFO:Assigning column types.
2024-08-30 21:43:32,928:INFO:Engine successfully changes for model 'lr' to 'sklearn'.
2024-08-30 21:43:32,980:INFO:Engine for model 'knn' has not been set explicitly, hence returning None.
2024-08-30 21:43:32,983:INFO:Engine for model 'rbfsvm' has not been set explicitly, hence returning None.
2024-08-30 21:43:33,020:WARNING:
'xgboost' is a soft dependency and not included in the pycaret installation. Please run: `pip install xgboost` to install.
Alternately, you can install this by running `pip install pycaret[models]`
2024-08-30 21:43:33,020:WARNING:
'catboost' is a soft dependency and not included in the pycaret installation. Please run: `pip install catboost` to install.
Alternately, you can install this by running `pip install pycaret[models]`
2024-08-30 21:43:33,073:INFO:Engine for model 'knn' has not been set explicitly, hence returning None.
2024-08-30 21:43:33,073:INFO:Engine for model 'rbfsvm' has not been set explicitly, hence returning None.
2024-08-30 21:43:33,105:WARNING:
'xgboost' is a soft dependency and not included in the pycaret installation. Please run: `pip install xgboost` to install.
Alternately, you can install this by running `pip install pycaret[models]`
2024-08-30 21:43:33,105:WARNING:
'catboost' is a soft dependency and not included in the pycaret installation. Please run: `pip install catboost` to install.
Alternately, you can install this by running `pip install pycaret[models]`
2024-08-30 21:43:33,106:INFO:Engine successfully changes for model 'knn' to 'sklearn'.
2024-08-30 21:43:33,159:INFO:Engine for model 'rbfsvm' has not been set explicitly, hence returning None.
2024-08-30 21:43:33,191:WARNING:
'xgboost' is a soft dependency and not included in the pycaret installation. Please run: `pip install xgboost` to install.
Alternately, you can install this by running `pip install pycaret[models]`
2024-08-30 21:43:33,191:WARNING:
'catboost' is a soft dependency and not included in the pycaret installation. Please run: `pip install catboost` to install.
Alternately, you can install this by running `pip install pycaret[models]`
2024-08-30 21:43:33,243:INFO:Engine for model 'rbfsvm' has not been set explicitly, hence returning None.
2024-08-30 21:43:33,275:WARNING:
'xgboost' is a soft dependency and not included in the pycaret installation. Please run: `pip install xgboost` to install.
Alternately, you can install this by running `pip install pycaret[models]`
2024-08-30 21:43:33,275:WARNING:
'catboost' is a soft dependency and not included in the pycaret installation. Please run: `pip install catboost` to install.
Alternately, you can install this by running `pip install pycaret[models]`
2024-08-30 21:43:33,275:INFO:Engine successfully changes for model 'rbfsvm' to 'sklearn'.
2024-08-30 21:43:33,359:WARNING:
'xgboost' is a soft dependency and not included in the pycaret installation. Please run: `pip install xgboost` to install.
Alternately, you can install this by running `pip install pycaret[models]`
2024-08-30 21:43:33,360:WARNING:
'catboost' is a soft dependency and not included in the pycaret installation. Please run: `pip install catboost` to install.
Alternately, you can install this by running `pip install pycaret[models]`
2024-08-30 21:43:33,444:WARNING:
'xgboost' is a soft dependency and not included in the pycaret installation. Please run: `pip install xgboost` to install.
Alternately, you can install this by running `pip install pycaret[models]`
2024-08-30 21:43:33,444:WARNING:
'catboost' is a soft dependency and not included in the pycaret installation. Please run: `pip install catboost` to install.
Alternately, you can install this by running `pip install pycaret[models]`
2024-08-30 21:43:33,446:INFO:Preparing preprocessing pipeline...
2024-08-30 21:43:33,447:INFO:Set up label encoding.
2024-08-30 21:43:33,447:INFO:Set up simple imputation.
2024-08-30 21:43:33,448:INFO:Set up column name cleaning.
2024-08-30 21:43:33,479:INFO:Finished creating preprocessing pipeline.
2024-08-30 21:43:33,484:INFO:Pipeline: Pipeline(memory=FastMemory(location=C:\Users\surya\AppData\Local\Temp\joblib),
         steps=[('label_encoding',
                 TransformerWrapperWithInverse(exclude=None, include=None,
                                               transformer=LabelEncoder())),
                ('numerical_imputer',
                 TransformerWrapper(exclude=None,
                                    include=['radius_mean', 'texture_mean',
                                             'perimeter_mean', 'area_mean',
                                             'smoothness_mean',
                                             'compactness_mean',
                                             'conc...
                ('categorical_imputer',
                 TransformerWrapper(exclude=None, include=[],
                                    transformer=SimpleImputer(add_indicator=False,
                                                              copy=True,
                                                              fill_value=None,
                                                              keep_empty_features=False,
                                                              missing_values=nan,
                                                              strategy='most_frequent'))),
                ('clean_column_names',
                 TransformerWrapper(exclude=None, include=None,
                                    transformer=CleanColumnNames(match='[\\]\\[\\,\\{\\}\\"\\:]+')))],
         verbose=False)
2024-08-30 21:43:33,484:INFO:Creating final display dataframe.
2024-08-30 21:43:33,586:INFO:Setup _display_container:                     Description             Value
0                    Session id              7647
1                        Target         diagnosis
2                   Target type            Binary
3                Target mapping        B: 0, M: 1
4           Original data shape         (569, 31)
5        Transformed data shape         (569, 31)
6   Transformed train set shape         (398, 31)
7    Transformed test set shape         (171, 31)
8              Numeric features                30
9                    Preprocess              True
10              Imputation type            simple
11           Numeric imputation              mean
12       Categorical imputation              mode
13               Fold Generator   StratifiedKFold
14                  Fold Number                10
15                     CPU Jobs                -1
16                      Use GPU             False
17               Log Experiment             False
18              Experiment Name  clf-default-name
19                          USI              5fa1
2024-08-30 21:43:33,674:WARNING:
'xgboost' is a soft dependency and not included in the pycaret installation. Please run: `pip install xgboost` to install.
Alternately, you can install this by running `pip install pycaret[models]`
2024-08-30 21:43:33,675:WARNING:
'catboost' is a soft dependency and not included in the pycaret installation. Please run: `pip install catboost` to install.
Alternately, you can install this by running `pip install pycaret[models]`
2024-08-30 21:43:33,758:WARNING:
'xgboost' is a soft dependency and not included in the pycaret installation. Please run: `pip install xgboost` to install.
Alternately, you can install this by running `pip install pycaret[models]`
2024-08-30 21:43:33,759:WARNING:
'catboost' is a soft dependency and not included in the pycaret installation. Please run: `pip install catboost` to install.
Alternately, you can install this by running `pip install pycaret[models]`
2024-08-30 21:43:33,760:INFO:setup() successfully completed in 0.93s...............
2024-08-30 21:43:33,760:INFO:Initializing create_model()
2024-08-30 21:43:33,760:INFO:create_model(self=<pycaret.classification.oop.ClassificationExperiment object at 0x000002AED0DEB990>, estimator=ada, fold=None, round=4, cross_validation=True, predict=True, fit_kwargs=None, groups=None, refit=True, probability_threshold=None, experiment_custom_tags=None, verbose=True, system=True, add_to_model_list=True, metrics=None, display=None, model_only=True, return_train_score=False, error_score=0.0, kwargs={})
2024-08-30 21:43:33,760:INFO:Checking exceptions
2024-08-30 21:43:33,763:INFO:Importing libraries
2024-08-30 21:43:33,763:INFO:Copying training dataset
2024-08-30 21:43:33,769:INFO:Defining folds
2024-08-30 21:43:33,769:INFO:Declaring metric variables
2024-08-30 21:43:33,769:INFO:Importing untrained model
2024-08-30 21:43:33,769:INFO:Ada Boost Classifier Imported successfully
2024-08-30 21:43:33,769:INFO:Starting cross validation
2024-08-30 21:43:33,770:INFO:Cross validating with StratifiedKFold(n_splits=10, random_state=None, shuffle=False), n_jobs=-1
2024-08-30 21:43:37,308:WARNING:C:\Users\surya\OneDrive\Desktop\Data Science Project\Breast Cancer\.venv\Lib\site-packages\sklearn\ensemble\_weight_boosting.py:519: FutureWarning: The SAMME.R algorithm (the default) is deprecated and will be removed in 1.6. Use the SAMME algorithm to circumvent this warning.
  warnings.warn(

2024-08-30 21:43:37,310:WARNING:C:\Users\surya\OneDrive\Desktop\Data Science Project\Breast Cancer\.venv\Lib\site-packages\sklearn\ensemble\_weight_boosting.py:519: FutureWarning: The SAMME.R algorithm (the default) is deprecated and will be removed in 1.6. Use the SAMME algorithm to circumvent this warning.
  warnings.warn(

2024-08-30 21:43:37,318:WARNING:C:\Users\surya\OneDrive\Desktop\Data Science Project\Breast Cancer\.venv\Lib\site-packages\sklearn\ensemble\_weight_boosting.py:519: FutureWarning: The SAMME.R algorithm (the default) is deprecated and will be removed in 1.6. Use the SAMME algorithm to circumvent this warning.
  warnings.warn(

2024-08-30 21:43:37,329:WARNING:C:\Users\surya\OneDrive\Desktop\Data Science Project\Breast Cancer\.venv\Lib\site-packages\sklearn\ensemble\_weight_boosting.py:519: FutureWarning: The SAMME.R algorithm (the default) is deprecated and will be removed in 1.6. Use the SAMME algorithm to circumvent this warning.
  warnings.warn(

2024-08-30 21:43:37,346:WARNING:C:\Users\surya\OneDrive\Desktop\Data Science Project\Breast Cancer\.venv\Lib\site-packages\sklearn\ensemble\_weight_boosting.py:519: FutureWarning: The SAMME.R algorithm (the default) is deprecated and will be removed in 1.6. Use the SAMME algorithm to circumvent this warning.
  warnings.warn(

2024-08-30 21:43:37,346:WARNING:C:\Users\surya\OneDrive\Desktop\Data Science Project\Breast Cancer\.venv\Lib\site-packages\sklearn\ensemble\_weight_boosting.py:519: FutureWarning: The SAMME.R algorithm (the default) is deprecated and will be removed in 1.6. Use the SAMME algorithm to circumvent this warning.
  warnings.warn(

2024-08-30 21:43:37,348:WARNING:C:\Users\surya\OneDrive\Desktop\Data Science Project\Breast Cancer\.venv\Lib\site-packages\sklearn\ensemble\_weight_boosting.py:519: FutureWarning: The SAMME.R algorithm (the default) is deprecated and will be removed in 1.6. Use the SAMME algorithm to circumvent this warning.
  warnings.warn(

2024-08-30 21:43:37,355:WARNING:C:\Users\surya\OneDrive\Desktop\Data Science Project\Breast Cancer\.venv\Lib\site-packages\sklearn\ensemble\_weight_boosting.py:519: FutureWarning: The SAMME.R algorithm (the default) is deprecated and will be removed in 1.6. Use the SAMME algorithm to circumvent this warning.
  warnings.warn(

2024-08-30 21:43:37,385:WARNING:C:\Users\surya\OneDrive\Desktop\Data Science Project\Breast Cancer\.venv\Lib\site-packages\sklearn\ensemble\_weight_boosting.py:519: FutureWarning: The SAMME.R algorithm (the default) is deprecated and will be removed in 1.6. Use the SAMME algorithm to circumvent this warning.
  warnings.warn(

2024-08-30 21:43:37,420:WARNING:C:\Users\surya\OneDrive\Desktop\Data Science Project\Breast Cancer\.venv\Lib\site-packages\sklearn\ensemble\_weight_boosting.py:519: FutureWarning: The SAMME.R algorithm (the default) is deprecated and will be removed in 1.6. Use the SAMME algorithm to circumvent this warning.
  warnings.warn(

2024-08-30 21:43:37,495:WARNING:C:\Users\surya\OneDrive\Desktop\Data Science Project\Breast Cancer\.venv\Lib\site-packages\sklearn\metrics\_classification.py:1561: UserWarning: Note that pos_label (set to 'M') is ignored when average != 'binary' (got 'weighted'). You may use labels=[pos_label] to specify a single positive class.
  warnings.warn(

2024-08-30 21:43:37,497:WARNING:C:\Users\surya\OneDrive\Desktop\Data Science Project\Breast Cancer\.venv\Lib\site-packages\sklearn\metrics\_classification.py:1561: UserWarning: Note that pos_label (set to 'M') is ignored when average != 'binary' (got 'weighted'). You may use labels=[pos_label] to specify a single positive class.
  warnings.warn(

2024-08-30 21:43:37,500:WARNING:C:\Users\surya\OneDrive\Desktop\Data Science Project\Breast Cancer\.venv\Lib\site-packages\sklearn\metrics\_classification.py:1561: UserWarning: Note that pos_label (set to 'M') is ignored when average != 'binary' (got 'weighted'). You may use labels=[pos_label] to specify a single positive class.
  warnings.warn(

2024-08-30 21:43:37,511:WARNING:C:\Users\surya\OneDrive\Desktop\Data Science Project\Breast Cancer\.venv\Lib\site-packages\sklearn\metrics\_classification.py:1561: UserWarning: Note that pos_label (set to 'M') is ignored when average != 'binary' (got 'weighted'). You may use labels=[pos_label] to specify a single positive class.
  warnings.warn(

2024-08-30 21:43:37,514:WARNING:C:\Users\surya\OneDrive\Desktop\Data Science Project\Breast Cancer\.venv\Lib\site-packages\sklearn\metrics\_classification.py:1561: UserWarning: Note that pos_label (set to 'M') is ignored when average != 'binary' (got 'weighted'). You may use labels=[pos_label] to specify a single positive class.
  warnings.warn(

2024-08-30 21:43:37,517:WARNING:C:\Users\surya\OneDrive\Desktop\Data Science Project\Breast Cancer\.venv\Lib\site-packages\sklearn\metrics\_classification.py:1561: UserWarning: Note that pos_label (set to 'M') is ignored when average != 'binary' (got 'weighted'). You may use labels=[pos_label] to specify a single positive class.
  warnings.warn(

2024-08-30 21:43:37,523:WARNING:C:\Users\surya\OneDrive\Desktop\Data Science Project\Breast Cancer\.venv\Lib\site-packages\sklearn\metrics\_classification.py:1561: UserWarning: Note that pos_label (set to 'M') is ignored when average != 'binary' (got 'weighted'). You may use labels=[pos_label] to specify a single positive class.
  warnings.warn(

2024-08-30 21:43:37,523:WARNING:C:\Users\surya\OneDrive\Desktop\Data Science Project\Breast Cancer\.venv\Lib\site-packages\sklearn\metrics\_classification.py:1561: UserWarning: Note that pos_label (set to 'M') is ignored when average != 'binary' (got 'weighted'). You may use labels=[pos_label] to specify a single positive class.
  warnings.warn(

2024-08-30 21:43:37,523:WARNING:C:\Users\surya\OneDrive\Desktop\Data Science Project\Breast Cancer\.venv\Lib\site-packages\sklearn\metrics\_classification.py:1561: UserWarning: Note that pos_label (set to 'M') is ignored when average != 'binary' (got 'weighted'). You may use labels=[pos_label] to specify a single positive class.
  warnings.warn(

2024-08-30 21:43:37,527:WARNING:C:\Users\surya\OneDrive\Desktop\Data Science Project\Breast Cancer\.venv\Lib\site-packages\sklearn\metrics\_classification.py:1561: UserWarning: Note that pos_label (set to 'M') is ignored when average != 'binary' (got 'weighted'). You may use labels=[pos_label] to specify a single positive class.
  warnings.warn(

2024-08-30 21:43:37,527:WARNING:C:\Users\surya\OneDrive\Desktop\Data Science Project\Breast Cancer\.venv\Lib\site-packages\sklearn\metrics\_classification.py:1561: UserWarning: Note that pos_label (set to 'M') is ignored when average != 'binary' (got 'weighted'). You may use labels=[pos_label] to specify a single positive class.
  warnings.warn(

2024-08-30 21:43:37,529:WARNING:C:\Users\surya\OneDrive\Desktop\Data Science Project\Breast Cancer\.venv\Lib\site-packages\sklearn\metrics\_classification.py:1561: UserWarning: Note that pos_label (set to 'M') is ignored when average != 'binary' (got 'weighted'). You may use labels=[pos_label] to specify a single positive class.
  warnings.warn(

2024-08-30 21:43:37,530:WARNING:C:\Users\surya\OneDrive\Desktop\Data Science Project\Breast Cancer\.venv\Lib\site-packages\sklearn\metrics\_classification.py:1561: UserWarning: Note that pos_label (set to 'M') is ignored when average != 'binary' (got 'weighted'). You may use labels=[pos_label] to specify a single positive class.
  warnings.warn(

2024-08-30 21:43:37,531:WARNING:C:\Users\surya\OneDrive\Desktop\Data Science Project\Breast Cancer\.venv\Lib\site-packages\sklearn\metrics\_classification.py:1561: UserWarning: Note that pos_label (set to 'M') is ignored when average != 'binary' (got 'weighted'). You may use labels=[pos_label] to specify a single positive class.
  warnings.warn(

2024-08-30 21:43:37,557:WARNING:C:\Users\surya\OneDrive\Desktop\Data Science Project\Breast Cancer\.venv\Lib\site-packages\sklearn\metrics\_classification.py:1561: UserWarning: Note that pos_label (set to 'M') is ignored when average != 'binary' (got 'weighted'). You may use labels=[pos_label] to specify a single positive class.
  warnings.warn(

2024-08-30 21:43:37,558:WARNING:C:\Users\surya\OneDrive\Desktop\Data Science Project\Breast Cancer\.venv\Lib\site-packages\sklearn\metrics\_classification.py:1561: UserWarning: Note that pos_label (set to 'M') is ignored when average != 'binary' (got 'weighted'). You may use labels=[pos_label] to specify a single positive class.
  warnings.warn(

2024-08-30 21:43:37,562:WARNING:C:\Users\surya\OneDrive\Desktop\Data Science Project\Breast Cancer\.venv\Lib\site-packages\sklearn\metrics\_classification.py:1561: UserWarning: Note that pos_label (set to 'M') is ignored when average != 'binary' (got 'weighted'). You may use labels=[pos_label] to specify a single positive class.
  warnings.warn(

2024-08-30 21:43:37,562:WARNING:C:\Users\surya\OneDrive\Desktop\Data Science Project\Breast Cancer\.venv\Lib\site-packages\sklearn\metrics\_classification.py:1561: UserWarning: Note that pos_label (set to 'M') is ignored when average != 'binary' (got 'weighted'). You may use labels=[pos_label] to specify a single positive class.
  warnings.warn(

2024-08-30 21:43:37,566:WARNING:C:\Users\surya\OneDrive\Desktop\Data Science Project\Breast Cancer\.venv\Lib\site-packages\sklearn\metrics\_classification.py:1561: UserWarning: Note that pos_label (set to 'M') is ignored when average != 'binary' (got 'weighted'). You may use labels=[pos_label] to specify a single positive class.
  warnings.warn(

2024-08-30 21:43:37,593:WARNING:C:\Users\surya\OneDrive\Desktop\Data Science Project\Breast Cancer\.venv\Lib\site-packages\sklearn\metrics\_classification.py:1561: UserWarning: Note that pos_label (set to 'M') is ignored when average != 'binary' (got 'weighted'). You may use labels=[pos_label] to specify a single positive class.
  warnings.warn(

2024-08-30 21:43:37,596:WARNING:C:\Users\surya\OneDrive\Desktop\Data Science Project\Breast Cancer\.venv\Lib\site-packages\sklearn\metrics\_classification.py:1561: UserWarning: Note that pos_label (set to 'M') is ignored when average != 'binary' (got 'weighted'). You may use labels=[pos_label] to specify a single positive class.
  warnings.warn(

2024-08-30 21:43:37,597:WARNING:C:\Users\surya\OneDrive\Desktop\Data Science Project\Breast Cancer\.venv\Lib\site-packages\sklearn\metrics\_classification.py:1561: UserWarning: Note that pos_label (set to 'M') is ignored when average != 'binary' (got 'weighted'). You may use labels=[pos_label] to specify a single positive class.
  warnings.warn(

2024-08-30 21:43:37,599:WARNING:C:\Users\surya\OneDrive\Desktop\Data Science Project\Breast Cancer\.venv\Lib\site-packages\sklearn\metrics\_classification.py:1561: UserWarning: Note that pos_label (set to 'M') is ignored when average != 'binary' (got 'weighted'). You may use labels=[pos_label] to specify a single positive class.
  warnings.warn(

2024-08-30 21:43:37,600:WARNING:C:\Users\surya\OneDrive\Desktop\Data Science Project\Breast Cancer\.venv\Lib\site-packages\sklearn\metrics\_classification.py:1561: UserWarning: Note that pos_label (set to 'M') is ignored when average != 'binary' (got 'weighted'). You may use labels=[pos_label] to specify a single positive class.
  warnings.warn(

2024-08-30 21:43:37,602:WARNING:C:\Users\surya\OneDrive\Desktop\Data Science Project\Breast Cancer\.venv\Lib\site-packages\sklearn\metrics\_classification.py:1561: UserWarning: Note that pos_label (set to 'M') is ignored when average != 'binary' (got 'weighted'). You may use labels=[pos_label] to specify a single positive class.
  warnings.warn(

2024-08-30 21:43:37,623:WARNING:C:\Users\surya\OneDrive\Desktop\Data Science Project\Breast Cancer\.venv\Lib\site-packages\sklearn\metrics\_classification.py:1561: UserWarning: Note that pos_label (set to 'M') is ignored when average != 'binary' (got 'weighted'). You may use labels=[pos_label] to specify a single positive class.
  warnings.warn(

2024-08-30 21:43:37,626:WARNING:C:\Users\surya\OneDrive\Desktop\Data Science Project\Breast Cancer\.venv\Lib\site-packages\sklearn\metrics\_classification.py:1561: UserWarning: Note that pos_label (set to 'M') is ignored when average != 'binary' (got 'weighted'). You may use labels=[pos_label] to specify a single positive class.
  warnings.warn(

2024-08-30 21:43:37,629:WARNING:C:\Users\surya\OneDrive\Desktop\Data Science Project\Breast Cancer\.venv\Lib\site-packages\sklearn\metrics\_classification.py:1561: UserWarning: Note that pos_label (set to 'M') is ignored when average != 'binary' (got 'weighted'). You may use labels=[pos_label] to specify a single positive class.
  warnings.warn(

2024-08-30 21:43:37,644:INFO:Calculating mean and std
2024-08-30 21:43:37,645:INFO:Creating metrics dataframe
2024-08-30 21:43:37,647:INFO:Finalizing model
2024-08-30 21:43:37,783:INFO:Uploading results into container
2024-08-30 21:43:37,784:INFO:Uploading model into container now
2024-08-30 21:43:37,794:INFO:_master_model_container: 1
2024-08-30 21:43:37,794:INFO:_display_container: 2
2024-08-30 21:43:37,795:INFO:AdaBoostClassifier(algorithm='SAMME.R', estimator=None, learning_rate=1.0,
                   n_estimators=50, random_state=7647)
2024-08-30 21:43:37,795:INFO:create_model() successfully completed......................................
2024-08-30 21:45:21,026:WARNING:
'cuml' is a soft dependency and not included in the pycaret installation. Please run: `pip install cuml` to install.
2024-08-30 21:45:21,026:WARNING:
'cuml' is a soft dependency and not included in the pycaret installation. Please run: `pip install cuml` to install.
2024-08-30 21:45:21,026:WARNING:
'cuml' is a soft dependency and not included in the pycaret installation. Please run: `pip install cuml` to install.
2024-08-30 21:45:21,026:WARNING:
'cuml' is a soft dependency and not included in the pycaret installation. Please run: `pip install cuml` to install.
2024-08-30 21:45:21,892:INFO:PyCaret ClassificationExperiment
2024-08-30 21:45:21,893:INFO:Logging name: clf-default-name
2024-08-30 21:45:21,893:INFO:ML Usecase: MLUsecase.CLASSIFICATION
2024-08-30 21:45:21,893:INFO:version 3.3.2
2024-08-30 21:45:21,893:INFO:Initializing setup()
2024-08-30 21:45:21,893:INFO:self.USI: bb1a
2024-08-30 21:45:21,893:INFO:self._variable_keys: {'data', 'n_jobs_param', '_ml_usecase', 'X_test', 'fold_generator', 'seed', '_available_plots', 'fold_groups_param', 'USI', 'y', 'exp_id', 'target_param', 'y_test', 'is_multiclass', 'exp_name_log', 'logging_param', 'html_param', 'idx', 'memory', 'X_train', 'gpu_n_jobs_param', 'gpu_param', 'pipeline', 'fix_imbalance', 'fold_shuffle_param', 'log_plots_param', 'y_train', 'X'}
2024-08-30 21:45:21,893:INFO:Checking environment
2024-08-30 21:45:21,893:INFO:python_version: 3.11.4
2024-08-30 21:45:21,894:INFO:python_build: ('tags/v3.11.4:d2340ef', 'Jun  7 2023 05:45:37')
2024-08-30 21:45:21,894:INFO:machine: AMD64
2024-08-30 21:45:21,926:INFO:platform: Windows-10-10.0.22631-SP0
2024-08-30 21:45:21,931:INFO:Memory: svmem(total=16520773632, available=7869616128, percent=52.4, used=8651157504, free=7869616128)
2024-08-30 21:45:21,931:INFO:Physical Core: 8
2024-08-30 21:45:21,931:INFO:Logical Core: 16
2024-08-30 21:45:21,931:INFO:Checking libraries
2024-08-30 21:45:21,931:INFO:System:
2024-08-30 21:45:21,931:INFO:    python: 3.11.4 (tags/v3.11.4:d2340ef, Jun  7 2023, 05:45:37) [MSC v.1934 64 bit (AMD64)]
2024-08-30 21:45:21,931:INFO:executable: C:\Users\surya\OneDrive\Desktop\Data Science Project\Breast Cancer\.venv\Scripts\python.exe
2024-08-30 21:45:21,931:INFO:   machine: Windows-10-10.0.22631-SP0
2024-08-30 21:45:21,931:INFO:PyCaret required dependencies:
2024-08-30 21:45:21,952:INFO:                 pip: 23.1.2
2024-08-30 21:45:21,953:INFO:          setuptools: 65.5.0
2024-08-30 21:45:21,953:INFO:             pycaret: 3.3.2
2024-08-30 21:45:21,953:INFO:             IPython: 8.27.0
2024-08-30 21:45:21,953:INFO:          ipywidgets: 8.1.5
2024-08-30 21:45:21,953:INFO:                tqdm: 4.66.5
2024-08-30 21:45:21,953:INFO:               numpy: 1.26.4
2024-08-30 21:45:21,953:INFO:              pandas: 2.1.4
2024-08-30 21:45:21,953:INFO:              jinja2: 3.1.4
2024-08-30 21:45:21,953:INFO:               scipy: 1.11.4
2024-08-30 21:45:21,953:INFO:              joblib: 1.3.2
2024-08-30 21:45:21,953:INFO:             sklearn: 1.4.2
2024-08-30 21:45:21,953:INFO:                pyod: 2.0.1
2024-08-30 21:45:21,953:INFO:            imblearn: 0.12.3
2024-08-30 21:45:21,953:INFO:   category_encoders: 2.6.3
2024-08-30 21:45:21,953:INFO:            lightgbm: 4.5.0
2024-08-30 21:45:21,953:INFO:               numba: 0.60.0
2024-08-30 21:45:21,953:INFO:            requests: 2.32.3
2024-08-30 21:45:21,953:INFO:          matplotlib: 3.7.5
2024-08-30 21:45:21,953:INFO:          scikitplot: 0.3.7
2024-08-30 21:45:21,953:INFO:         yellowbrick: 1.5
2024-08-30 21:45:21,953:INFO:              plotly: 5.24.0
2024-08-30 21:45:21,953:INFO:    plotly-resampler: Not installed
2024-08-30 21:45:21,953:INFO:             kaleido: 0.2.1
2024-08-30 21:45:21,953:INFO:           schemdraw: 0.15
2024-08-30 21:45:21,953:INFO:         statsmodels: 0.14.2
2024-08-30 21:45:21,954:INFO:              sktime: 0.26.0
2024-08-30 21:45:21,954:INFO:               tbats: 1.1.3
2024-08-30 21:45:21,954:INFO:            pmdarima: 2.0.4
2024-08-30 21:45:21,954:INFO:              psutil: 6.0.0
2024-08-30 21:45:21,954:INFO:          markupsafe: 2.1.5
2024-08-30 21:45:21,954:INFO:             pickle5: Not installed
2024-08-30 21:45:21,954:INFO:         cloudpickle: 3.0.0
2024-08-30 21:45:21,954:INFO:         deprecation: 2.1.0
2024-08-30 21:45:21,954:INFO:              xxhash: 3.5.0
2024-08-30 21:45:21,954:INFO:           wurlitzer: Not installed
2024-08-30 21:45:21,954:INFO:PyCaret optional dependencies:
2024-08-30 21:45:21,967:INFO:                shap: Not installed
2024-08-30 21:45:21,967:INFO:           interpret: Not installed
2024-08-30 21:45:21,967:INFO:                umap: Not installed
2024-08-30 21:45:21,967:INFO:     ydata_profiling: Not installed
2024-08-30 21:45:21,967:INFO:  explainerdashboard: Not installed
2024-08-30 21:45:21,967:INFO:             autoviz: Not installed
2024-08-30 21:45:21,967:INFO:           fairlearn: Not installed
2024-08-30 21:45:21,967:INFO:          deepchecks: Not installed
2024-08-30 21:45:21,967:INFO:             xgboost: Not installed
2024-08-30 21:45:21,967:INFO:            catboost: Not installed
2024-08-30 21:45:21,967:INFO:              kmodes: Not installed
2024-08-30 21:45:21,967:INFO:             mlxtend: Not installed
2024-08-30 21:45:21,967:INFO:       statsforecast: Not installed
2024-08-30 21:45:21,967:INFO:        tune_sklearn: Not installed
2024-08-30 21:45:21,967:INFO:                 ray: Not installed
2024-08-30 21:45:21,967:INFO:            hyperopt: Not installed
2024-08-30 21:45:21,967:INFO:              optuna: Not installed
2024-08-30 21:45:21,967:INFO:               skopt: Not installed
2024-08-30 21:45:21,967:INFO:              mlflow: Not installed
2024-08-30 21:45:21,967:INFO:              gradio: Not installed
2024-08-30 21:45:21,968:INFO:             fastapi: Not installed
2024-08-30 21:45:21,968:INFO:             uvicorn: Not installed
2024-08-30 21:45:21,968:INFO:              m2cgen: Not installed
2024-08-30 21:45:21,968:INFO:           evidently: Not installed
2024-08-30 21:45:21,968:INFO:               fugue: Not installed
2024-08-30 21:45:21,968:INFO:           streamlit: Not installed
2024-08-30 21:45:21,968:INFO:             prophet: Not installed
2024-08-30 21:45:21,968:INFO:None
2024-08-30 21:45:21,968:INFO:Set up data.
2024-08-30 21:45:21,975:INFO:Set up folding strategy.
2024-08-30 21:45:21,975:INFO:Set up train/test split.
2024-08-30 21:45:21,982:INFO:Set up index.
2024-08-30 21:45:21,983:INFO:Assigning column types.
2024-08-30 21:45:21,988:INFO:Engine successfully changes for model 'lr' to 'sklearn'.
2024-08-30 21:45:22,039:INFO:Engine for model 'knn' has not been set explicitly, hence returning None.
2024-08-30 21:45:22,042:INFO:Engine for model 'rbfsvm' has not been set explicitly, hence returning None.
2024-08-30 21:45:22,079:WARNING:
'xgboost' is a soft dependency and not included in the pycaret installation. Please run: `pip install xgboost` to install.
Alternately, you can install this by running `pip install pycaret[models]`
2024-08-30 21:45:22,080:WARNING:
'catboost' is a soft dependency and not included in the pycaret installation. Please run: `pip install catboost` to install.
Alternately, you can install this by running `pip install pycaret[models]`
2024-08-30 21:45:22,131:INFO:Engine for model 'knn' has not been set explicitly, hence returning None.
2024-08-30 21:45:22,132:INFO:Engine for model 'rbfsvm' has not been set explicitly, hence returning None.
2024-08-30 21:45:22,164:WARNING:
'xgboost' is a soft dependency and not included in the pycaret installation. Please run: `pip install xgboost` to install.
Alternately, you can install this by running `pip install pycaret[models]`
2024-08-30 21:45:22,164:WARNING:
'catboost' is a soft dependency and not included in the pycaret installation. Please run: `pip install catboost` to install.
Alternately, you can install this by running `pip install pycaret[models]`
2024-08-30 21:45:22,164:INFO:Engine successfully changes for model 'knn' to 'sklearn'.
2024-08-30 21:45:22,217:INFO:Engine for model 'rbfsvm' has not been set explicitly, hence returning None.
2024-08-30 21:45:22,249:WARNING:
'xgboost' is a soft dependency and not included in the pycaret installation. Please run: `pip install xgboost` to install.
Alternately, you can install this by running `pip install pycaret[models]`
2024-08-30 21:45:22,249:WARNING:
'catboost' is a soft dependency and not included in the pycaret installation. Please run: `pip install catboost` to install.
Alternately, you can install this by running `pip install pycaret[models]`
2024-08-30 21:45:22,301:INFO:Engine for model 'rbfsvm' has not been set explicitly, hence returning None.
2024-08-30 21:45:22,332:WARNING:
'xgboost' is a soft dependency and not included in the pycaret installation. Please run: `pip install xgboost` to install.
Alternately, you can install this by running `pip install pycaret[models]`
2024-08-30 21:45:22,333:WARNING:
'catboost' is a soft dependency and not included in the pycaret installation. Please run: `pip install catboost` to install.
Alternately, you can install this by running `pip install pycaret[models]`
2024-08-30 21:45:22,333:INFO:Engine successfully changes for model 'rbfsvm' to 'sklearn'.
2024-08-30 21:45:22,417:WARNING:
'xgboost' is a soft dependency and not included in the pycaret installation. Please run: `pip install xgboost` to install.
Alternately, you can install this by running `pip install pycaret[models]`
2024-08-30 21:45:22,417:WARNING:
'catboost' is a soft dependency and not included in the pycaret installation. Please run: `pip install catboost` to install.
Alternately, you can install this by running `pip install pycaret[models]`
2024-08-30 21:45:22,501:WARNING:
'xgboost' is a soft dependency and not included in the pycaret installation. Please run: `pip install xgboost` to install.
Alternately, you can install this by running `pip install pycaret[models]`
2024-08-30 21:45:22,501:WARNING:
'catboost' is a soft dependency and not included in the pycaret installation. Please run: `pip install catboost` to install.
Alternately, you can install this by running `pip install pycaret[models]`
2024-08-30 21:45:22,503:INFO:Preparing preprocessing pipeline...
2024-08-30 21:45:22,504:INFO:Set up label encoding.
2024-08-30 21:45:22,504:INFO:Set up simple imputation.
2024-08-30 21:45:22,505:INFO:Set up column name cleaning.
2024-08-30 21:45:22,536:INFO:Finished creating preprocessing pipeline.
2024-08-30 21:45:22,541:INFO:Pipeline: Pipeline(memory=FastMemory(location=C:\Users\surya\AppData\Local\Temp\joblib),
         steps=[('label_encoding',
                 TransformerWrapperWithInverse(exclude=None, include=None,
                                               transformer=LabelEncoder())),
                ('numerical_imputer',
                 TransformerWrapper(exclude=None,
                                    include=['radius_mean', 'texture_mean',
                                             'perimeter_mean', 'area_mean',
                                             'smoothness_mean',
                                             'compactness_mean',
                                             'conc...
                ('categorical_imputer',
                 TransformerWrapper(exclude=None, include=[],
                                    transformer=SimpleImputer(add_indicator=False,
                                                              copy=True,
                                                              fill_value=None,
                                                              keep_empty_features=False,
                                                              missing_values=nan,
                                                              strategy='most_frequent'))),
                ('clean_column_names',
                 TransformerWrapper(exclude=None, include=None,
                                    transformer=CleanColumnNames(match='[\\]\\[\\,\\{\\}\\"\\:]+')))],
         verbose=False)
2024-08-30 21:45:22,541:INFO:Creating final display dataframe.
2024-08-30 21:45:22,644:INFO:Setup _display_container:                     Description             Value
0                    Session id              3366
1                        Target         diagnosis
2                   Target type            Binary
3                Target mapping        B: 0, M: 1
4           Original data shape         (569, 31)
5        Transformed data shape         (569, 31)
6   Transformed train set shape         (398, 31)
7    Transformed test set shape         (171, 31)
8              Numeric features                30
9                    Preprocess              True
10              Imputation type            simple
11           Numeric imputation              mean
12       Categorical imputation              mode
13               Fold Generator   StratifiedKFold
14                  Fold Number                10
15                     CPU Jobs                -1
16                      Use GPU             False
17               Log Experiment             False
18              Experiment Name  clf-default-name
19                          USI              bb1a
2024-08-30 21:45:22,734:WARNING:
'xgboost' is a soft dependency and not included in the pycaret installation. Please run: `pip install xgboost` to install.
Alternately, you can install this by running `pip install pycaret[models]`
2024-08-30 21:45:22,735:WARNING:
'catboost' is a soft dependency and not included in the pycaret installation. Please run: `pip install catboost` to install.
Alternately, you can install this by running `pip install pycaret[models]`
2024-08-30 21:45:22,819:WARNING:
'xgboost' is a soft dependency and not included in the pycaret installation. Please run: `pip install xgboost` to install.
Alternately, you can install this by running `pip install pycaret[models]`
2024-08-30 21:45:22,819:WARNING:
'catboost' is a soft dependency and not included in the pycaret installation. Please run: `pip install catboost` to install.
Alternately, you can install this by running `pip install pycaret[models]`
2024-08-30 21:45:22,820:INFO:setup() successfully completed in 0.93s...............
2024-08-30 21:45:22,820:INFO:Initializing create_model()
2024-08-30 21:45:22,820:INFO:create_model(self=<pycaret.classification.oop.ClassificationExperiment object at 0x00000249FF0EF650>, estimator=ada, fold=None, round=4, cross_validation=True, predict=True, fit_kwargs=None, groups=None, refit=True, probability_threshold=None, experiment_custom_tags=None, verbose=True, system=True, add_to_model_list=True, metrics=None, display=None, model_only=True, return_train_score=False, error_score=0.0, kwargs={})
2024-08-30 21:45:22,820:INFO:Checking exceptions
2024-08-30 21:45:22,823:INFO:Importing libraries
2024-08-30 21:45:22,823:INFO:Copying training dataset
2024-08-30 21:45:22,828:INFO:Defining folds
2024-08-30 21:45:22,829:INFO:Declaring metric variables
2024-08-30 21:45:22,829:INFO:Importing untrained model
2024-08-30 21:45:22,829:INFO:Ada Boost Classifier Imported successfully
2024-08-30 21:45:22,829:INFO:Starting cross validation
2024-08-30 21:45:22,830:INFO:Cross validating with StratifiedKFold(n_splits=10, random_state=None, shuffle=False), n_jobs=-1
2024-08-30 21:45:26,232:WARNING:C:\Users\surya\OneDrive\Desktop\Data Science Project\Breast Cancer\.venv\Lib\site-packages\sklearn\ensemble\_weight_boosting.py:519: FutureWarning: The SAMME.R algorithm (the default) is deprecated and will be removed in 1.6. Use the SAMME algorithm to circumvent this warning.
  warnings.warn(

2024-08-30 21:45:26,243:WARNING:C:\Users\surya\OneDrive\Desktop\Data Science Project\Breast Cancer\.venv\Lib\site-packages\sklearn\ensemble\_weight_boosting.py:519: FutureWarning: The SAMME.R algorithm (the default) is deprecated and will be removed in 1.6. Use the SAMME algorithm to circumvent this warning.
  warnings.warn(

2024-08-30 21:45:26,248:WARNING:C:\Users\surya\OneDrive\Desktop\Data Science Project\Breast Cancer\.venv\Lib\site-packages\sklearn\ensemble\_weight_boosting.py:519: FutureWarning: The SAMME.R algorithm (the default) is deprecated and will be removed in 1.6. Use the SAMME algorithm to circumvent this warning.
  warnings.warn(

2024-08-30 21:45:26,249:WARNING:C:\Users\surya\OneDrive\Desktop\Data Science Project\Breast Cancer\.venv\Lib\site-packages\sklearn\ensemble\_weight_boosting.py:519: FutureWarning: The SAMME.R algorithm (the default) is deprecated and will be removed in 1.6. Use the SAMME algorithm to circumvent this warning.
  warnings.warn(

2024-08-30 21:45:26,275:WARNING:C:\Users\surya\OneDrive\Desktop\Data Science Project\Breast Cancer\.venv\Lib\site-packages\sklearn\ensemble\_weight_boosting.py:519: FutureWarning: The SAMME.R algorithm (the default) is deprecated and will be removed in 1.6. Use the SAMME algorithm to circumvent this warning.
  warnings.warn(

2024-08-30 21:45:26,281:WARNING:C:\Users\surya\OneDrive\Desktop\Data Science Project\Breast Cancer\.venv\Lib\site-packages\sklearn\ensemble\_weight_boosting.py:519: FutureWarning: The SAMME.R algorithm (the default) is deprecated and will be removed in 1.6. Use the SAMME algorithm to circumvent this warning.
  warnings.warn(

2024-08-30 21:45:26,295:WARNING:C:\Users\surya\OneDrive\Desktop\Data Science Project\Breast Cancer\.venv\Lib\site-packages\sklearn\ensemble\_weight_boosting.py:519: FutureWarning: The SAMME.R algorithm (the default) is deprecated and will be removed in 1.6. Use the SAMME algorithm to circumvent this warning.
  warnings.warn(

2024-08-30 21:45:26,309:WARNING:C:\Users\surya\OneDrive\Desktop\Data Science Project\Breast Cancer\.venv\Lib\site-packages\sklearn\ensemble\_weight_boosting.py:519: FutureWarning: The SAMME.R algorithm (the default) is deprecated and will be removed in 1.6. Use the SAMME algorithm to circumvent this warning.
  warnings.warn(

2024-08-30 21:45:26,332:WARNING:C:\Users\surya\OneDrive\Desktop\Data Science Project\Breast Cancer\.venv\Lib\site-packages\sklearn\ensemble\_weight_boosting.py:519: FutureWarning: The SAMME.R algorithm (the default) is deprecated and will be removed in 1.6. Use the SAMME algorithm to circumvent this warning.
  warnings.warn(

2024-08-30 21:45:26,354:WARNING:C:\Users\surya\OneDrive\Desktop\Data Science Project\Breast Cancer\.venv\Lib\site-packages\sklearn\ensemble\_weight_boosting.py:519: FutureWarning: The SAMME.R algorithm (the default) is deprecated and will be removed in 1.6. Use the SAMME algorithm to circumvent this warning.
  warnings.warn(

2024-08-30 21:45:26,424:WARNING:C:\Users\surya\OneDrive\Desktop\Data Science Project\Breast Cancer\.venv\Lib\site-packages\sklearn\metrics\_classification.py:1561: UserWarning: Note that pos_label (set to 'M') is ignored when average != 'binary' (got 'weighted'). You may use labels=[pos_label] to specify a single positive class.
  warnings.warn(

2024-08-30 21:45:26,427:WARNING:C:\Users\surya\OneDrive\Desktop\Data Science Project\Breast Cancer\.venv\Lib\site-packages\sklearn\metrics\_classification.py:1561: UserWarning: Note that pos_label (set to 'M') is ignored when average != 'binary' (got 'weighted'). You may use labels=[pos_label] to specify a single positive class.
  warnings.warn(

2024-08-30 21:45:26,430:WARNING:C:\Users\surya\OneDrive\Desktop\Data Science Project\Breast Cancer\.venv\Lib\site-packages\sklearn\metrics\_classification.py:1561: UserWarning: Note that pos_label (set to 'M') is ignored when average != 'binary' (got 'weighted'). You may use labels=[pos_label] to specify a single positive class.
  warnings.warn(

2024-08-30 21:45:26,445:WARNING:C:\Users\surya\OneDrive\Desktop\Data Science Project\Breast Cancer\.venv\Lib\site-packages\sklearn\metrics\_classification.py:1561: UserWarning: Note that pos_label (set to 'M') is ignored when average != 'binary' (got 'weighted'). You may use labels=[pos_label] to specify a single positive class.
  warnings.warn(

2024-08-30 21:45:26,449:WARNING:C:\Users\surya\OneDrive\Desktop\Data Science Project\Breast Cancer\.venv\Lib\site-packages\sklearn\metrics\_classification.py:1561: UserWarning: Note that pos_label (set to 'M') is ignored when average != 'binary' (got 'weighted'). You may use labels=[pos_label] to specify a single positive class.
  warnings.warn(

2024-08-30 21:45:26,454:WARNING:C:\Users\surya\OneDrive\Desktop\Data Science Project\Breast Cancer\.venv\Lib\site-packages\sklearn\metrics\_classification.py:1561: UserWarning: Note that pos_label (set to 'M') is ignored when average != 'binary' (got 'weighted'). You may use labels=[pos_label] to specify a single positive class.
  warnings.warn(

2024-08-30 21:45:26,460:WARNING:C:\Users\surya\OneDrive\Desktop\Data Science Project\Breast Cancer\.venv\Lib\site-packages\sklearn\metrics\_classification.py:1561: UserWarning: Note that pos_label (set to 'M') is ignored when average != 'binary' (got 'weighted'). You may use labels=[pos_label] to specify a single positive class.
  warnings.warn(

2024-08-30 21:45:26,463:WARNING:C:\Users\surya\OneDrive\Desktop\Data Science Project\Breast Cancer\.venv\Lib\site-packages\sklearn\metrics\_classification.py:1561: UserWarning: Note that pos_label (set to 'M') is ignored when average != 'binary' (got 'weighted'). You may use labels=[pos_label] to specify a single positive class.
  warnings.warn(

2024-08-30 21:45:26,464:WARNING:C:\Users\surya\OneDrive\Desktop\Data Science Project\Breast Cancer\.venv\Lib\site-packages\sklearn\metrics\_classification.py:1561: UserWarning: Note that pos_label (set to 'M') is ignored when average != 'binary' (got 'weighted'). You may use labels=[pos_label] to specify a single positive class.
  warnings.warn(

2024-08-30 21:45:26,467:WARNING:C:\Users\surya\OneDrive\Desktop\Data Science Project\Breast Cancer\.venv\Lib\site-packages\sklearn\metrics\_classification.py:1561: UserWarning: Note that pos_label (set to 'M') is ignored when average != 'binary' (got 'weighted'). You may use labels=[pos_label] to specify a single positive class.
  warnings.warn(

2024-08-30 21:45:26,468:WARNING:C:\Users\surya\OneDrive\Desktop\Data Science Project\Breast Cancer\.venv\Lib\site-packages\sklearn\metrics\_classification.py:1561: UserWarning: Note that pos_label (set to 'M') is ignored when average != 'binary' (got 'weighted'). You may use labels=[pos_label] to specify a single positive class.
  warnings.warn(

2024-08-30 21:45:26,471:WARNING:C:\Users\surya\OneDrive\Desktop\Data Science Project\Breast Cancer\.venv\Lib\site-packages\sklearn\metrics\_classification.py:1561: UserWarning: Note that pos_label (set to 'M') is ignored when average != 'binary' (got 'weighted'). You may use labels=[pos_label] to specify a single positive class.
  warnings.warn(

2024-08-30 21:45:26,475:WARNING:C:\Users\surya\OneDrive\Desktop\Data Science Project\Breast Cancer\.venv\Lib\site-packages\sklearn\metrics\_classification.py:1561: UserWarning: Note that pos_label (set to 'M') is ignored when average != 'binary' (got 'weighted'). You may use labels=[pos_label] to specify a single positive class.
  warnings.warn(

2024-08-30 21:45:26,480:WARNING:C:\Users\surya\OneDrive\Desktop\Data Science Project\Breast Cancer\.venv\Lib\site-packages\sklearn\metrics\_classification.py:1561: UserWarning: Note that pos_label (set to 'M') is ignored when average != 'binary' (got 'weighted'). You may use labels=[pos_label] to specify a single positive class.
  warnings.warn(

2024-08-30 21:45:26,485:WARNING:C:\Users\surya\OneDrive\Desktop\Data Science Project\Breast Cancer\.venv\Lib\site-packages\sklearn\metrics\_classification.py:1561: UserWarning: Note that pos_label (set to 'M') is ignored when average != 'binary' (got 'weighted'). You may use labels=[pos_label] to specify a single positive class.
  warnings.warn(

2024-08-30 21:45:26,488:WARNING:C:\Users\surya\OneDrive\Desktop\Data Science Project\Breast Cancer\.venv\Lib\site-packages\sklearn\metrics\_classification.py:1561: UserWarning: Note that pos_label (set to 'M') is ignored when average != 'binary' (got 'weighted'). You may use labels=[pos_label] to specify a single positive class.
  warnings.warn(

2024-08-30 21:45:26,493:WARNING:C:\Users\surya\OneDrive\Desktop\Data Science Project\Breast Cancer\.venv\Lib\site-packages\sklearn\metrics\_classification.py:1561: UserWarning: Note that pos_label (set to 'M') is ignored when average != 'binary' (got 'weighted'). You may use labels=[pos_label] to specify a single positive class.
  warnings.warn(

2024-08-30 21:45:26,497:WARNING:C:\Users\surya\OneDrive\Desktop\Data Science Project\Breast Cancer\.venv\Lib\site-packages\sklearn\metrics\_classification.py:1561: UserWarning: Note that pos_label (set to 'M') is ignored when average != 'binary' (got 'weighted'). You may use labels=[pos_label] to specify a single positive class.
  warnings.warn(

2024-08-30 21:45:26,506:WARNING:C:\Users\surya\OneDrive\Desktop\Data Science Project\Breast Cancer\.venv\Lib\site-packages\sklearn\metrics\_classification.py:1561: UserWarning: Note that pos_label (set to 'M') is ignored when average != 'binary' (got 'weighted'). You may use labels=[pos_label] to specify a single positive class.
  warnings.warn(

2024-08-30 21:45:26,510:WARNING:C:\Users\surya\OneDrive\Desktop\Data Science Project\Breast Cancer\.venv\Lib\site-packages\sklearn\metrics\_classification.py:1561: UserWarning: Note that pos_label (set to 'M') is ignored when average != 'binary' (got 'weighted'). You may use labels=[pos_label] to specify a single positive class.
  warnings.warn(

2024-08-30 21:45:26,513:WARNING:C:\Users\surya\OneDrive\Desktop\Data Science Project\Breast Cancer\.venv\Lib\site-packages\sklearn\metrics\_classification.py:1561: UserWarning: Note that pos_label (set to 'M') is ignored when average != 'binary' (got 'weighted'). You may use labels=[pos_label] to specify a single positive class.
  warnings.warn(

2024-08-30 21:45:26,521:WARNING:C:\Users\surya\OneDrive\Desktop\Data Science Project\Breast Cancer\.venv\Lib\site-packages\sklearn\metrics\_classification.py:1561: UserWarning: Note that pos_label (set to 'M') is ignored when average != 'binary' (got 'weighted'). You may use labels=[pos_label] to specify a single positive class.
  warnings.warn(

2024-08-30 21:45:26,525:WARNING:C:\Users\surya\OneDrive\Desktop\Data Science Project\Breast Cancer\.venv\Lib\site-packages\sklearn\metrics\_classification.py:1561: UserWarning: Note that pos_label (set to 'M') is ignored when average != 'binary' (got 'weighted'). You may use labels=[pos_label] to specify a single positive class.
  warnings.warn(

2024-08-30 21:45:26,528:WARNING:C:\Users\surya\OneDrive\Desktop\Data Science Project\Breast Cancer\.venv\Lib\site-packages\sklearn\metrics\_classification.py:1561: UserWarning: Note that pos_label (set to 'M') is ignored when average != 'binary' (got 'weighted'). You may use labels=[pos_label] to specify a single positive class.
  warnings.warn(

2024-08-30 21:45:26,536:WARNING:C:\Users\surya\OneDrive\Desktop\Data Science Project\Breast Cancer\.venv\Lib\site-packages\sklearn\metrics\_classification.py:1561: UserWarning: Note that pos_label (set to 'M') is ignored when average != 'binary' (got 'weighted'). You may use labels=[pos_label] to specify a single positive class.
  warnings.warn(

2024-08-30 21:45:26,539:WARNING:C:\Users\surya\OneDrive\Desktop\Data Science Project\Breast Cancer\.venv\Lib\site-packages\sklearn\metrics\_classification.py:1561: UserWarning: Note that pos_label (set to 'M') is ignored when average != 'binary' (got 'weighted'). You may use labels=[pos_label] to specify a single positive class.
  warnings.warn(

2024-08-30 21:45:26,543:WARNING:C:\Users\surya\OneDrive\Desktop\Data Science Project\Breast Cancer\.venv\Lib\site-packages\sklearn\metrics\_classification.py:1561: UserWarning: Note that pos_label (set to 'M') is ignored when average != 'binary' (got 'weighted'). You may use labels=[pos_label] to specify a single positive class.
  warnings.warn(

2024-08-30 21:45:26,564:WARNING:C:\Users\surya\OneDrive\Desktop\Data Science Project\Breast Cancer\.venv\Lib\site-packages\sklearn\metrics\_classification.py:1561: UserWarning: Note that pos_label (set to 'M') is ignored when average != 'binary' (got 'weighted'). You may use labels=[pos_label] to specify a single positive class.
  warnings.warn(

2024-08-30 21:45:26,567:WARNING:C:\Users\surya\OneDrive\Desktop\Data Science Project\Breast Cancer\.venv\Lib\site-packages\sklearn\metrics\_classification.py:1561: UserWarning: Note that pos_label (set to 'M') is ignored when average != 'binary' (got 'weighted'). You may use labels=[pos_label] to specify a single positive class.
  warnings.warn(

2024-08-30 21:45:26,571:WARNING:C:\Users\surya\OneDrive\Desktop\Data Science Project\Breast Cancer\.venv\Lib\site-packages\sklearn\metrics\_classification.py:1561: UserWarning: Note that pos_label (set to 'M') is ignored when average != 'binary' (got 'weighted'). You may use labels=[pos_label] to specify a single positive class.
  warnings.warn(

2024-08-30 21:45:26,582:INFO:Calculating mean and std
2024-08-30 21:45:26,583:INFO:Creating metrics dataframe
2024-08-30 21:45:26,585:INFO:Finalizing model
2024-08-30 21:45:26,730:INFO:Uploading results into container
2024-08-30 21:45:26,730:INFO:Uploading model into container now
2024-08-30 21:45:26,742:INFO:_master_model_container: 1
2024-08-30 21:45:26,742:INFO:_display_container: 2
2024-08-30 21:45:26,744:INFO:AdaBoostClassifier(algorithm='SAMME.R', estimator=None, learning_rate=1.0,
                   n_estimators=50, random_state=3366)
2024-08-30 21:45:26,744:INFO:create_model() successfully completed......................................
2024-08-30 21:45:26,826:INFO:Initializing tune_model()
2024-08-30 21:45:26,827:INFO:tune_model(self=<pycaret.classification.oop.ClassificationExperiment object at 0x00000249FF0EF650>, estimator=ada, fold=None, round=4, n_iter=10, custom_grid=None, optimize=Accuracy, custom_scorer=None, search_library=scikit-learn, search_algorithm=None, early_stopping=False, early_stopping_max_iters=10, choose_better=True, fit_kwargs=None, groups=None, return_tuner=False, verbose=True, tuner_verbose=True, return_train_score=False, kwargs={})
2024-08-30 21:45:26,827:INFO:Checking exceptions
2024-08-30 21:47:27,791:WARNING:
'cuml' is a soft dependency and not included in the pycaret installation. Please run: `pip install cuml` to install.
2024-08-30 21:47:27,791:WARNING:
'cuml' is a soft dependency and not included in the pycaret installation. Please run: `pip install cuml` to install.
2024-08-30 21:47:27,791:WARNING:
'cuml' is a soft dependency and not included in the pycaret installation. Please run: `pip install cuml` to install.
2024-08-30 21:47:27,791:WARNING:
'cuml' is a soft dependency and not included in the pycaret installation. Please run: `pip install cuml` to install.
2024-08-30 21:47:28,676:INFO:PyCaret ClassificationExperiment
2024-08-30 21:47:28,676:INFO:Logging name: clf-default-name
2024-08-30 21:47:28,676:INFO:ML Usecase: MLUsecase.CLASSIFICATION
2024-08-30 21:47:28,676:INFO:version 3.3.2
2024-08-30 21:47:28,676:INFO:Initializing setup()
2024-08-30 21:47:28,676:INFO:self.USI: 67ab
2024-08-30 21:47:28,677:INFO:self._variable_keys: {'y_train', 'gpu_param', 'fold_groups_param', 'n_jobs_param', 'pipeline', 'gpu_n_jobs_param', 'fold_generator', 'fold_shuffle_param', 'fix_imbalance', 'target_param', 'y', 'exp_id', 'exp_name_log', 'USI', 'seed', 'memory', '_available_plots', 'logging_param', 'y_test', '_ml_usecase', 'X', 'data', 'idx', 'log_plots_param', 'is_multiclass', 'X_train', 'html_param', 'X_test'}
2024-08-30 21:47:28,677:INFO:Checking environment
2024-08-30 21:47:28,677:INFO:python_version: 3.11.4
2024-08-30 21:47:28,677:INFO:python_build: ('tags/v3.11.4:d2340ef', 'Jun  7 2023 05:45:37')
2024-08-30 21:47:28,677:INFO:machine: AMD64
2024-08-30 21:47:28,703:INFO:platform: Windows-10-10.0.22631-SP0
2024-08-30 21:47:28,708:INFO:Memory: svmem(total=16520773632, available=7877455872, percent=52.3, used=8643317760, free=7877455872)
2024-08-30 21:47:28,708:INFO:Physical Core: 8
2024-08-30 21:47:28,708:INFO:Logical Core: 16
2024-08-30 21:47:28,708:INFO:Checking libraries
2024-08-30 21:47:28,708:INFO:System:
2024-08-30 21:47:28,708:INFO:    python: 3.11.4 (tags/v3.11.4:d2340ef, Jun  7 2023, 05:45:37) [MSC v.1934 64 bit (AMD64)]
2024-08-30 21:47:28,708:INFO:executable: C:\Users\surya\OneDrive\Desktop\Data Science Project\Breast Cancer\.venv\Scripts\python.exe
2024-08-30 21:47:28,708:INFO:   machine: Windows-10-10.0.22631-SP0
2024-08-30 21:47:28,708:INFO:PyCaret required dependencies:
2024-08-30 21:47:28,730:INFO:                 pip: 23.1.2
2024-08-30 21:47:28,730:INFO:          setuptools: 65.5.0
2024-08-30 21:47:28,730:INFO:             pycaret: 3.3.2
2024-08-30 21:47:28,730:INFO:             IPython: 8.27.0
2024-08-30 21:47:28,730:INFO:          ipywidgets: 8.1.5
2024-08-30 21:47:28,730:INFO:                tqdm: 4.66.5
2024-08-30 21:47:28,730:INFO:               numpy: 1.26.4
2024-08-30 21:47:28,730:INFO:              pandas: 2.1.4
2024-08-30 21:47:28,730:INFO:              jinja2: 3.1.4
2024-08-30 21:47:28,730:INFO:               scipy: 1.11.4
2024-08-30 21:47:28,730:INFO:              joblib: 1.3.2
2024-08-30 21:47:28,730:INFO:             sklearn: 1.4.2
2024-08-30 21:47:28,730:INFO:                pyod: 2.0.1
2024-08-30 21:47:28,730:INFO:            imblearn: 0.12.3
2024-08-30 21:47:28,730:INFO:   category_encoders: 2.6.3
2024-08-30 21:47:28,730:INFO:            lightgbm: 4.5.0
2024-08-30 21:47:28,731:INFO:               numba: 0.60.0
2024-08-30 21:47:28,731:INFO:            requests: 2.32.3
2024-08-30 21:47:28,731:INFO:          matplotlib: 3.7.5
2024-08-30 21:47:28,731:INFO:          scikitplot: 0.3.7
2024-08-30 21:47:28,731:INFO:         yellowbrick: 1.5
2024-08-30 21:47:28,731:INFO:              plotly: 5.24.0
2024-08-30 21:47:28,731:INFO:    plotly-resampler: Not installed
2024-08-30 21:47:28,731:INFO:             kaleido: 0.2.1
2024-08-30 21:47:28,731:INFO:           schemdraw: 0.15
2024-08-30 21:47:28,731:INFO:         statsmodels: 0.14.2
2024-08-30 21:47:28,731:INFO:              sktime: 0.26.0
2024-08-30 21:47:28,731:INFO:               tbats: 1.1.3
2024-08-30 21:47:28,731:INFO:            pmdarima: 2.0.4
2024-08-30 21:47:28,731:INFO:              psutil: 6.0.0
2024-08-30 21:47:28,731:INFO:          markupsafe: 2.1.5
2024-08-30 21:47:28,731:INFO:             pickle5: Not installed
2024-08-30 21:47:28,731:INFO:         cloudpickle: 3.0.0
2024-08-30 21:47:28,731:INFO:         deprecation: 2.1.0
2024-08-30 21:47:28,731:INFO:              xxhash: 3.5.0
2024-08-30 21:47:28,731:INFO:           wurlitzer: Not installed
2024-08-30 21:47:28,731:INFO:PyCaret optional dependencies:
2024-08-30 21:47:28,744:INFO:                shap: Not installed
2024-08-30 21:47:28,744:INFO:           interpret: Not installed
2024-08-30 21:47:28,744:INFO:                umap: Not installed
2024-08-30 21:47:28,744:INFO:     ydata_profiling: Not installed
2024-08-30 21:47:28,744:INFO:  explainerdashboard: Not installed
2024-08-30 21:47:28,744:INFO:             autoviz: Not installed
2024-08-30 21:47:28,744:INFO:           fairlearn: Not installed
2024-08-30 21:47:28,744:INFO:          deepchecks: Not installed
2024-08-30 21:47:28,744:INFO:             xgboost: Not installed
2024-08-30 21:47:28,744:INFO:            catboost: Not installed
2024-08-30 21:47:28,745:INFO:              kmodes: Not installed
2024-08-30 21:47:28,745:INFO:             mlxtend: Not installed
2024-08-30 21:47:28,745:INFO:       statsforecast: Not installed
2024-08-30 21:47:28,745:INFO:        tune_sklearn: Not installed
2024-08-30 21:47:28,745:INFO:                 ray: Not installed
2024-08-30 21:47:28,745:INFO:            hyperopt: Not installed
2024-08-30 21:47:28,745:INFO:              optuna: Not installed
2024-08-30 21:47:28,745:INFO:               skopt: Not installed
2024-08-30 21:47:28,745:INFO:              mlflow: Not installed
2024-08-30 21:47:28,745:INFO:              gradio: Not installed
2024-08-30 21:47:28,745:INFO:             fastapi: Not installed
2024-08-30 21:47:28,745:INFO:             uvicorn: Not installed
2024-08-30 21:47:28,745:INFO:              m2cgen: Not installed
2024-08-30 21:47:28,745:INFO:           evidently: Not installed
2024-08-30 21:47:28,745:INFO:               fugue: Not installed
2024-08-30 21:47:28,745:INFO:           streamlit: Not installed
2024-08-30 21:47:28,745:INFO:             prophet: Not installed
2024-08-30 21:47:28,745:INFO:None
2024-08-30 21:47:28,745:INFO:Set up data.
2024-08-30 21:47:28,753:INFO:Set up folding strategy.
2024-08-30 21:47:28,753:INFO:Set up train/test split.
2024-08-30 21:47:28,760:INFO:Set up index.
2024-08-30 21:47:28,760:INFO:Assigning column types.
2024-08-30 21:47:28,765:INFO:Engine successfully changes for model 'lr' to 'sklearn'.
2024-08-30 21:47:28,816:INFO:Engine for model 'knn' has not been set explicitly, hence returning None.
2024-08-30 21:47:28,819:INFO:Engine for model 'rbfsvm' has not been set explicitly, hence returning None.
2024-08-30 21:47:28,855:WARNING:
'xgboost' is a soft dependency and not included in the pycaret installation. Please run: `pip install xgboost` to install.
Alternately, you can install this by running `pip install pycaret[models]`
2024-08-30 21:47:28,855:WARNING:
'catboost' is a soft dependency and not included in the pycaret installation. Please run: `pip install catboost` to install.
Alternately, you can install this by running `pip install pycaret[models]`
2024-08-30 21:47:28,906:INFO:Engine for model 'knn' has not been set explicitly, hence returning None.
2024-08-30 21:47:28,907:INFO:Engine for model 'rbfsvm' has not been set explicitly, hence returning None.
2024-08-30 21:47:28,938:WARNING:
'xgboost' is a soft dependency and not included in the pycaret installation. Please run: `pip install xgboost` to install.
Alternately, you can install this by running `pip install pycaret[models]`
2024-08-30 21:47:28,938:WARNING:
'catboost' is a soft dependency and not included in the pycaret installation. Please run: `pip install catboost` to install.
Alternately, you can install this by running `pip install pycaret[models]`
2024-08-30 21:47:28,938:INFO:Engine successfully changes for model 'knn' to 'sklearn'.
2024-08-30 21:47:28,991:INFO:Engine for model 'rbfsvm' has not been set explicitly, hence returning None.
2024-08-30 21:47:29,022:WARNING:
'xgboost' is a soft dependency and not included in the pycaret installation. Please run: `pip install xgboost` to install.
Alternately, you can install this by running `pip install pycaret[models]`
2024-08-30 21:47:29,022:WARNING:
'catboost' is a soft dependency and not included in the pycaret installation. Please run: `pip install catboost` to install.
Alternately, you can install this by running `pip install pycaret[models]`
2024-08-30 21:47:29,073:INFO:Engine for model 'rbfsvm' has not been set explicitly, hence returning None.
2024-08-30 21:47:29,104:WARNING:
'xgboost' is a soft dependency and not included in the pycaret installation. Please run: `pip install xgboost` to install.
Alternately, you can install this by running `pip install pycaret[models]`
2024-08-30 21:47:29,105:WARNING:
'catboost' is a soft dependency and not included in the pycaret installation. Please run: `pip install catboost` to install.
Alternately, you can install this by running `pip install pycaret[models]`
2024-08-30 21:47:29,105:INFO:Engine successfully changes for model 'rbfsvm' to 'sklearn'.
2024-08-30 21:47:29,187:WARNING:
'xgboost' is a soft dependency and not included in the pycaret installation. Please run: `pip install xgboost` to install.
Alternately, you can install this by running `pip install pycaret[models]`
2024-08-30 21:47:29,187:WARNING:
'catboost' is a soft dependency and not included in the pycaret installation. Please run: `pip install catboost` to install.
Alternately, you can install this by running `pip install pycaret[models]`
2024-08-30 21:47:29,269:WARNING:
'xgboost' is a soft dependency and not included in the pycaret installation. Please run: `pip install xgboost` to install.
Alternately, you can install this by running `pip install pycaret[models]`
2024-08-30 21:47:29,270:WARNING:
'catboost' is a soft dependency and not included in the pycaret installation. Please run: `pip install catboost` to install.
Alternately, you can install this by running `pip install pycaret[models]`
2024-08-30 21:47:29,272:INFO:Preparing preprocessing pipeline...
2024-08-30 21:47:29,273:INFO:Set up label encoding.
2024-08-30 21:47:29,273:INFO:Set up simple imputation.
2024-08-30 21:47:29,274:INFO:Set up column name cleaning.
2024-08-30 21:47:29,305:INFO:Finished creating preprocessing pipeline.
2024-08-30 21:47:29,310:INFO:Pipeline: Pipeline(memory=FastMemory(location=C:\Users\surya\AppData\Local\Temp\joblib),
         steps=[('label_encoding',
                 TransformerWrapperWithInverse(exclude=None, include=None,
                                               transformer=LabelEncoder())),
                ('numerical_imputer',
                 TransformerWrapper(exclude=None,
                                    include=['radius_mean', 'texture_mean',
                                             'perimeter_mean', 'area_mean',
                                             'smoothness_mean',
                                             'compactness_mean',
                                             'conc...
                ('categorical_imputer',
                 TransformerWrapper(exclude=None, include=[],
                                    transformer=SimpleImputer(add_indicator=False,
                                                              copy=True,
                                                              fill_value=None,
                                                              keep_empty_features=False,
                                                              missing_values=nan,
                                                              strategy='most_frequent'))),
                ('clean_column_names',
                 TransformerWrapper(exclude=None, include=None,
                                    transformer=CleanColumnNames(match='[\\]\\[\\,\\{\\}\\"\\:]+')))],
         verbose=False)
2024-08-30 21:47:29,310:INFO:Creating final display dataframe.
2024-08-30 21:47:29,412:INFO:Setup _display_container:                     Description             Value
0                    Session id              2919
1                        Target         diagnosis
2                   Target type            Binary
3                Target mapping        B: 0, M: 1
4           Original data shape         (569, 31)
5        Transformed data shape         (569, 31)
6   Transformed train set shape         (398, 31)
7    Transformed test set shape         (171, 31)
8              Numeric features                30
9                    Preprocess              True
10              Imputation type            simple
11           Numeric imputation              mean
12       Categorical imputation              mode
13               Fold Generator   StratifiedKFold
14                  Fold Number                10
15                     CPU Jobs                -1
16                      Use GPU             False
17               Log Experiment             False
18              Experiment Name  clf-default-name
19                          USI              67ab
2024-08-30 21:47:29,500:WARNING:
'xgboost' is a soft dependency and not included in the pycaret installation. Please run: `pip install xgboost` to install.
Alternately, you can install this by running `pip install pycaret[models]`
2024-08-30 21:47:29,501:WARNING:
'catboost' is a soft dependency and not included in the pycaret installation. Please run: `pip install catboost` to install.
Alternately, you can install this by running `pip install pycaret[models]`
2024-08-30 21:47:29,583:WARNING:
'xgboost' is a soft dependency and not included in the pycaret installation. Please run: `pip install xgboost` to install.
Alternately, you can install this by running `pip install pycaret[models]`
2024-08-30 21:47:29,583:WARNING:
'catboost' is a soft dependency and not included in the pycaret installation. Please run: `pip install catboost` to install.
Alternately, you can install this by running `pip install pycaret[models]`
2024-08-30 21:47:29,584:INFO:setup() successfully completed in 0.91s...............
2024-08-30 21:47:29,584:INFO:Initializing create_model()
2024-08-30 21:47:29,584:INFO:create_model(self=<pycaret.classification.oop.ClassificationExperiment object at 0x00000199210AB910>, estimator=ada, fold=None, round=4, cross_validation=True, predict=True, fit_kwargs=None, groups=None, refit=True, probability_threshold=None, experiment_custom_tags=None, verbose=True, system=True, add_to_model_list=True, metrics=None, display=None, model_only=True, return_train_score=False, error_score=0.0, kwargs={})
2024-08-30 21:47:29,584:INFO:Checking exceptions
2024-08-30 21:47:29,587:INFO:Importing libraries
2024-08-30 21:47:29,587:INFO:Copying training dataset
2024-08-30 21:47:29,592:INFO:Defining folds
2024-08-30 21:47:29,592:INFO:Declaring metric variables
2024-08-30 21:47:29,593:INFO:Importing untrained model
2024-08-30 21:47:29,593:INFO:Ada Boost Classifier Imported successfully
2024-08-30 21:47:29,594:INFO:Starting cross validation
2024-08-30 21:47:29,595:INFO:Cross validating with StratifiedKFold(n_splits=10, random_state=None, shuffle=False), n_jobs=-1
2024-08-30 21:47:32,981:WARNING:C:\Users\surya\OneDrive\Desktop\Data Science Project\Breast Cancer\.venv\Lib\site-packages\sklearn\ensemble\_weight_boosting.py:519: FutureWarning: The SAMME.R algorithm (the default) is deprecated and will be removed in 1.6. Use the SAMME algorithm to circumvent this warning.
  warnings.warn(

2024-08-30 21:47:32,989:WARNING:C:\Users\surya\OneDrive\Desktop\Data Science Project\Breast Cancer\.venv\Lib\site-packages\sklearn\ensemble\_weight_boosting.py:519: FutureWarning: The SAMME.R algorithm (the default) is deprecated and will be removed in 1.6. Use the SAMME algorithm to circumvent this warning.
  warnings.warn(

2024-08-30 21:47:33,023:WARNING:C:\Users\surya\OneDrive\Desktop\Data Science Project\Breast Cancer\.venv\Lib\site-packages\sklearn\ensemble\_weight_boosting.py:519: FutureWarning: The SAMME.R algorithm (the default) is deprecated and will be removed in 1.6. Use the SAMME algorithm to circumvent this warning.
  warnings.warn(

2024-08-30 21:47:33,048:WARNING:C:\Users\surya\OneDrive\Desktop\Data Science Project\Breast Cancer\.venv\Lib\site-packages\sklearn\ensemble\_weight_boosting.py:519: FutureWarning: The SAMME.R algorithm (the default) is deprecated and will be removed in 1.6. Use the SAMME algorithm to circumvent this warning.
  warnings.warn(

2024-08-30 21:47:33,050:WARNING:C:\Users\surya\OneDrive\Desktop\Data Science Project\Breast Cancer\.venv\Lib\site-packages\sklearn\ensemble\_weight_boosting.py:519: FutureWarning: The SAMME.R algorithm (the default) is deprecated and will be removed in 1.6. Use the SAMME algorithm to circumvent this warning.
  warnings.warn(

2024-08-30 21:47:33,067:WARNING:C:\Users\surya\OneDrive\Desktop\Data Science Project\Breast Cancer\.venv\Lib\site-packages\sklearn\ensemble\_weight_boosting.py:519: FutureWarning: The SAMME.R algorithm (the default) is deprecated and will be removed in 1.6. Use the SAMME algorithm to circumvent this warning.
  warnings.warn(

2024-08-30 21:47:33,089:WARNING:C:\Users\surya\OneDrive\Desktop\Data Science Project\Breast Cancer\.venv\Lib\site-packages\sklearn\ensemble\_weight_boosting.py:519: FutureWarning: The SAMME.R algorithm (the default) is deprecated and will be removed in 1.6. Use the SAMME algorithm to circumvent this warning.
  warnings.warn(

2024-08-30 21:47:33,091:WARNING:C:\Users\surya\OneDrive\Desktop\Data Science Project\Breast Cancer\.venv\Lib\site-packages\sklearn\ensemble\_weight_boosting.py:519: FutureWarning: The SAMME.R algorithm (the default) is deprecated and will be removed in 1.6. Use the SAMME algorithm to circumvent this warning.
  warnings.warn(

2024-08-30 21:47:33,093:WARNING:C:\Users\surya\OneDrive\Desktop\Data Science Project\Breast Cancer\.venv\Lib\site-packages\sklearn\ensemble\_weight_boosting.py:519: FutureWarning: The SAMME.R algorithm (the default) is deprecated and will be removed in 1.6. Use the SAMME algorithm to circumvent this warning.
  warnings.warn(

2024-08-30 21:47:33,153:WARNING:C:\Users\surya\OneDrive\Desktop\Data Science Project\Breast Cancer\.venv\Lib\site-packages\sklearn\ensemble\_weight_boosting.py:519: FutureWarning: The SAMME.R algorithm (the default) is deprecated and will be removed in 1.6. Use the SAMME algorithm to circumvent this warning.
  warnings.warn(

2024-08-30 21:47:33,164:WARNING:C:\Users\surya\OneDrive\Desktop\Data Science Project\Breast Cancer\.venv\Lib\site-packages\sklearn\metrics\_classification.py:1561: UserWarning: Note that pos_label (set to 'M') is ignored when average != 'binary' (got 'weighted'). You may use labels=[pos_label] to specify a single positive class.
  warnings.warn(

2024-08-30 21:47:33,168:WARNING:C:\Users\surya\OneDrive\Desktop\Data Science Project\Breast Cancer\.venv\Lib\site-packages\sklearn\metrics\_classification.py:1561: UserWarning: Note that pos_label (set to 'M') is ignored when average != 'binary' (got 'weighted'). You may use labels=[pos_label] to specify a single positive class.
  warnings.warn(

2024-08-30 21:47:33,172:WARNING:C:\Users\surya\OneDrive\Desktop\Data Science Project\Breast Cancer\.venv\Lib\site-packages\sklearn\metrics\_classification.py:1561: UserWarning: Note that pos_label (set to 'M') is ignored when average != 'binary' (got 'weighted'). You may use labels=[pos_label] to specify a single positive class.
  warnings.warn(

2024-08-30 21:47:33,223:WARNING:C:\Users\surya\OneDrive\Desktop\Data Science Project\Breast Cancer\.venv\Lib\site-packages\sklearn\metrics\_classification.py:1561: UserWarning: Note that pos_label (set to 'M') is ignored when average != 'binary' (got 'weighted'). You may use labels=[pos_label] to specify a single positive class.
  warnings.warn(

2024-08-30 21:47:33,228:WARNING:C:\Users\surya\OneDrive\Desktop\Data Science Project\Breast Cancer\.venv\Lib\site-packages\sklearn\metrics\_classification.py:1561: UserWarning: Note that pos_label (set to 'M') is ignored when average != 'binary' (got 'weighted'). You may use labels=[pos_label] to specify a single positive class.
  warnings.warn(

2024-08-30 21:47:33,232:WARNING:C:\Users\surya\OneDrive\Desktop\Data Science Project\Breast Cancer\.venv\Lib\site-packages\sklearn\metrics\_classification.py:1561: UserWarning: Note that pos_label (set to 'M') is ignored when average != 'binary' (got 'weighted'). You may use labels=[pos_label] to specify a single positive class.
  warnings.warn(

2024-08-30 21:47:33,245:WARNING:C:\Users\surya\OneDrive\Desktop\Data Science Project\Breast Cancer\.venv\Lib\site-packages\sklearn\metrics\_classification.py:1561: UserWarning: Note that pos_label (set to 'M') is ignored when average != 'binary' (got 'weighted'). You may use labels=[pos_label] to specify a single positive class.
  warnings.warn(

2024-08-30 21:47:33,247:WARNING:C:\Users\surya\OneDrive\Desktop\Data Science Project\Breast Cancer\.venv\Lib\site-packages\sklearn\metrics\_classification.py:1561: UserWarning: Note that pos_label (set to 'M') is ignored when average != 'binary' (got 'weighted'). You may use labels=[pos_label] to specify a single positive class.
  warnings.warn(

2024-08-30 21:47:33,249:WARNING:C:\Users\surya\OneDrive\Desktop\Data Science Project\Breast Cancer\.venv\Lib\site-packages\sklearn\metrics\_classification.py:1561: UserWarning: Note that pos_label (set to 'M') is ignored when average != 'binary' (got 'weighted'). You may use labels=[pos_label] to specify a single positive class.
  warnings.warn(

2024-08-30 21:47:33,251:WARNING:C:\Users\surya\OneDrive\Desktop\Data Science Project\Breast Cancer\.venv\Lib\site-packages\sklearn\metrics\_classification.py:1561: UserWarning: Note that pos_label (set to 'M') is ignored when average != 'binary' (got 'weighted'). You may use labels=[pos_label] to specify a single positive class.
  warnings.warn(

2024-08-30 21:47:33,251:WARNING:C:\Users\surya\OneDrive\Desktop\Data Science Project\Breast Cancer\.venv\Lib\site-packages\sklearn\metrics\_classification.py:1561: UserWarning: Note that pos_label (set to 'M') is ignored when average != 'binary' (got 'weighted'). You may use labels=[pos_label] to specify a single positive class.
  warnings.warn(

2024-08-30 21:47:33,252:WARNING:C:\Users\surya\OneDrive\Desktop\Data Science Project\Breast Cancer\.venv\Lib\site-packages\sklearn\metrics\_classification.py:1561: UserWarning: Note that pos_label (set to 'M') is ignored when average != 'binary' (got 'weighted'). You may use labels=[pos_label] to specify a single positive class.
  warnings.warn(

2024-08-30 21:47:33,255:WARNING:C:\Users\surya\OneDrive\Desktop\Data Science Project\Breast Cancer\.venv\Lib\site-packages\sklearn\metrics\_classification.py:1561: UserWarning: Note that pos_label (set to 'M') is ignored when average != 'binary' (got 'weighted'). You may use labels=[pos_label] to specify a single positive class.
  warnings.warn(

2024-08-30 21:47:33,255:WARNING:C:\Users\surya\OneDrive\Desktop\Data Science Project\Breast Cancer\.venv\Lib\site-packages\sklearn\metrics\_classification.py:1561: UserWarning: Note that pos_label (set to 'M') is ignored when average != 'binary' (got 'weighted'). You may use labels=[pos_label] to specify a single positive class.
  warnings.warn(

2024-08-30 21:47:33,258:WARNING:C:\Users\surya\OneDrive\Desktop\Data Science Project\Breast Cancer\.venv\Lib\site-packages\sklearn\metrics\_classification.py:1561: UserWarning: Note that pos_label (set to 'M') is ignored when average != 'binary' (got 'weighted'). You may use labels=[pos_label] to specify a single positive class.
  warnings.warn(

2024-08-30 21:47:33,260:WARNING:C:\Users\surya\OneDrive\Desktop\Data Science Project\Breast Cancer\.venv\Lib\site-packages\sklearn\metrics\_classification.py:1561: UserWarning: Note that pos_label (set to 'M') is ignored when average != 'binary' (got 'weighted'). You may use labels=[pos_label] to specify a single positive class.
  warnings.warn(

2024-08-30 21:47:33,263:WARNING:C:\Users\surya\OneDrive\Desktop\Data Science Project\Breast Cancer\.venv\Lib\site-packages\sklearn\metrics\_classification.py:1561: UserWarning: Note that pos_label (set to 'M') is ignored when average != 'binary' (got 'weighted'). You may use labels=[pos_label] to specify a single positive class.
  warnings.warn(

2024-08-30 21:47:33,266:WARNING:C:\Users\surya\OneDrive\Desktop\Data Science Project\Breast Cancer\.venv\Lib\site-packages\sklearn\metrics\_classification.py:1561: UserWarning: Note that pos_label (set to 'M') is ignored when average != 'binary' (got 'weighted'). You may use labels=[pos_label] to specify a single positive class.
  warnings.warn(

2024-08-30 21:47:33,267:WARNING:C:\Users\surya\OneDrive\Desktop\Data Science Project\Breast Cancer\.venv\Lib\site-packages\sklearn\metrics\_classification.py:1561: UserWarning: Note that pos_label (set to 'M') is ignored when average != 'binary' (got 'weighted'). You may use labels=[pos_label] to specify a single positive class.
  warnings.warn(

2024-08-30 21:47:33,270:WARNING:C:\Users\surya\OneDrive\Desktop\Data Science Project\Breast Cancer\.venv\Lib\site-packages\sklearn\metrics\_classification.py:1561: UserWarning: Note that pos_label (set to 'M') is ignored when average != 'binary' (got 'weighted'). You may use labels=[pos_label] to specify a single positive class.
  warnings.warn(

2024-08-30 21:47:33,272:WARNING:C:\Users\surya\OneDrive\Desktop\Data Science Project\Breast Cancer\.venv\Lib\site-packages\sklearn\metrics\_classification.py:1561: UserWarning: Note that pos_label (set to 'M') is ignored when average != 'binary' (got 'weighted'). You may use labels=[pos_label] to specify a single positive class.
  warnings.warn(

2024-08-30 21:47:33,273:WARNING:C:\Users\surya\OneDrive\Desktop\Data Science Project\Breast Cancer\.venv\Lib\site-packages\sklearn\metrics\_classification.py:1561: UserWarning: Note that pos_label (set to 'M') is ignored when average != 'binary' (got 'weighted'). You may use labels=[pos_label] to specify a single positive class.
  warnings.warn(

2024-08-30 21:47:33,275:WARNING:C:\Users\surya\OneDrive\Desktop\Data Science Project\Breast Cancer\.venv\Lib\site-packages\sklearn\metrics\_classification.py:1561: UserWarning: Note that pos_label (set to 'M') is ignored when average != 'binary' (got 'weighted'). You may use labels=[pos_label] to specify a single positive class.
  warnings.warn(

2024-08-30 21:47:33,278:WARNING:C:\Users\surya\OneDrive\Desktop\Data Science Project\Breast Cancer\.venv\Lib\site-packages\sklearn\metrics\_classification.py:1561: UserWarning: Note that pos_label (set to 'M') is ignored when average != 'binary' (got 'weighted'). You may use labels=[pos_label] to specify a single positive class.
  warnings.warn(

2024-08-30 21:47:33,317:WARNING:C:\Users\surya\OneDrive\Desktop\Data Science Project\Breast Cancer\.venv\Lib\site-packages\sklearn\metrics\_classification.py:1561: UserWarning: Note that pos_label (set to 'M') is ignored when average != 'binary' (got 'weighted'). You may use labels=[pos_label] to specify a single positive class.
  warnings.warn(

2024-08-30 21:47:33,321:WARNING:C:\Users\surya\OneDrive\Desktop\Data Science Project\Breast Cancer\.venv\Lib\site-packages\sklearn\metrics\_classification.py:1561: UserWarning: Note that pos_label (set to 'M') is ignored when average != 'binary' (got 'weighted'). You may use labels=[pos_label] to specify a single positive class.
  warnings.warn(

2024-08-30 21:47:33,325:WARNING:C:\Users\surya\OneDrive\Desktop\Data Science Project\Breast Cancer\.venv\Lib\site-packages\sklearn\metrics\_classification.py:1561: UserWarning: Note that pos_label (set to 'M') is ignored when average != 'binary' (got 'weighted'). You may use labels=[pos_label] to specify a single positive class.
  warnings.warn(

2024-08-30 21:47:33,360:WARNING:C:\Users\surya\OneDrive\Desktop\Data Science Project\Breast Cancer\.venv\Lib\site-packages\sklearn\metrics\_classification.py:1561: UserWarning: Note that pos_label (set to 'M') is ignored when average != 'binary' (got 'weighted'). You may use labels=[pos_label] to specify a single positive class.
  warnings.warn(

2024-08-30 21:47:33,364:WARNING:C:\Users\surya\OneDrive\Desktop\Data Science Project\Breast Cancer\.venv\Lib\site-packages\sklearn\metrics\_classification.py:1561: UserWarning: Note that pos_label (set to 'M') is ignored when average != 'binary' (got 'weighted'). You may use labels=[pos_label] to specify a single positive class.
  warnings.warn(

2024-08-30 21:47:33,367:WARNING:C:\Users\surya\OneDrive\Desktop\Data Science Project\Breast Cancer\.venv\Lib\site-packages\sklearn\metrics\_classification.py:1561: UserWarning: Note that pos_label (set to 'M') is ignored when average != 'binary' (got 'weighted'). You may use labels=[pos_label] to specify a single positive class.
  warnings.warn(

2024-08-30 21:47:33,376:INFO:Calculating mean and std
2024-08-30 21:47:33,377:INFO:Creating metrics dataframe
2024-08-30 21:47:33,378:INFO:Finalizing model
2024-08-30 21:47:33,516:INFO:Uploading results into container
2024-08-30 21:47:33,517:INFO:Uploading model into container now
2024-08-30 21:47:33,527:INFO:_master_model_container: 1
2024-08-30 21:47:33,527:INFO:_display_container: 2
2024-08-30 21:47:33,528:INFO:AdaBoostClassifier(algorithm='SAMME.R', estimator=None, learning_rate=1.0,
                   n_estimators=50, random_state=2919)
2024-08-30 21:47:33,528:INFO:create_model() successfully completed......................................
2024-08-30 21:47:33,612:INFO:Initializing tune_model()
2024-08-30 21:47:33,613:INFO:tune_model(self=<pycaret.classification.oop.ClassificationExperiment object at 0x00000199210AB910>, estimator=AdaBoostClassifier(algorithm='SAMME.R', estimator=None, learning_rate=1.0,
                   n_estimators=50, random_state=2919), fold=None, round=4, n_iter=10, custom_grid=None, optimize=Accuracy, custom_scorer=None, search_library=scikit-learn, search_algorithm=None, early_stopping=False, early_stopping_max_iters=10, choose_better=True, fit_kwargs=None, groups=None, return_tuner=False, verbose=True, tuner_verbose=True, return_train_score=False, kwargs={})
2024-08-30 21:47:33,613:INFO:Checking exceptions
2024-08-30 21:47:33,618:INFO:Copying training dataset
2024-08-30 21:47:33,621:INFO:Checking base model
2024-08-30 21:47:33,622:INFO:Base model : Ada Boost Classifier
2024-08-30 21:47:33,622:INFO:Declaring metric variables
2024-08-30 21:47:33,622:INFO:Defining Hyperparameters
2024-08-30 21:47:33,703:INFO:Tuning with n_jobs=-1
2024-08-30 21:47:33,703:INFO:Initializing RandomizedSearchCV
2024-08-30 21:47:39,939:INFO:best_params: {'actual_estimator__n_estimators': 220, 'actual_estimator__learning_rate': 0.5, 'actual_estimator__algorithm': 'SAMME'}
2024-08-30 21:47:39,940:INFO:Hyperparameter search completed
2024-08-30 21:47:39,940:INFO:SubProcess create_model() called ==================================
2024-08-30 21:47:39,940:INFO:Initializing create_model()
2024-08-30 21:47:39,940:INFO:create_model(self=<pycaret.classification.oop.ClassificationExperiment object at 0x00000199210AB910>, estimator=AdaBoostClassifier(algorithm='SAMME.R', estimator=None, learning_rate=1.0,
                   n_estimators=50, random_state=2919), fold=StratifiedKFold(n_splits=10, random_state=None, shuffle=False), round=4, cross_validation=True, predict=True, fit_kwargs={}, groups=None, refit=True, probability_threshold=None, experiment_custom_tags=None, verbose=True, system=False, add_to_model_list=True, metrics=None, display=<pycaret.internal.display.display.CommonDisplay object at 0x0000019923536E10>, model_only=True, return_train_score=False, error_score=0.0, kwargs={'n_estimators': 220, 'learning_rate': 0.5, 'algorithm': 'SAMME'})
2024-08-30 21:47:39,940:INFO:Checking exceptions
2024-08-30 21:47:39,940:INFO:Importing libraries
2024-08-30 21:47:39,940:INFO:Copying training dataset
2024-08-30 21:47:39,944:INFO:Defining folds
2024-08-30 21:47:39,944:INFO:Declaring metric variables
2024-08-30 21:47:39,944:INFO:Importing untrained model
2024-08-30 21:47:39,945:INFO:Declaring custom model
2024-08-30 21:47:39,945:INFO:Ada Boost Classifier Imported successfully
2024-08-30 21:47:39,945:INFO:Starting cross validation
2024-08-30 21:47:39,946:INFO:Cross validating with StratifiedKFold(n_splits=10, random_state=None, shuffle=False), n_jobs=-1
2024-08-30 21:47:40,675:WARNING:C:\Users\surya\OneDrive\Desktop\Data Science Project\Breast Cancer\.venv\Lib\site-packages\sklearn\metrics\_classification.py:1561: UserWarning: Note that pos_label (set to 'M') is ignored when average != 'binary' (got 'weighted'). You may use labels=[pos_label] to specify a single positive class.
  warnings.warn(

2024-08-30 21:47:40,678:WARNING:C:\Users\surya\OneDrive\Desktop\Data Science Project\Breast Cancer\.venv\Lib\site-packages\sklearn\metrics\_classification.py:1561: UserWarning: Note that pos_label (set to 'M') is ignored when average != 'binary' (got 'weighted'). You may use labels=[pos_label] to specify a single positive class.
  warnings.warn(

2024-08-30 21:47:40,681:WARNING:C:\Users\surya\OneDrive\Desktop\Data Science Project\Breast Cancer\.venv\Lib\site-packages\sklearn\metrics\_classification.py:1561: UserWarning: Note that pos_label (set to 'M') is ignored when average != 'binary' (got 'weighted'). You may use labels=[pos_label] to specify a single positive class.
  warnings.warn(

2024-08-30 21:47:40,725:WARNING:C:\Users\surya\OneDrive\Desktop\Data Science Project\Breast Cancer\.venv\Lib\site-packages\sklearn\metrics\_classification.py:1561: UserWarning: Note that pos_label (set to 'M') is ignored when average != 'binary' (got 'weighted'). You may use labels=[pos_label] to specify a single positive class.
  warnings.warn(

2024-08-30 21:47:40,727:WARNING:C:\Users\surya\OneDrive\Desktop\Data Science Project\Breast Cancer\.venv\Lib\site-packages\sklearn\metrics\_classification.py:1561: UserWarning: Note that pos_label (set to 'M') is ignored when average != 'binary' (got 'weighted'). You may use labels=[pos_label] to specify a single positive class.
  warnings.warn(

2024-08-30 21:47:40,728:WARNING:C:\Users\surya\OneDrive\Desktop\Data Science Project\Breast Cancer\.venv\Lib\site-packages\sklearn\metrics\_classification.py:1561: UserWarning: Note that pos_label (set to 'M') is ignored when average != 'binary' (got 'weighted'). You may use labels=[pos_label] to specify a single positive class.
  warnings.warn(

2024-08-30 21:47:40,730:WARNING:C:\Users\surya\OneDrive\Desktop\Data Science Project\Breast Cancer\.venv\Lib\site-packages\sklearn\metrics\_classification.py:1561: UserWarning: Note that pos_label (set to 'M') is ignored when average != 'binary' (got 'weighted'). You may use labels=[pos_label] to specify a single positive class.
  warnings.warn(

2024-08-30 21:47:40,731:WARNING:C:\Users\surya\OneDrive\Desktop\Data Science Project\Breast Cancer\.venv\Lib\site-packages\sklearn\metrics\_classification.py:1561: UserWarning: Note that pos_label (set to 'M') is ignored when average != 'binary' (got 'weighted'). You may use labels=[pos_label] to specify a single positive class.
  warnings.warn(

2024-08-30 21:47:40,734:WARNING:C:\Users\surya\OneDrive\Desktop\Data Science Project\Breast Cancer\.venv\Lib\site-packages\sklearn\metrics\_classification.py:1561: UserWarning: Note that pos_label (set to 'M') is ignored when average != 'binary' (got 'weighted'). You may use labels=[pos_label] to specify a single positive class.
  warnings.warn(

2024-08-30 21:47:40,743:WARNING:C:\Users\surya\OneDrive\Desktop\Data Science Project\Breast Cancer\.venv\Lib\site-packages\sklearn\metrics\_classification.py:1561: UserWarning: Note that pos_label (set to 'M') is ignored when average != 'binary' (got 'weighted'). You may use labels=[pos_label] to specify a single positive class.
  warnings.warn(

2024-08-30 21:47:40,746:WARNING:C:\Users\surya\OneDrive\Desktop\Data Science Project\Breast Cancer\.venv\Lib\site-packages\sklearn\metrics\_classification.py:1561: UserWarning: Note that pos_label (set to 'M') is ignored when average != 'binary' (got 'weighted'). You may use labels=[pos_label] to specify a single positive class.
  warnings.warn(

2024-08-30 21:47:40,749:WARNING:C:\Users\surya\OneDrive\Desktop\Data Science Project\Breast Cancer\.venv\Lib\site-packages\sklearn\metrics\_classification.py:1561: UserWarning: Note that pos_label (set to 'M') is ignored when average != 'binary' (got 'weighted'). You may use labels=[pos_label] to specify a single positive class.
  warnings.warn(

2024-08-30 21:47:40,760:WARNING:C:\Users\surya\OneDrive\Desktop\Data Science Project\Breast Cancer\.venv\Lib\site-packages\sklearn\metrics\_classification.py:1561: UserWarning: Note that pos_label (set to 'M') is ignored when average != 'binary' (got 'weighted'). You may use labels=[pos_label] to specify a single positive class.
  warnings.warn(

2024-08-30 21:47:40,763:WARNING:C:\Users\surya\OneDrive\Desktop\Data Science Project\Breast Cancer\.venv\Lib\site-packages\sklearn\metrics\_classification.py:1561: UserWarning: Note that pos_label (set to 'M') is ignored when average != 'binary' (got 'weighted'). You may use labels=[pos_label] to specify a single positive class.
  warnings.warn(

2024-08-30 21:47:40,764:WARNING:C:\Users\surya\OneDrive\Desktop\Data Science Project\Breast Cancer\.venv\Lib\site-packages\sklearn\metrics\_classification.py:1561: UserWarning: Note that pos_label (set to 'M') is ignored when average != 'binary' (got 'weighted'). You may use labels=[pos_label] to specify a single positive class.
  warnings.warn(

2024-08-30 21:47:40,765:WARNING:C:\Users\surya\OneDrive\Desktop\Data Science Project\Breast Cancer\.venv\Lib\site-packages\sklearn\metrics\_classification.py:1561: UserWarning: Note that pos_label (set to 'M') is ignored when average != 'binary' (got 'weighted'). You may use labels=[pos_label] to specify a single positive class.
  warnings.warn(

2024-08-30 21:47:40,765:WARNING:C:\Users\surya\OneDrive\Desktop\Data Science Project\Breast Cancer\.venv\Lib\site-packages\sklearn\metrics\_classification.py:1561: UserWarning: Note that pos_label (set to 'M') is ignored when average != 'binary' (got 'weighted'). You may use labels=[pos_label] to specify a single positive class.
  warnings.warn(

2024-08-30 21:47:40,767:WARNING:C:\Users\surya\OneDrive\Desktop\Data Science Project\Breast Cancer\.venv\Lib\site-packages\sklearn\metrics\_classification.py:1561: UserWarning: Note that pos_label (set to 'M') is ignored when average != 'binary' (got 'weighted'). You may use labels=[pos_label] to specify a single positive class.
  warnings.warn(

2024-08-30 21:47:40,768:WARNING:C:\Users\surya\OneDrive\Desktop\Data Science Project\Breast Cancer\.venv\Lib\site-packages\sklearn\metrics\_classification.py:1561: UserWarning: Note that pos_label (set to 'M') is ignored when average != 'binary' (got 'weighted'). You may use labels=[pos_label] to specify a single positive class.
  warnings.warn(

2024-08-30 21:47:40,768:WARNING:C:\Users\surya\OneDrive\Desktop\Data Science Project\Breast Cancer\.venv\Lib\site-packages\sklearn\metrics\_classification.py:1561: UserWarning: Note that pos_label (set to 'M') is ignored when average != 'binary' (got 'weighted'). You may use labels=[pos_label] to specify a single positive class.
  warnings.warn(

2024-08-30 21:47:40,770:WARNING:C:\Users\surya\OneDrive\Desktop\Data Science Project\Breast Cancer\.venv\Lib\site-packages\sklearn\metrics\_classification.py:1561: UserWarning: Note that pos_label (set to 'M') is ignored when average != 'binary' (got 'weighted'). You may use labels=[pos_label] to specify a single positive class.
  warnings.warn(

2024-08-30 21:47:40,770:WARNING:C:\Users\surya\OneDrive\Desktop\Data Science Project\Breast Cancer\.venv\Lib\site-packages\sklearn\metrics\_classification.py:1561: UserWarning: Note that pos_label (set to 'M') is ignored when average != 'binary' (got 'weighted'). You may use labels=[pos_label] to specify a single positive class.
  warnings.warn(

2024-08-30 21:47:40,770:WARNING:C:\Users\surya\OneDrive\Desktop\Data Science Project\Breast Cancer\.venv\Lib\site-packages\sklearn\metrics\_classification.py:1561: UserWarning: Note that pos_label (set to 'M') is ignored when average != 'binary' (got 'weighted'). You may use labels=[pos_label] to specify a single positive class.
  warnings.warn(

2024-08-30 21:47:40,773:WARNING:C:\Users\surya\OneDrive\Desktop\Data Science Project\Breast Cancer\.venv\Lib\site-packages\sklearn\metrics\_classification.py:1561: UserWarning: Note that pos_label (set to 'M') is ignored when average != 'binary' (got 'weighted'). You may use labels=[pos_label] to specify a single positive class.
  warnings.warn(

2024-08-30 21:47:40,796:WARNING:C:\Users\surya\OneDrive\Desktop\Data Science Project\Breast Cancer\.venv\Lib\site-packages\sklearn\metrics\_classification.py:1561: UserWarning: Note that pos_label (set to 'M') is ignored when average != 'binary' (got 'weighted'). You may use labels=[pos_label] to specify a single positive class.
  warnings.warn(

2024-08-30 21:47:40,798:WARNING:C:\Users\surya\OneDrive\Desktop\Data Science Project\Breast Cancer\.venv\Lib\site-packages\sklearn\metrics\_classification.py:1561: UserWarning: Note that pos_label (set to 'M') is ignored when average != 'binary' (got 'weighted'). You may use labels=[pos_label] to specify a single positive class.
  warnings.warn(

2024-08-30 21:47:40,800:WARNING:C:\Users\surya\OneDrive\Desktop\Data Science Project\Breast Cancer\.venv\Lib\site-packages\sklearn\metrics\_classification.py:1561: UserWarning: Note that pos_label (set to 'M') is ignored when average != 'binary' (got 'weighted'). You may use labels=[pos_label] to specify a single positive class.
  warnings.warn(

2024-08-30 21:47:40,825:WARNING:C:\Users\surya\OneDrive\Desktop\Data Science Project\Breast Cancer\.venv\Lib\site-packages\sklearn\metrics\_classification.py:1561: UserWarning: Note that pos_label (set to 'M') is ignored when average != 'binary' (got 'weighted'). You may use labels=[pos_label] to specify a single positive class.
  warnings.warn(

2024-08-30 21:47:40,827:WARNING:C:\Users\surya\OneDrive\Desktop\Data Science Project\Breast Cancer\.venv\Lib\site-packages\sklearn\metrics\_classification.py:1561: UserWarning: Note that pos_label (set to 'M') is ignored when average != 'binary' (got 'weighted'). You may use labels=[pos_label] to specify a single positive class.
  warnings.warn(

2024-08-30 21:47:40,829:WARNING:C:\Users\surya\OneDrive\Desktop\Data Science Project\Breast Cancer\.venv\Lib\site-packages\sklearn\metrics\_classification.py:1561: UserWarning: Note that pos_label (set to 'M') is ignored when average != 'binary' (got 'weighted'). You may use labels=[pos_label] to specify a single positive class.
  warnings.warn(

2024-08-30 21:47:40,837:INFO:Calculating mean and std
2024-08-30 21:47:40,839:INFO:Creating metrics dataframe
2024-08-30 21:47:40,840:INFO:Finalizing model
2024-08-30 21:47:41,285:INFO:Uploading results into container
2024-08-30 21:47:41,286:INFO:Uploading model into container now
2024-08-30 21:47:41,286:INFO:_master_model_container: 2
2024-08-30 21:47:41,287:INFO:_display_container: 3
2024-08-30 21:47:41,287:INFO:AdaBoostClassifier(algorithm='SAMME', estimator=None, learning_rate=0.5,
                   n_estimators=220, random_state=2919)
2024-08-30 21:47:41,287:INFO:create_model() successfully completed......................................
2024-08-30 21:47:41,365:INFO:SubProcess create_model() end ==================================
2024-08-30 21:47:41,365:INFO:choose_better activated
2024-08-30 21:47:41,365:INFO:SubProcess create_model() called ==================================
2024-08-30 21:47:41,365:INFO:Initializing create_model()
2024-08-30 21:47:41,365:INFO:create_model(self=<pycaret.classification.oop.ClassificationExperiment object at 0x00000199210AB910>, estimator=AdaBoostClassifier(algorithm='SAMME.R', estimator=None, learning_rate=1.0,
                   n_estimators=50, random_state=2919), fold=StratifiedKFold(n_splits=10, random_state=None, shuffle=False), round=4, cross_validation=True, predict=True, fit_kwargs={}, groups=None, refit=True, probability_threshold=None, experiment_custom_tags=None, verbose=False, system=False, add_to_model_list=True, metrics=None, display=None, model_only=True, return_train_score=False, error_score=0.0, kwargs={})
2024-08-30 21:47:41,365:INFO:Checking exceptions
2024-08-30 21:47:41,366:INFO:Importing libraries
2024-08-30 21:47:41,366:INFO:Copying training dataset
2024-08-30 21:47:41,370:INFO:Defining folds
2024-08-30 21:47:41,370:INFO:Declaring metric variables
2024-08-30 21:47:41,370:INFO:Importing untrained model
2024-08-30 21:47:41,370:INFO:Declaring custom model
2024-08-30 21:47:41,370:INFO:Ada Boost Classifier Imported successfully
2024-08-30 21:47:41,371:INFO:Starting cross validation
2024-08-30 21:47:41,371:INFO:Cross validating with StratifiedKFold(n_splits=10, random_state=None, shuffle=False), n_jobs=-1
2024-08-30 21:47:41,393:WARNING:C:\Users\surya\OneDrive\Desktop\Data Science Project\Breast Cancer\.venv\Lib\site-packages\sklearn\ensemble\_weight_boosting.py:519: FutureWarning: The SAMME.R algorithm (the default) is deprecated and will be removed in 1.6. Use the SAMME algorithm to circumvent this warning.
  warnings.warn(

2024-08-30 21:47:41,395:WARNING:C:\Users\surya\OneDrive\Desktop\Data Science Project\Breast Cancer\.venv\Lib\site-packages\sklearn\ensemble\_weight_boosting.py:519: FutureWarning: The SAMME.R algorithm (the default) is deprecated and will be removed in 1.6. Use the SAMME algorithm to circumvent this warning.
  warnings.warn(

2024-08-30 21:47:41,396:WARNING:C:\Users\surya\OneDrive\Desktop\Data Science Project\Breast Cancer\.venv\Lib\site-packages\sklearn\ensemble\_weight_boosting.py:519: FutureWarning: The SAMME.R algorithm (the default) is deprecated and will be removed in 1.6. Use the SAMME algorithm to circumvent this warning.
  warnings.warn(

2024-08-30 21:47:41,399:WARNING:C:\Users\surya\OneDrive\Desktop\Data Science Project\Breast Cancer\.venv\Lib\site-packages\sklearn\ensemble\_weight_boosting.py:519: FutureWarning: The SAMME.R algorithm (the default) is deprecated and will be removed in 1.6. Use the SAMME algorithm to circumvent this warning.
  warnings.warn(

2024-08-30 21:47:41,405:WARNING:C:\Users\surya\OneDrive\Desktop\Data Science Project\Breast Cancer\.venv\Lib\site-packages\sklearn\ensemble\_weight_boosting.py:519: FutureWarning: The SAMME.R algorithm (the default) is deprecated and will be removed in 1.6. Use the SAMME algorithm to circumvent this warning.
  warnings.warn(

2024-08-30 21:47:41,406:WARNING:C:\Users\surya\OneDrive\Desktop\Data Science Project\Breast Cancer\.venv\Lib\site-packages\sklearn\ensemble\_weight_boosting.py:519: FutureWarning: The SAMME.R algorithm (the default) is deprecated and will be removed in 1.6. Use the SAMME algorithm to circumvent this warning.
  warnings.warn(

2024-08-30 21:47:41,407:WARNING:C:\Users\surya\OneDrive\Desktop\Data Science Project\Breast Cancer\.venv\Lib\site-packages\sklearn\ensemble\_weight_boosting.py:519: FutureWarning: The SAMME.R algorithm (the default) is deprecated and will be removed in 1.6. Use the SAMME algorithm to circumvent this warning.
  warnings.warn(

2024-08-30 21:47:41,411:WARNING:C:\Users\surya\OneDrive\Desktop\Data Science Project\Breast Cancer\.venv\Lib\site-packages\sklearn\ensemble\_weight_boosting.py:519: FutureWarning: The SAMME.R algorithm (the default) is deprecated and will be removed in 1.6. Use the SAMME algorithm to circumvent this warning.
  warnings.warn(

2024-08-30 21:47:41,413:WARNING:C:\Users\surya\OneDrive\Desktop\Data Science Project\Breast Cancer\.venv\Lib\site-packages\sklearn\ensemble\_weight_boosting.py:519: FutureWarning: The SAMME.R algorithm (the default) is deprecated and will be removed in 1.6. Use the SAMME algorithm to circumvent this warning.
  warnings.warn(

2024-08-30 21:47:41,415:WARNING:C:\Users\surya\OneDrive\Desktop\Data Science Project\Breast Cancer\.venv\Lib\site-packages\sklearn\ensemble\_weight_boosting.py:519: FutureWarning: The SAMME.R algorithm (the default) is deprecated and will be removed in 1.6. Use the SAMME algorithm to circumvent this warning.
  warnings.warn(

2024-08-30 21:47:41,550:WARNING:C:\Users\surya\OneDrive\Desktop\Data Science Project\Breast Cancer\.venv\Lib\site-packages\sklearn\metrics\_classification.py:1561: UserWarning: Note that pos_label (set to 'M') is ignored when average != 'binary' (got 'weighted'). You may use labels=[pos_label] to specify a single positive class.
  warnings.warn(

2024-08-30 21:47:41,553:WARNING:C:\Users\surya\OneDrive\Desktop\Data Science Project\Breast Cancer\.venv\Lib\site-packages\sklearn\metrics\_classification.py:1561: UserWarning: Note that pos_label (set to 'M') is ignored when average != 'binary' (got 'weighted'). You may use labels=[pos_label] to specify a single positive class.
  warnings.warn(

2024-08-30 21:47:41,553:WARNING:C:\Users\surya\OneDrive\Desktop\Data Science Project\Breast Cancer\.venv\Lib\site-packages\sklearn\metrics\_classification.py:1561: UserWarning: Note that pos_label (set to 'M') is ignored when average != 'binary' (got 'weighted'). You may use labels=[pos_label] to specify a single positive class.
  warnings.warn(

2024-08-30 21:47:41,556:WARNING:C:\Users\surya\OneDrive\Desktop\Data Science Project\Breast Cancer\.venv\Lib\site-packages\sklearn\metrics\_classification.py:1561: UserWarning: Note that pos_label (set to 'M') is ignored when average != 'binary' (got 'weighted'). You may use labels=[pos_label] to specify a single positive class.
  warnings.warn(

2024-08-30 21:47:41,557:WARNING:C:\Users\surya\OneDrive\Desktop\Data Science Project\Breast Cancer\.venv\Lib\site-packages\sklearn\metrics\_classification.py:1561: UserWarning: Note that pos_label (set to 'M') is ignored when average != 'binary' (got 'weighted'). You may use labels=[pos_label] to specify a single positive class.
  warnings.warn(

2024-08-30 21:47:41,560:WARNING:C:\Users\surya\OneDrive\Desktop\Data Science Project\Breast Cancer\.venv\Lib\site-packages\sklearn\metrics\_classification.py:1561: UserWarning: Note that pos_label (set to 'M') is ignored when average != 'binary' (got 'weighted'). You may use labels=[pos_label] to specify a single positive class.
  warnings.warn(

2024-08-30 21:47:41,561:WARNING:C:\Users\surya\OneDrive\Desktop\Data Science Project\Breast Cancer\.venv\Lib\site-packages\sklearn\metrics\_classification.py:1561: UserWarning: Note that pos_label (set to 'M') is ignored when average != 'binary' (got 'weighted'). You may use labels=[pos_label] to specify a single positive class.
  warnings.warn(

2024-08-30 21:47:41,561:WARNING:C:\Users\surya\OneDrive\Desktop\Data Science Project\Breast Cancer\.venv\Lib\site-packages\sklearn\metrics\_classification.py:1561: UserWarning: Note that pos_label (set to 'M') is ignored when average != 'binary' (got 'weighted'). You may use labels=[pos_label] to specify a single positive class.
  warnings.warn(

2024-08-30 21:47:41,565:WARNING:C:\Users\surya\OneDrive\Desktop\Data Science Project\Breast Cancer\.venv\Lib\site-packages\sklearn\metrics\_classification.py:1561: UserWarning: Note that pos_label (set to 'M') is ignored when average != 'binary' (got 'weighted'). You may use labels=[pos_label] to specify a single positive class.
  warnings.warn(

2024-08-30 21:47:41,566:WARNING:C:\Users\surya\OneDrive\Desktop\Data Science Project\Breast Cancer\.venv\Lib\site-packages\sklearn\metrics\_classification.py:1561: UserWarning: Note that pos_label (set to 'M') is ignored when average != 'binary' (got 'weighted'). You may use labels=[pos_label] to specify a single positive class.
  warnings.warn(

2024-08-30 21:47:41,567:WARNING:C:\Users\surya\OneDrive\Desktop\Data Science Project\Breast Cancer\.venv\Lib\site-packages\sklearn\metrics\_classification.py:1561: UserWarning: Note that pos_label (set to 'M') is ignored when average != 'binary' (got 'weighted'). You may use labels=[pos_label] to specify a single positive class.
  warnings.warn(

2024-08-30 21:47:41,568:WARNING:C:\Users\surya\OneDrive\Desktop\Data Science Project\Breast Cancer\.venv\Lib\site-packages\sklearn\metrics\_classification.py:1561: UserWarning: Note that pos_label (set to 'M') is ignored when average != 'binary' (got 'weighted'). You may use labels=[pos_label] to specify a single positive class.
  warnings.warn(

2024-08-30 21:47:41,568:WARNING:C:\Users\surya\OneDrive\Desktop\Data Science Project\Breast Cancer\.venv\Lib\site-packages\sklearn\metrics\_classification.py:1561: UserWarning: Note that pos_label (set to 'M') is ignored when average != 'binary' (got 'weighted'). You may use labels=[pos_label] to specify a single positive class.
  warnings.warn(

2024-08-30 21:47:41,570:WARNING:C:\Users\surya\OneDrive\Desktop\Data Science Project\Breast Cancer\.venv\Lib\site-packages\sklearn\metrics\_classification.py:1561: UserWarning: Note that pos_label (set to 'M') is ignored when average != 'binary' (got 'weighted'). You may use labels=[pos_label] to specify a single positive class.
  warnings.warn(

2024-08-30 21:47:41,570:WARNING:C:\Users\surya\OneDrive\Desktop\Data Science Project\Breast Cancer\.venv\Lib\site-packages\sklearn\metrics\_classification.py:1561: UserWarning: Note that pos_label (set to 'M') is ignored when average != 'binary' (got 'weighted'). You may use labels=[pos_label] to specify a single positive class.
  warnings.warn(

2024-08-30 21:47:41,572:WARNING:C:\Users\surya\OneDrive\Desktop\Data Science Project\Breast Cancer\.venv\Lib\site-packages\sklearn\metrics\_classification.py:1561: UserWarning: Note that pos_label (set to 'M') is ignored when average != 'binary' (got 'weighted'). You may use labels=[pos_label] to specify a single positive class.
  warnings.warn(

2024-08-30 21:47:41,596:WARNING:C:\Users\surya\OneDrive\Desktop\Data Science Project\Breast Cancer\.venv\Lib\site-packages\sklearn\metrics\_classification.py:1561: UserWarning: Note that pos_label (set to 'M') is ignored when average != 'binary' (got 'weighted'). You may use labels=[pos_label] to specify a single positive class.
  warnings.warn(

2024-08-30 21:47:41,598:WARNING:C:\Users\surya\OneDrive\Desktop\Data Science Project\Breast Cancer\.venv\Lib\site-packages\sklearn\metrics\_classification.py:1561: UserWarning: Note that pos_label (set to 'M') is ignored when average != 'binary' (got 'weighted'). You may use labels=[pos_label] to specify a single positive class.
  warnings.warn(

2024-08-30 21:47:41,600:WARNING:C:\Users\surya\OneDrive\Desktop\Data Science Project\Breast Cancer\.venv\Lib\site-packages\sklearn\metrics\_classification.py:1561: UserWarning: Note that pos_label (set to 'M') is ignored when average != 'binary' (got 'weighted'). You may use labels=[pos_label] to specify a single positive class.
  warnings.warn(

2024-08-30 21:47:41,608:WARNING:C:\Users\surya\OneDrive\Desktop\Data Science Project\Breast Cancer\.venv\Lib\site-packages\sklearn\metrics\_classification.py:1561: UserWarning: Note that pos_label (set to 'M') is ignored when average != 'binary' (got 'weighted'). You may use labels=[pos_label] to specify a single positive class.
  warnings.warn(

2024-08-30 21:47:41,610:WARNING:C:\Users\surya\OneDrive\Desktop\Data Science Project\Breast Cancer\.venv\Lib\site-packages\sklearn\metrics\_classification.py:1561: UserWarning: Note that pos_label (set to 'M') is ignored when average != 'binary' (got 'weighted'). You may use labels=[pos_label] to specify a single positive class.
  warnings.warn(

2024-08-30 21:47:41,612:WARNING:C:\Users\surya\OneDrive\Desktop\Data Science Project\Breast Cancer\.venv\Lib\site-packages\sklearn\metrics\_classification.py:1561: UserWarning: Note that pos_label (set to 'M') is ignored when average != 'binary' (got 'weighted'). You may use labels=[pos_label] to specify a single positive class.
  warnings.warn(

2024-08-30 21:47:41,613:WARNING:C:\Users\surya\OneDrive\Desktop\Data Science Project\Breast Cancer\.venv\Lib\site-packages\sklearn\metrics\_classification.py:1561: UserWarning: Note that pos_label (set to 'M') is ignored when average != 'binary' (got 'weighted'). You may use labels=[pos_label] to specify a single positive class.
  warnings.warn(

2024-08-30 21:47:41,614:WARNING:C:\Users\surya\OneDrive\Desktop\Data Science Project\Breast Cancer\.venv\Lib\site-packages\sklearn\metrics\_classification.py:1561: UserWarning: Note that pos_label (set to 'M') is ignored when average != 'binary' (got 'weighted'). You may use labels=[pos_label] to specify a single positive class.
  warnings.warn(

2024-08-30 21:47:41,615:WARNING:C:\Users\surya\OneDrive\Desktop\Data Science Project\Breast Cancer\.venv\Lib\site-packages\sklearn\metrics\_classification.py:1561: UserWarning: Note that pos_label (set to 'M') is ignored when average != 'binary' (got 'weighted'). You may use labels=[pos_label] to specify a single positive class.
  warnings.warn(

2024-08-30 21:47:41,616:WARNING:C:\Users\surya\OneDrive\Desktop\Data Science Project\Breast Cancer\.venv\Lib\site-packages\sklearn\metrics\_classification.py:1561: UserWarning: Note that pos_label (set to 'M') is ignored when average != 'binary' (got 'weighted'). You may use labels=[pos_label] to specify a single positive class.
  warnings.warn(

2024-08-30 21:47:41,617:WARNING:C:\Users\surya\OneDrive\Desktop\Data Science Project\Breast Cancer\.venv\Lib\site-packages\sklearn\metrics\_classification.py:1561: UserWarning: Note that pos_label (set to 'M') is ignored when average != 'binary' (got 'weighted'). You may use labels=[pos_label] to specify a single positive class.
  warnings.warn(

2024-08-30 21:47:41,628:INFO:Calculating mean and std
2024-08-30 21:47:41,629:INFO:Creating metrics dataframe
2024-08-30 21:47:41,631:INFO:Finalizing model
2024-08-30 21:47:41,740:INFO:Uploading results into container
2024-08-30 21:47:41,740:INFO:Uploading model into container now
2024-08-30 21:47:41,741:INFO:_master_model_container: 3
2024-08-30 21:47:41,741:INFO:_display_container: 4
2024-08-30 21:47:41,741:INFO:AdaBoostClassifier(algorithm='SAMME.R', estimator=None, learning_rate=1.0,
                   n_estimators=50, random_state=2919)
2024-08-30 21:47:41,741:INFO:create_model() successfully completed......................................
2024-08-30 21:47:41,817:INFO:SubProcess create_model() end ==================================
2024-08-30 21:47:41,818:INFO:AdaBoostClassifier(algorithm='SAMME.R', estimator=None, learning_rate=1.0,
                   n_estimators=50, random_state=2919) result for Accuracy is 0.9671
2024-08-30 21:47:41,818:INFO:AdaBoostClassifier(algorithm='SAMME', estimator=None, learning_rate=0.5,
                   n_estimators=220, random_state=2919) result for Accuracy is 0.9722
2024-08-30 21:47:41,818:INFO:AdaBoostClassifier(algorithm='SAMME', estimator=None, learning_rate=0.5,
                   n_estimators=220, random_state=2919) is best model
2024-08-30 21:47:41,818:INFO:choose_better completed
2024-08-30 21:47:41,827:INFO:_master_model_container: 3
2024-08-30 21:47:41,827:INFO:_display_container: 3
2024-08-30 21:47:41,827:INFO:AdaBoostClassifier(algorithm='SAMME', estimator=None, learning_rate=0.5,
                   n_estimators=220, random_state=2919)
2024-08-30 21:47:41,827:INFO:tune_model() successfully completed......................................
2024-08-30 21:50:23,434:WARNING:
'cuml' is a soft dependency and not included in the pycaret installation. Please run: `pip install cuml` to install.
2024-08-30 21:50:23,434:WARNING:
'cuml' is a soft dependency and not included in the pycaret installation. Please run: `pip install cuml` to install.
2024-08-30 21:50:23,434:WARNING:
'cuml' is a soft dependency and not included in the pycaret installation. Please run: `pip install cuml` to install.
2024-08-30 21:50:23,434:WARNING:
'cuml' is a soft dependency and not included in the pycaret installation. Please run: `pip install cuml` to install.
2024-08-30 21:50:24,308:INFO:PyCaret ClassificationExperiment
2024-08-30 21:50:24,309:INFO:Logging name: clf-default-name
2024-08-30 21:50:24,309:INFO:ML Usecase: MLUsecase.CLASSIFICATION
2024-08-30 21:50:24,309:INFO:version 3.3.2
2024-08-30 21:50:24,309:INFO:Initializing setup()
2024-08-30 21:50:24,309:INFO:self.USI: 2b16
2024-08-30 21:50:24,309:INFO:self._variable_keys: {'exp_name_log', 'memory', 'fold_shuffle_param', 'X_train', 'fold_groups_param', 'y_test', 'gpu_n_jobs_param', 'data', 'pipeline', 'gpu_param', 'y_train', 'fix_imbalance', 'X', 'y', 'exp_id', 'n_jobs_param', '_available_plots', 'target_param', 'html_param', 'logging_param', 'idx', '_ml_usecase', 'USI', 'fold_generator', 'X_test', 'is_multiclass', 'seed', 'log_plots_param'}
2024-08-30 21:50:24,309:INFO:Checking environment
2024-08-30 21:50:24,309:INFO:python_version: 3.11.4
2024-08-30 21:50:24,309:INFO:python_build: ('tags/v3.11.4:d2340ef', 'Jun  7 2023 05:45:37')
2024-08-30 21:50:24,309:INFO:machine: AMD64
2024-08-30 21:50:24,337:INFO:platform: Windows-10-10.0.22631-SP0
2024-08-30 21:50:24,342:INFO:Memory: svmem(total=16520773632, available=7850065920, percent=52.5, used=8670707712, free=7850065920)
2024-08-30 21:50:24,342:INFO:Physical Core: 8
2024-08-30 21:50:24,342:INFO:Logical Core: 16
2024-08-30 21:50:24,342:INFO:Checking libraries
2024-08-30 21:50:24,343:INFO:System:
2024-08-30 21:50:24,343:INFO:    python: 3.11.4 (tags/v3.11.4:d2340ef, Jun  7 2023, 05:45:37) [MSC v.1934 64 bit (AMD64)]
2024-08-30 21:50:24,343:INFO:executable: C:\Users\surya\OneDrive\Desktop\Data Science Project\Breast Cancer\.venv\Scripts\python.exe
2024-08-30 21:50:24,343:INFO:   machine: Windows-10-10.0.22631-SP0
2024-08-30 21:50:24,343:INFO:PyCaret required dependencies:
2024-08-30 21:50:24,363:INFO:                 pip: 23.1.2
2024-08-30 21:50:24,364:INFO:          setuptools: 65.5.0
2024-08-30 21:50:24,364:INFO:             pycaret: 3.3.2
2024-08-30 21:50:24,364:INFO:             IPython: 8.27.0
2024-08-30 21:50:24,364:INFO:          ipywidgets: 8.1.5
2024-08-30 21:50:24,364:INFO:                tqdm: 4.66.5
2024-08-30 21:50:24,364:INFO:               numpy: 1.26.4
2024-08-30 21:50:24,364:INFO:              pandas: 2.1.4
2024-08-30 21:50:24,364:INFO:              jinja2: 3.1.4
2024-08-30 21:50:24,364:INFO:               scipy: 1.11.4
2024-08-30 21:50:24,364:INFO:              joblib: 1.3.2
2024-08-30 21:50:24,364:INFO:             sklearn: 1.4.2
2024-08-30 21:50:24,364:INFO:                pyod: 2.0.1
2024-08-30 21:50:24,364:INFO:            imblearn: 0.12.3
2024-08-30 21:50:24,364:INFO:   category_encoders: 2.6.3
2024-08-30 21:50:24,364:INFO:            lightgbm: 4.5.0
2024-08-30 21:50:24,364:INFO:               numba: 0.60.0
2024-08-30 21:50:24,364:INFO:            requests: 2.32.3
2024-08-30 21:50:24,364:INFO:          matplotlib: 3.7.5
2024-08-30 21:50:24,364:INFO:          scikitplot: 0.3.7
2024-08-30 21:50:24,364:INFO:         yellowbrick: 1.5
2024-08-30 21:50:24,364:INFO:              plotly: 5.24.0
2024-08-30 21:50:24,364:INFO:    plotly-resampler: Not installed
2024-08-30 21:50:24,364:INFO:             kaleido: 0.2.1
2024-08-30 21:50:24,364:INFO:           schemdraw: 0.15
2024-08-30 21:50:24,364:INFO:         statsmodels: 0.14.2
2024-08-30 21:50:24,364:INFO:              sktime: 0.26.0
2024-08-30 21:50:24,365:INFO:               tbats: 1.1.3
2024-08-30 21:50:24,365:INFO:            pmdarima: 2.0.4
2024-08-30 21:50:24,365:INFO:              psutil: 6.0.0
2024-08-30 21:50:24,365:INFO:          markupsafe: 2.1.5
2024-08-30 21:50:24,365:INFO:             pickle5: Not installed
2024-08-30 21:50:24,365:INFO:         cloudpickle: 3.0.0
2024-08-30 21:50:24,365:INFO:         deprecation: 2.1.0
2024-08-30 21:50:24,365:INFO:              xxhash: 3.5.0
2024-08-30 21:50:24,365:INFO:           wurlitzer: Not installed
2024-08-30 21:50:24,365:INFO:PyCaret optional dependencies:
2024-08-30 21:50:24,378:INFO:                shap: Not installed
2024-08-30 21:50:24,378:INFO:           interpret: Not installed
2024-08-30 21:50:24,378:INFO:                umap: Not installed
2024-08-30 21:50:24,378:INFO:     ydata_profiling: Not installed
2024-08-30 21:50:24,378:INFO:  explainerdashboard: Not installed
2024-08-30 21:50:24,378:INFO:             autoviz: Not installed
2024-08-30 21:50:24,378:INFO:           fairlearn: Not installed
2024-08-30 21:50:24,378:INFO:          deepchecks: Not installed
2024-08-30 21:50:24,378:INFO:             xgboost: Not installed
2024-08-30 21:50:24,378:INFO:            catboost: Not installed
2024-08-30 21:50:24,378:INFO:              kmodes: Not installed
2024-08-30 21:50:24,378:INFO:             mlxtend: Not installed
2024-08-30 21:50:24,378:INFO:       statsforecast: Not installed
2024-08-30 21:50:24,378:INFO:        tune_sklearn: Not installed
2024-08-30 21:50:24,378:INFO:                 ray: Not installed
2024-08-30 21:50:24,378:INFO:            hyperopt: Not installed
2024-08-30 21:50:24,378:INFO:              optuna: Not installed
2024-08-30 21:50:24,378:INFO:               skopt: Not installed
2024-08-30 21:50:24,378:INFO:              mlflow: Not installed
2024-08-30 21:50:24,378:INFO:              gradio: Not installed
2024-08-30 21:50:24,378:INFO:             fastapi: Not installed
2024-08-30 21:50:24,379:INFO:             uvicorn: Not installed
2024-08-30 21:50:24,379:INFO:              m2cgen: Not installed
2024-08-30 21:50:24,379:INFO:           evidently: Not installed
2024-08-30 21:50:24,379:INFO:               fugue: Not installed
2024-08-30 21:50:24,379:INFO:           streamlit: Not installed
2024-08-30 21:50:24,379:INFO:             prophet: Not installed
2024-08-30 21:50:24,379:INFO:None
2024-08-30 21:50:24,379:INFO:Set up data.
2024-08-30 21:50:24,386:INFO:Set up folding strategy.
2024-08-30 21:50:24,386:INFO:Set up train/test split.
2024-08-30 21:50:24,393:INFO:Set up index.
2024-08-30 21:50:24,394:INFO:Assigning column types.
2024-08-30 21:50:24,399:INFO:Engine successfully changes for model 'lr' to 'sklearn'.
2024-08-30 21:50:24,451:INFO:Engine for model 'knn' has not been set explicitly, hence returning None.
2024-08-30 21:50:24,454:INFO:Engine for model 'rbfsvm' has not been set explicitly, hence returning None.
2024-08-30 21:50:24,490:WARNING:
'xgboost' is a soft dependency and not included in the pycaret installation. Please run: `pip install xgboost` to install.
Alternately, you can install this by running `pip install pycaret[models]`
2024-08-30 21:50:24,490:WARNING:
'catboost' is a soft dependency and not included in the pycaret installation. Please run: `pip install catboost` to install.
Alternately, you can install this by running `pip install pycaret[models]`
2024-08-30 21:50:24,542:INFO:Engine for model 'knn' has not been set explicitly, hence returning None.
2024-08-30 21:50:24,542:INFO:Engine for model 'rbfsvm' has not been set explicitly, hence returning None.
2024-08-30 21:50:24,574:WARNING:
'xgboost' is a soft dependency and not included in the pycaret installation. Please run: `pip install xgboost` to install.
Alternately, you can install this by running `pip install pycaret[models]`
2024-08-30 21:50:24,574:WARNING:
'catboost' is a soft dependency and not included in the pycaret installation. Please run: `pip install catboost` to install.
Alternately, you can install this by running `pip install pycaret[models]`
2024-08-30 21:50:24,574:INFO:Engine successfully changes for model 'knn' to 'sklearn'.
2024-08-30 21:50:24,626:INFO:Engine for model 'rbfsvm' has not been set explicitly, hence returning None.
2024-08-30 21:50:24,657:WARNING:
'xgboost' is a soft dependency and not included in the pycaret installation. Please run: `pip install xgboost` to install.
Alternately, you can install this by running `pip install pycaret[models]`
2024-08-30 21:50:24,657:WARNING:
'catboost' is a soft dependency and not included in the pycaret installation. Please run: `pip install catboost` to install.
Alternately, you can install this by running `pip install pycaret[models]`
2024-08-30 21:50:24,709:INFO:Engine for model 'rbfsvm' has not been set explicitly, hence returning None.
2024-08-30 21:50:24,740:WARNING:
'xgboost' is a soft dependency and not included in the pycaret installation. Please run: `pip install xgboost` to install.
Alternately, you can install this by running `pip install pycaret[models]`
2024-08-30 21:50:24,740:WARNING:
'catboost' is a soft dependency and not included in the pycaret installation. Please run: `pip install catboost` to install.
Alternately, you can install this by running `pip install pycaret[models]`
2024-08-30 21:50:24,741:INFO:Engine successfully changes for model 'rbfsvm' to 'sklearn'.
2024-08-30 21:50:24,823:WARNING:
'xgboost' is a soft dependency and not included in the pycaret installation. Please run: `pip install xgboost` to install.
Alternately, you can install this by running `pip install pycaret[models]`
2024-08-30 21:50:24,824:WARNING:
'catboost' is a soft dependency and not included in the pycaret installation. Please run: `pip install catboost` to install.
Alternately, you can install this by running `pip install pycaret[models]`
2024-08-30 21:50:24,906:WARNING:
'xgboost' is a soft dependency and not included in the pycaret installation. Please run: `pip install xgboost` to install.
Alternately, you can install this by running `pip install pycaret[models]`
2024-08-30 21:50:24,906:WARNING:
'catboost' is a soft dependency and not included in the pycaret installation. Please run: `pip install catboost` to install.
Alternately, you can install this by running `pip install pycaret[models]`
2024-08-30 21:50:24,908:INFO:Preparing preprocessing pipeline...
2024-08-30 21:50:24,909:INFO:Set up label encoding.
2024-08-30 21:50:24,910:INFO:Set up simple imputation.
2024-08-30 21:50:24,910:INFO:Set up column name cleaning.
2024-08-30 21:50:24,943:INFO:Finished creating preprocessing pipeline.
2024-08-30 21:50:24,948:INFO:Pipeline: Pipeline(memory=FastMemory(location=C:\Users\surya\AppData\Local\Temp\joblib),
         steps=[('label_encoding',
                 TransformerWrapperWithInverse(exclude=None, include=None,
                                               transformer=LabelEncoder())),
                ('numerical_imputer',
                 TransformerWrapper(exclude=None,
                                    include=['radius_mean', 'texture_mean',
                                             'perimeter_mean', 'area_mean',
                                             'smoothness_mean',
                                             'compactness_mean',
                                             'conc...
                ('categorical_imputer',
                 TransformerWrapper(exclude=None, include=[],
                                    transformer=SimpleImputer(add_indicator=False,
                                                              copy=True,
                                                              fill_value=None,
                                                              keep_empty_features=False,
                                                              missing_values=nan,
                                                              strategy='most_frequent'))),
                ('clean_column_names',
                 TransformerWrapper(exclude=None, include=None,
                                    transformer=CleanColumnNames(match='[\\]\\[\\,\\{\\}\\"\\:]+')))],
         verbose=False)
2024-08-30 21:50:24,948:INFO:Creating final display dataframe.
2024-08-30 21:50:25,059:INFO:Setup _display_container:                     Description             Value
0                    Session id              4147
1                        Target         diagnosis
2                   Target type            Binary
3                Target mapping        B: 0, M: 1
4           Original data shape         (569, 31)
5        Transformed data shape         (569, 31)
6   Transformed train set shape         (398, 31)
7    Transformed test set shape         (171, 31)
8              Numeric features                30
9                    Preprocess              True
10              Imputation type            simple
11           Numeric imputation              mean
12       Categorical imputation              mode
13               Fold Generator   StratifiedKFold
14                  Fold Number                10
15                     CPU Jobs                -1
16                      Use GPU             False
17               Log Experiment             False
18              Experiment Name  clf-default-name
19                          USI              2b16
2024-08-30 21:50:25,150:WARNING:
'xgboost' is a soft dependency and not included in the pycaret installation. Please run: `pip install xgboost` to install.
Alternately, you can install this by running `pip install pycaret[models]`
2024-08-30 21:50:25,150:WARNING:
'catboost' is a soft dependency and not included in the pycaret installation. Please run: `pip install catboost` to install.
Alternately, you can install this by running `pip install pycaret[models]`
2024-08-30 21:50:25,232:WARNING:
'xgboost' is a soft dependency and not included in the pycaret installation. Please run: `pip install xgboost` to install.
Alternately, you can install this by running `pip install pycaret[models]`
2024-08-30 21:50:25,232:WARNING:
'catboost' is a soft dependency and not included in the pycaret installation. Please run: `pip install catboost` to install.
Alternately, you can install this by running `pip install pycaret[models]`
2024-08-30 21:50:25,233:INFO:setup() successfully completed in 0.93s...............
2024-08-30 21:50:25,234:INFO:Initializing create_model()
2024-08-30 21:50:25,234:INFO:create_model(self=<pycaret.classification.oop.ClassificationExperiment object at 0x0000026670409B50>, estimator=ada, fold=None, round=4, cross_validation=True, predict=True, fit_kwargs=None, groups=None, refit=True, probability_threshold=None, experiment_custom_tags=None, verbose=True, system=True, add_to_model_list=True, metrics=None, display=None, model_only=True, return_train_score=False, error_score=0.0, kwargs={})
2024-08-30 21:50:25,234:INFO:Checking exceptions
2024-08-30 21:50:25,236:INFO:Importing libraries
2024-08-30 21:50:25,237:INFO:Copying training dataset
2024-08-30 21:50:25,242:INFO:Defining folds
2024-08-30 21:50:25,242:INFO:Declaring metric variables
2024-08-30 21:50:25,242:INFO:Importing untrained model
2024-08-30 21:50:25,243:INFO:Ada Boost Classifier Imported successfully
2024-08-30 21:50:25,243:INFO:Starting cross validation
2024-08-30 21:50:25,244:INFO:Cross validating with StratifiedKFold(n_splits=10, random_state=None, shuffle=False), n_jobs=-1
2024-08-30 21:50:28,858:WARNING:C:\Users\surya\OneDrive\Desktop\Data Science Project\Breast Cancer\.venv\Lib\site-packages\sklearn\ensemble\_weight_boosting.py:519: FutureWarning: The SAMME.R algorithm (the default) is deprecated and will be removed in 1.6. Use the SAMME algorithm to circumvent this warning.
  warnings.warn(

2024-08-30 21:50:28,957:WARNING:C:\Users\surya\OneDrive\Desktop\Data Science Project\Breast Cancer\.venv\Lib\site-packages\sklearn\ensemble\_weight_boosting.py:519: FutureWarning: The SAMME.R algorithm (the default) is deprecated and will be removed in 1.6. Use the SAMME algorithm to circumvent this warning.
  warnings.warn(

2024-08-30 21:50:28,971:WARNING:C:\Users\surya\OneDrive\Desktop\Data Science Project\Breast Cancer\.venv\Lib\site-packages\sklearn\ensemble\_weight_boosting.py:519: FutureWarning: The SAMME.R algorithm (the default) is deprecated and will be removed in 1.6. Use the SAMME algorithm to circumvent this warning.
  warnings.warn(

2024-08-30 21:50:28,971:WARNING:C:\Users\surya\OneDrive\Desktop\Data Science Project\Breast Cancer\.venv\Lib\site-packages\sklearn\ensemble\_weight_boosting.py:519: FutureWarning: The SAMME.R algorithm (the default) is deprecated and will be removed in 1.6. Use the SAMME algorithm to circumvent this warning.
  warnings.warn(

2024-08-30 21:50:28,998:WARNING:C:\Users\surya\OneDrive\Desktop\Data Science Project\Breast Cancer\.venv\Lib\site-packages\sklearn\ensemble\_weight_boosting.py:519: FutureWarning: The SAMME.R algorithm (the default) is deprecated and will be removed in 1.6. Use the SAMME algorithm to circumvent this warning.
  warnings.warn(

2024-08-30 21:50:29,023:WARNING:C:\Users\surya\OneDrive\Desktop\Data Science Project\Breast Cancer\.venv\Lib\site-packages\sklearn\ensemble\_weight_boosting.py:519: FutureWarning: The SAMME.R algorithm (the default) is deprecated and will be removed in 1.6. Use the SAMME algorithm to circumvent this warning.
  warnings.warn(

2024-08-30 21:50:29,035:WARNING:C:\Users\surya\OneDrive\Desktop\Data Science Project\Breast Cancer\.venv\Lib\site-packages\sklearn\ensemble\_weight_boosting.py:519: FutureWarning: The SAMME.R algorithm (the default) is deprecated and will be removed in 1.6. Use the SAMME algorithm to circumvent this warning.
  warnings.warn(

2024-08-30 21:50:29,040:WARNING:C:\Users\surya\OneDrive\Desktop\Data Science Project\Breast Cancer\.venv\Lib\site-packages\sklearn\ensemble\_weight_boosting.py:519: FutureWarning: The SAMME.R algorithm (the default) is deprecated and will be removed in 1.6. Use the SAMME algorithm to circumvent this warning.
  warnings.warn(

2024-08-30 21:50:29,051:WARNING:C:\Users\surya\OneDrive\Desktop\Data Science Project\Breast Cancer\.venv\Lib\site-packages\sklearn\ensemble\_weight_boosting.py:519: FutureWarning: The SAMME.R algorithm (the default) is deprecated and will be removed in 1.6. Use the SAMME algorithm to circumvent this warning.
  warnings.warn(

2024-08-30 21:50:29,056:WARNING:C:\Users\surya\OneDrive\Desktop\Data Science Project\Breast Cancer\.venv\Lib\site-packages\sklearn\ensemble\_weight_boosting.py:519: FutureWarning: The SAMME.R algorithm (the default) is deprecated and will be removed in 1.6. Use the SAMME algorithm to circumvent this warning.
  warnings.warn(

2024-08-30 21:50:29,071:WARNING:C:\Users\surya\OneDrive\Desktop\Data Science Project\Breast Cancer\.venv\Lib\site-packages\sklearn\metrics\_classification.py:1561: UserWarning: Note that pos_label (set to 'M') is ignored when average != 'binary' (got 'weighted'). You may use labels=[pos_label] to specify a single positive class.
  warnings.warn(

2024-08-30 21:50:29,076:WARNING:C:\Users\surya\OneDrive\Desktop\Data Science Project\Breast Cancer\.venv\Lib\site-packages\sklearn\metrics\_classification.py:1561: UserWarning: Note that pos_label (set to 'M') is ignored when average != 'binary' (got 'weighted'). You may use labels=[pos_label] to specify a single positive class.
  warnings.warn(

2024-08-30 21:50:29,080:WARNING:C:\Users\surya\OneDrive\Desktop\Data Science Project\Breast Cancer\.venv\Lib\site-packages\sklearn\metrics\_classification.py:1561: UserWarning: Note that pos_label (set to 'M') is ignored when average != 'binary' (got 'weighted'). You may use labels=[pos_label] to specify a single positive class.
  warnings.warn(

2024-08-30 21:50:29,160:WARNING:C:\Users\surya\OneDrive\Desktop\Data Science Project\Breast Cancer\.venv\Lib\site-packages\sklearn\metrics\_classification.py:1561: UserWarning: Note that pos_label (set to 'M') is ignored when average != 'binary' (got 'weighted'). You may use labels=[pos_label] to specify a single positive class.
  warnings.warn(

2024-08-30 21:50:29,163:WARNING:C:\Users\surya\OneDrive\Desktop\Data Science Project\Breast Cancer\.venv\Lib\site-packages\sklearn\metrics\_classification.py:1561: UserWarning: Note that pos_label (set to 'M') is ignored when average != 'binary' (got 'weighted'). You may use labels=[pos_label] to specify a single positive class.
  warnings.warn(

2024-08-30 21:50:29,166:WARNING:C:\Users\surya\OneDrive\Desktop\Data Science Project\Breast Cancer\.venv\Lib\site-packages\sklearn\metrics\_classification.py:1561: UserWarning: Note that pos_label (set to 'M') is ignored when average != 'binary' (got 'weighted'). You may use labels=[pos_label] to specify a single positive class.
  warnings.warn(

2024-08-30 21:50:29,189:WARNING:C:\Users\surya\OneDrive\Desktop\Data Science Project\Breast Cancer\.venv\Lib\site-packages\sklearn\metrics\_classification.py:1561: UserWarning: Note that pos_label (set to 'M') is ignored when average != 'binary' (got 'weighted'). You may use labels=[pos_label] to specify a single positive class.
  warnings.warn(

2024-08-30 21:50:29,192:WARNING:C:\Users\surya\OneDrive\Desktop\Data Science Project\Breast Cancer\.venv\Lib\site-packages\sklearn\metrics\_classification.py:1561: UserWarning: Note that pos_label (set to 'M') is ignored when average != 'binary' (got 'weighted'). You may use labels=[pos_label] to specify a single positive class.
  warnings.warn(

2024-08-30 21:50:29,195:WARNING:C:\Users\surya\OneDrive\Desktop\Data Science Project\Breast Cancer\.venv\Lib\site-packages\sklearn\metrics\_classification.py:1561: UserWarning: Note that pos_label (set to 'M') is ignored when average != 'binary' (got 'weighted'). You may use labels=[pos_label] to specify a single positive class.
  warnings.warn(

2024-08-30 21:50:29,196:WARNING:C:\Users\surya\OneDrive\Desktop\Data Science Project\Breast Cancer\.venv\Lib\site-packages\sklearn\metrics\_classification.py:1561: UserWarning: Note that pos_label (set to 'M') is ignored when average != 'binary' (got 'weighted'). You may use labels=[pos_label] to specify a single positive class.
  warnings.warn(

2024-08-30 21:50:29,199:WARNING:C:\Users\surya\OneDrive\Desktop\Data Science Project\Breast Cancer\.venv\Lib\site-packages\sklearn\metrics\_classification.py:1561: UserWarning: Note that pos_label (set to 'M') is ignored when average != 'binary' (got 'weighted'). You may use labels=[pos_label] to specify a single positive class.
  warnings.warn(

2024-08-30 21:50:29,203:WARNING:C:\Users\surya\OneDrive\Desktop\Data Science Project\Breast Cancer\.venv\Lib\site-packages\sklearn\metrics\_classification.py:1561: UserWarning: Note that pos_label (set to 'M') is ignored when average != 'binary' (got 'weighted'). You may use labels=[pos_label] to specify a single positive class.
  warnings.warn(

2024-08-30 21:50:29,227:WARNING:C:\Users\surya\OneDrive\Desktop\Data Science Project\Breast Cancer\.venv\Lib\site-packages\sklearn\metrics\_classification.py:1561: UserWarning: Note that pos_label (set to 'M') is ignored when average != 'binary' (got 'weighted'). You may use labels=[pos_label] to specify a single positive class.
  warnings.warn(

2024-08-30 21:50:29,232:WARNING:C:\Users\surya\OneDrive\Desktop\Data Science Project\Breast Cancer\.venv\Lib\site-packages\sklearn\metrics\_classification.py:1561: UserWarning: Note that pos_label (set to 'M') is ignored when average != 'binary' (got 'weighted'). You may use labels=[pos_label] to specify a single positive class.
  warnings.warn(

2024-08-30 21:50:29,233:WARNING:C:\Users\surya\OneDrive\Desktop\Data Science Project\Breast Cancer\.venv\Lib\site-packages\sklearn\metrics\_classification.py:1561: UserWarning: Note that pos_label (set to 'M') is ignored when average != 'binary' (got 'weighted'). You may use labels=[pos_label] to specify a single positive class.
  warnings.warn(

2024-08-30 21:50:29,235:WARNING:C:\Users\surya\OneDrive\Desktop\Data Science Project\Breast Cancer\.venv\Lib\site-packages\sklearn\metrics\_classification.py:1561: UserWarning: Note that pos_label (set to 'M') is ignored when average != 'binary' (got 'weighted'). You may use labels=[pos_label] to specify a single positive class.
  warnings.warn(

2024-08-30 21:50:29,237:WARNING:C:\Users\surya\OneDrive\Desktop\Data Science Project\Breast Cancer\.venv\Lib\site-packages\sklearn\metrics\_classification.py:1561: UserWarning: Note that pos_label (set to 'M') is ignored when average != 'binary' (got 'weighted'). You may use labels=[pos_label] to specify a single positive class.
  warnings.warn(

2024-08-30 21:50:29,239:WARNING:C:\Users\surya\OneDrive\Desktop\Data Science Project\Breast Cancer\.venv\Lib\site-packages\sklearn\metrics\_classification.py:1561: UserWarning: Note that pos_label (set to 'M') is ignored when average != 'binary' (got 'weighted'). You may use labels=[pos_label] to specify a single positive class.
  warnings.warn(

2024-08-30 21:50:29,248:WARNING:C:\Users\surya\OneDrive\Desktop\Data Science Project\Breast Cancer\.venv\Lib\site-packages\sklearn\metrics\_classification.py:1561: UserWarning: Note that pos_label (set to 'M') is ignored when average != 'binary' (got 'weighted'). You may use labels=[pos_label] to specify a single positive class.
  warnings.warn(

2024-08-30 21:50:29,251:WARNING:C:\Users\surya\OneDrive\Desktop\Data Science Project\Breast Cancer\.venv\Lib\site-packages\sklearn\metrics\_classification.py:1561: UserWarning: Note that pos_label (set to 'M') is ignored when average != 'binary' (got 'weighted'). You may use labels=[pos_label] to specify a single positive class.
  warnings.warn(

2024-08-30 21:50:29,252:WARNING:C:\Users\surya\OneDrive\Desktop\Data Science Project\Breast Cancer\.venv\Lib\site-packages\sklearn\metrics\_classification.py:1561: UserWarning: Note that pos_label (set to 'M') is ignored when average != 'binary' (got 'weighted'). You may use labels=[pos_label] to specify a single positive class.
  warnings.warn(

2024-08-30 21:50:29,253:WARNING:C:\Users\surya\OneDrive\Desktop\Data Science Project\Breast Cancer\.venv\Lib\site-packages\sklearn\metrics\_classification.py:1561: UserWarning: Note that pos_label (set to 'M') is ignored when average != 'binary' (got 'weighted'). You may use labels=[pos_label] to specify a single positive class.
  warnings.warn(

2024-08-30 21:50:29,256:WARNING:C:\Users\surya\OneDrive\Desktop\Data Science Project\Breast Cancer\.venv\Lib\site-packages\sklearn\metrics\_classification.py:1561: UserWarning: Note that pos_label (set to 'M') is ignored when average != 'binary' (got 'weighted'). You may use labels=[pos_label] to specify a single positive class.
  warnings.warn(

2024-08-30 21:50:29,259:WARNING:C:\Users\surya\OneDrive\Desktop\Data Science Project\Breast Cancer\.venv\Lib\site-packages\sklearn\metrics\_classification.py:1561: UserWarning: Note that pos_label (set to 'M') is ignored when average != 'binary' (got 'weighted'). You may use labels=[pos_label] to specify a single positive class.
  warnings.warn(

2024-08-30 21:50:29,263:WARNING:C:\Users\surya\OneDrive\Desktop\Data Science Project\Breast Cancer\.venv\Lib\site-packages\sklearn\metrics\_classification.py:1561: UserWarning: Note that pos_label (set to 'M') is ignored when average != 'binary' (got 'weighted'). You may use labels=[pos_label] to specify a single positive class.
  warnings.warn(

2024-08-30 21:50:29,266:WARNING:C:\Users\surya\OneDrive\Desktop\Data Science Project\Breast Cancer\.venv\Lib\site-packages\sklearn\metrics\_classification.py:1561: UserWarning: Note that pos_label (set to 'M') is ignored when average != 'binary' (got 'weighted'). You may use labels=[pos_label] to specify a single positive class.
  warnings.warn(

2024-08-30 21:50:29,270:WARNING:C:\Users\surya\OneDrive\Desktop\Data Science Project\Breast Cancer\.venv\Lib\site-packages\sklearn\metrics\_classification.py:1561: UserWarning: Note that pos_label (set to 'M') is ignored when average != 'binary' (got 'weighted'). You may use labels=[pos_label] to specify a single positive class.
  warnings.warn(

2024-08-30 21:50:29,278:WARNING:C:\Users\surya\OneDrive\Desktop\Data Science Project\Breast Cancer\.venv\Lib\site-packages\sklearn\metrics\_classification.py:1561: UserWarning: Note that pos_label (set to 'M') is ignored when average != 'binary' (got 'weighted'). You may use labels=[pos_label] to specify a single positive class.
  warnings.warn(

2024-08-30 21:50:29,282:WARNING:C:\Users\surya\OneDrive\Desktop\Data Science Project\Breast Cancer\.venv\Lib\site-packages\sklearn\metrics\_classification.py:1561: UserWarning: Note that pos_label (set to 'M') is ignored when average != 'binary' (got 'weighted'). You may use labels=[pos_label] to specify a single positive class.
  warnings.warn(

2024-08-30 21:50:29,286:WARNING:C:\Users\surya\OneDrive\Desktop\Data Science Project\Breast Cancer\.venv\Lib\site-packages\sklearn\metrics\_classification.py:1561: UserWarning: Note that pos_label (set to 'M') is ignored when average != 'binary' (got 'weighted'). You may use labels=[pos_label] to specify a single positive class.
  warnings.warn(

2024-08-30 21:50:29,300:INFO:Calculating mean and std
2024-08-30 21:50:29,302:INFO:Creating metrics dataframe
2024-08-30 21:50:29,305:INFO:Finalizing model
2024-08-30 21:50:29,452:INFO:Uploading results into container
2024-08-30 21:50:29,454:INFO:Uploading model into container now
2024-08-30 21:50:29,463:INFO:_master_model_container: 1
2024-08-30 21:50:29,463:INFO:_display_container: 2
2024-08-30 21:50:29,463:INFO:AdaBoostClassifier(algorithm='SAMME.R', estimator=None, learning_rate=1.0,
                   n_estimators=50, random_state=4147)
2024-08-30 21:50:29,464:INFO:create_model() successfully completed......................................
2024-08-30 21:50:29,548:INFO:Initializing tune_model()
2024-08-30 21:50:29,548:INFO:tune_model(self=<pycaret.classification.oop.ClassificationExperiment object at 0x0000026670409B50>, estimator=AdaBoostClassifier(algorithm='SAMME.R', estimator=None, learning_rate=1.0,
                   n_estimators=50, random_state=4147), fold=None, round=4, n_iter=10, custom_grid=None, optimize=Accuracy, custom_scorer=None, search_library=scikit-learn, search_algorithm=None, early_stopping=False, early_stopping_max_iters=10, choose_better=True, fit_kwargs=None, groups=None, return_tuner=False, verbose=True, tuner_verbose=True, return_train_score=False, kwargs={})
2024-08-30 21:50:29,548:INFO:Checking exceptions
2024-08-30 21:50:29,554:INFO:Copying training dataset
2024-08-30 21:50:29,557:INFO:Checking base model
2024-08-30 21:50:29,557:INFO:Base model : Ada Boost Classifier
2024-08-30 21:50:29,557:INFO:Declaring metric variables
2024-08-30 21:50:29,557:INFO:Defining Hyperparameters
2024-08-30 21:50:29,638:INFO:Tuning with n_jobs=-1
2024-08-30 21:50:29,638:INFO:Initializing RandomizedSearchCV
2024-08-30 21:50:34,547:INFO:best_params: {'actual_estimator__n_estimators': 230, 'actual_estimator__learning_rate': 0.1, 'actual_estimator__algorithm': 'SAMME'}
2024-08-30 21:50:34,548:INFO:Hyperparameter search completed
2024-08-30 21:50:34,548:INFO:SubProcess create_model() called ==================================
2024-08-30 21:50:34,548:INFO:Initializing create_model()
2024-08-30 21:50:34,548:INFO:create_model(self=<pycaret.classification.oop.ClassificationExperiment object at 0x0000026670409B50>, estimator=AdaBoostClassifier(algorithm='SAMME.R', estimator=None, learning_rate=1.0,
                   n_estimators=50, random_state=4147), fold=StratifiedKFold(n_splits=10, random_state=None, shuffle=False), round=4, cross_validation=True, predict=True, fit_kwargs={}, groups=None, refit=True, probability_threshold=None, experiment_custom_tags=None, verbose=True, system=False, add_to_model_list=True, metrics=None, display=<pycaret.internal.display.display.CommonDisplay object at 0x0000026675122310>, model_only=True, return_train_score=False, error_score=0.0, kwargs={'n_estimators': 230, 'learning_rate': 0.1, 'algorithm': 'SAMME'})
2024-08-30 21:50:34,548:INFO:Checking exceptions
2024-08-30 21:50:34,548:INFO:Importing libraries
2024-08-30 21:50:34,548:INFO:Copying training dataset
2024-08-30 21:50:34,553:INFO:Defining folds
2024-08-30 21:50:34,553:INFO:Declaring metric variables
2024-08-30 21:50:34,553:INFO:Importing untrained model
2024-08-30 21:50:34,553:INFO:Declaring custom model
2024-08-30 21:50:34,553:INFO:Ada Boost Classifier Imported successfully
2024-08-30 21:50:34,554:INFO:Starting cross validation
2024-08-30 21:50:34,554:INFO:Cross validating with StratifiedKFold(n_splits=10, random_state=None, shuffle=False), n_jobs=-1
2024-08-30 21:50:35,349:WARNING:C:\Users\surya\OneDrive\Desktop\Data Science Project\Breast Cancer\.venv\Lib\site-packages\sklearn\metrics\_classification.py:1561: UserWarning: Note that pos_label (set to 'M') is ignored when average != 'binary' (got 'weighted'). You may use labels=[pos_label] to specify a single positive class.
  warnings.warn(

2024-08-30 21:50:35,352:WARNING:C:\Users\surya\OneDrive\Desktop\Data Science Project\Breast Cancer\.venv\Lib\site-packages\sklearn\metrics\_classification.py:1561: UserWarning: Note that pos_label (set to 'M') is ignored when average != 'binary' (got 'weighted'). You may use labels=[pos_label] to specify a single positive class.
  warnings.warn(

2024-08-30 21:50:35,355:WARNING:C:\Users\surya\OneDrive\Desktop\Data Science Project\Breast Cancer\.venv\Lib\site-packages\sklearn\metrics\_classification.py:1561: UserWarning: Note that pos_label (set to 'M') is ignored when average != 'binary' (got 'weighted'). You may use labels=[pos_label] to specify a single positive class.
  warnings.warn(

2024-08-30 21:50:35,359:WARNING:C:\Users\surya\OneDrive\Desktop\Data Science Project\Breast Cancer\.venv\Lib\site-packages\sklearn\metrics\_classification.py:1561: UserWarning: Note that pos_label (set to 'M') is ignored when average != 'binary' (got 'weighted'). You may use labels=[pos_label] to specify a single positive class.
  warnings.warn(

2024-08-30 21:50:35,361:WARNING:C:\Users\surya\OneDrive\Desktop\Data Science Project\Breast Cancer\.venv\Lib\site-packages\sklearn\metrics\_classification.py:1561: UserWarning: Note that pos_label (set to 'M') is ignored when average != 'binary' (got 'weighted'). You may use labels=[pos_label] to specify a single positive class.
  warnings.warn(

2024-08-30 21:50:35,362:WARNING:C:\Users\surya\OneDrive\Desktop\Data Science Project\Breast Cancer\.venv\Lib\site-packages\sklearn\metrics\_classification.py:1561: UserWarning: Note that pos_label (set to 'M') is ignored when average != 'binary' (got 'weighted'). You may use labels=[pos_label] to specify a single positive class.
  warnings.warn(

2024-08-30 21:50:35,364:WARNING:C:\Users\surya\OneDrive\Desktop\Data Science Project\Breast Cancer\.venv\Lib\site-packages\sklearn\metrics\_classification.py:1561: UserWarning: Note that pos_label (set to 'M') is ignored when average != 'binary' (got 'weighted'). You may use labels=[pos_label] to specify a single positive class.
  warnings.warn(

2024-08-30 21:50:35,365:WARNING:C:\Users\surya\OneDrive\Desktop\Data Science Project\Breast Cancer\.venv\Lib\site-packages\sklearn\metrics\_classification.py:1561: UserWarning: Note that pos_label (set to 'M') is ignored when average != 'binary' (got 'weighted'). You may use labels=[pos_label] to specify a single positive class.
  warnings.warn(

2024-08-30 21:50:35,368:WARNING:C:\Users\surya\OneDrive\Desktop\Data Science Project\Breast Cancer\.venv\Lib\site-packages\sklearn\metrics\_classification.py:1561: UserWarning: Note that pos_label (set to 'M') is ignored when average != 'binary' (got 'weighted'). You may use labels=[pos_label] to specify a single positive class.
  warnings.warn(

2024-08-30 21:50:35,370:WARNING:C:\Users\surya\OneDrive\Desktop\Data Science Project\Breast Cancer\.venv\Lib\site-packages\sklearn\metrics\_classification.py:1561: UserWarning: Note that pos_label (set to 'M') is ignored when average != 'binary' (got 'weighted'). You may use labels=[pos_label] to specify a single positive class.
  warnings.warn(

2024-08-30 21:50:35,373:WARNING:C:\Users\surya\OneDrive\Desktop\Data Science Project\Breast Cancer\.venv\Lib\site-packages\sklearn\metrics\_classification.py:1561: UserWarning: Note that pos_label (set to 'M') is ignored when average != 'binary' (got 'weighted'). You may use labels=[pos_label] to specify a single positive class.
  warnings.warn(

2024-08-30 21:50:35,375:WARNING:C:\Users\surya\OneDrive\Desktop\Data Science Project\Breast Cancer\.venv\Lib\site-packages\sklearn\metrics\_classification.py:1561: UserWarning: Note that pos_label (set to 'M') is ignored when average != 'binary' (got 'weighted'). You may use labels=[pos_label] to specify a single positive class.
  warnings.warn(

2024-08-30 21:50:35,402:WARNING:C:\Users\surya\OneDrive\Desktop\Data Science Project\Breast Cancer\.venv\Lib\site-packages\sklearn\metrics\_classification.py:1561: UserWarning: Note that pos_label (set to 'M') is ignored when average != 'binary' (got 'weighted'). You may use labels=[pos_label] to specify a single positive class.
  warnings.warn(

2024-08-30 21:50:35,405:WARNING:C:\Users\surya\OneDrive\Desktop\Data Science Project\Breast Cancer\.venv\Lib\site-packages\sklearn\metrics\_classification.py:1561: UserWarning: Note that pos_label (set to 'M') is ignored when average != 'binary' (got 'weighted'). You may use labels=[pos_label] to specify a single positive class.
  warnings.warn(

2024-08-30 21:50:35,407:WARNING:C:\Users\surya\OneDrive\Desktop\Data Science Project\Breast Cancer\.venv\Lib\site-packages\sklearn\metrics\_classification.py:1561: UserWarning: Note that pos_label (set to 'M') is ignored when average != 'binary' (got 'weighted'). You may use labels=[pos_label] to specify a single positive class.
  warnings.warn(

2024-08-30 21:50:35,433:WARNING:C:\Users\surya\OneDrive\Desktop\Data Science Project\Breast Cancer\.venv\Lib\site-packages\sklearn\metrics\_classification.py:1561: UserWarning: Note that pos_label (set to 'M') is ignored when average != 'binary' (got 'weighted'). You may use labels=[pos_label] to specify a single positive class.
  warnings.warn(

2024-08-30 21:50:35,436:WARNING:C:\Users\surya\OneDrive\Desktop\Data Science Project\Breast Cancer\.venv\Lib\site-packages\sklearn\metrics\_classification.py:1561: UserWarning: Note that pos_label (set to 'M') is ignored when average != 'binary' (got 'weighted'). You may use labels=[pos_label] to specify a single positive class.
  warnings.warn(

2024-08-30 21:50:35,438:WARNING:C:\Users\surya\OneDrive\Desktop\Data Science Project\Breast Cancer\.venv\Lib\site-packages\sklearn\metrics\_classification.py:1561: UserWarning: Note that pos_label (set to 'M') is ignored when average != 'binary' (got 'weighted'). You may use labels=[pos_label] to specify a single positive class.
  warnings.warn(

2024-08-30 21:50:35,459:WARNING:C:\Users\surya\OneDrive\Desktop\Data Science Project\Breast Cancer\.venv\Lib\site-packages\sklearn\metrics\_classification.py:1561: UserWarning: Note that pos_label (set to 'M') is ignored when average != 'binary' (got 'weighted'). You may use labels=[pos_label] to specify a single positive class.
  warnings.warn(

2024-08-30 21:50:35,462:WARNING:C:\Users\surya\OneDrive\Desktop\Data Science Project\Breast Cancer\.venv\Lib\site-packages\sklearn\metrics\_classification.py:1561: UserWarning: Note that pos_label (set to 'M') is ignored when average != 'binary' (got 'weighted'). You may use labels=[pos_label] to specify a single positive class.
  warnings.warn(

2024-08-30 21:50:35,464:WARNING:C:\Users\surya\OneDrive\Desktop\Data Science Project\Breast Cancer\.venv\Lib\site-packages\sklearn\metrics\_classification.py:1561: UserWarning: Note that pos_label (set to 'M') is ignored when average != 'binary' (got 'weighted'). You may use labels=[pos_label] to specify a single positive class.
  warnings.warn(

2024-08-30 21:50:35,464:WARNING:C:\Users\surya\OneDrive\Desktop\Data Science Project\Breast Cancer\.venv\Lib\site-packages\sklearn\metrics\_classification.py:1561: UserWarning: Note that pos_label (set to 'M') is ignored when average != 'binary' (got 'weighted'). You may use labels=[pos_label] to specify a single positive class.
  warnings.warn(

2024-08-30 21:50:35,466:WARNING:C:\Users\surya\OneDrive\Desktop\Data Science Project\Breast Cancer\.venv\Lib\site-packages\sklearn\metrics\_classification.py:1561: UserWarning: Note that pos_label (set to 'M') is ignored when average != 'binary' (got 'weighted'). You may use labels=[pos_label] to specify a single positive class.
  warnings.warn(

2024-08-30 21:50:35,467:WARNING:C:\Users\surya\OneDrive\Desktop\Data Science Project\Breast Cancer\.venv\Lib\site-packages\sklearn\metrics\_classification.py:1561: UserWarning: Note that pos_label (set to 'M') is ignored when average != 'binary' (got 'weighted'). You may use labels=[pos_label] to specify a single positive class.
  warnings.warn(

2024-08-30 21:50:35,468:WARNING:C:\Users\surya\OneDrive\Desktop\Data Science Project\Breast Cancer\.venv\Lib\site-packages\sklearn\metrics\_classification.py:1561: UserWarning: Note that pos_label (set to 'M') is ignored when average != 'binary' (got 'weighted'). You may use labels=[pos_label] to specify a single positive class.
  warnings.warn(

2024-08-30 21:50:35,469:WARNING:C:\Users\surya\OneDrive\Desktop\Data Science Project\Breast Cancer\.venv\Lib\site-packages\sklearn\metrics\_classification.py:1561: UserWarning: Note that pos_label (set to 'M') is ignored when average != 'binary' (got 'weighted'). You may use labels=[pos_label] to specify a single positive class.
  warnings.warn(

2024-08-30 21:50:35,469:WARNING:C:\Users\surya\OneDrive\Desktop\Data Science Project\Breast Cancer\.venv\Lib\site-packages\sklearn\metrics\_classification.py:1561: UserWarning: Note that pos_label (set to 'M') is ignored when average != 'binary' (got 'weighted'). You may use labels=[pos_label] to specify a single positive class.
  warnings.warn(

2024-08-30 21:50:35,470:WARNING:C:\Users\surya\OneDrive\Desktop\Data Science Project\Breast Cancer\.venv\Lib\site-packages\sklearn\metrics\_classification.py:1561: UserWarning: Note that pos_label (set to 'M') is ignored when average != 'binary' (got 'weighted'). You may use labels=[pos_label] to specify a single positive class.
  warnings.warn(

2024-08-30 21:50:35,471:WARNING:C:\Users\surya\OneDrive\Desktop\Data Science Project\Breast Cancer\.venv\Lib\site-packages\sklearn\metrics\_classification.py:1561: UserWarning: Note that pos_label (set to 'M') is ignored when average != 'binary' (got 'weighted'). You may use labels=[pos_label] to specify a single positive class.
  warnings.warn(

2024-08-30 21:50:35,472:WARNING:C:\Users\surya\OneDrive\Desktop\Data Science Project\Breast Cancer\.venv\Lib\site-packages\sklearn\metrics\_classification.py:1561: UserWarning: Note that pos_label (set to 'M') is ignored when average != 'binary' (got 'weighted'). You may use labels=[pos_label] to specify a single positive class.
  warnings.warn(

2024-08-30 21:50:35,482:INFO:Calculating mean and std
2024-08-30 21:50:35,484:INFO:Creating metrics dataframe
2024-08-30 21:50:35,485:INFO:Finalizing model
2024-08-30 21:50:35,950:INFO:Uploading results into container
2024-08-30 21:50:35,952:INFO:Uploading model into container now
2024-08-30 21:50:35,952:INFO:_master_model_container: 2
2024-08-30 21:50:35,952:INFO:_display_container: 3
2024-08-30 21:50:35,952:INFO:AdaBoostClassifier(algorithm='SAMME', estimator=None, learning_rate=0.1,
                   n_estimators=230, random_state=4147)
2024-08-30 21:50:35,952:INFO:create_model() successfully completed......................................
2024-08-30 21:50:36,031:INFO:SubProcess create_model() end ==================================
2024-08-30 21:50:36,032:INFO:choose_better activated
2024-08-30 21:50:36,032:INFO:SubProcess create_model() called ==================================
2024-08-30 21:50:36,032:INFO:Initializing create_model()
2024-08-30 21:50:36,032:INFO:create_model(self=<pycaret.classification.oop.ClassificationExperiment object at 0x0000026670409B50>, estimator=AdaBoostClassifier(algorithm='SAMME.R', estimator=None, learning_rate=1.0,
                   n_estimators=50, random_state=4147), fold=StratifiedKFold(n_splits=10, random_state=None, shuffle=False), round=4, cross_validation=True, predict=True, fit_kwargs={}, groups=None, refit=True, probability_threshold=None, experiment_custom_tags=None, verbose=False, system=False, add_to_model_list=True, metrics=None, display=None, model_only=True, return_train_score=False, error_score=0.0, kwargs={})
2024-08-30 21:50:36,032:INFO:Checking exceptions
2024-08-30 21:50:36,033:INFO:Importing libraries
2024-08-30 21:50:36,033:INFO:Copying training dataset
2024-08-30 21:50:36,037:INFO:Defining folds
2024-08-30 21:50:36,037:INFO:Declaring metric variables
2024-08-30 21:50:36,037:INFO:Importing untrained model
2024-08-30 21:50:36,037:INFO:Declaring custom model
2024-08-30 21:50:36,038:INFO:Ada Boost Classifier Imported successfully
2024-08-30 21:50:36,038:INFO:Starting cross validation
2024-08-30 21:50:36,039:INFO:Cross validating with StratifiedKFold(n_splits=10, random_state=None, shuffle=False), n_jobs=-1
2024-08-30 21:50:36,061:WARNING:C:\Users\surya\OneDrive\Desktop\Data Science Project\Breast Cancer\.venv\Lib\site-packages\sklearn\ensemble\_weight_boosting.py:519: FutureWarning: The SAMME.R algorithm (the default) is deprecated and will be removed in 1.6. Use the SAMME algorithm to circumvent this warning.
  warnings.warn(

2024-08-30 21:50:36,064:WARNING:C:\Users\surya\OneDrive\Desktop\Data Science Project\Breast Cancer\.venv\Lib\site-packages\sklearn\ensemble\_weight_boosting.py:519: FutureWarning: The SAMME.R algorithm (the default) is deprecated and will be removed in 1.6. Use the SAMME algorithm to circumvent this warning.
  warnings.warn(

2024-08-30 21:50:36,065:WARNING:C:\Users\surya\OneDrive\Desktop\Data Science Project\Breast Cancer\.venv\Lib\site-packages\sklearn\ensemble\_weight_boosting.py:519: FutureWarning: The SAMME.R algorithm (the default) is deprecated and will be removed in 1.6. Use the SAMME algorithm to circumvent this warning.
  warnings.warn(

2024-08-30 21:50:36,066:WARNING:C:\Users\surya\OneDrive\Desktop\Data Science Project\Breast Cancer\.venv\Lib\site-packages\sklearn\ensemble\_weight_boosting.py:519: FutureWarning: The SAMME.R algorithm (the default) is deprecated and will be removed in 1.6. Use the SAMME algorithm to circumvent this warning.
  warnings.warn(

2024-08-30 21:50:36,068:WARNING:C:\Users\surya\OneDrive\Desktop\Data Science Project\Breast Cancer\.venv\Lib\site-packages\sklearn\ensemble\_weight_boosting.py:519: FutureWarning: The SAMME.R algorithm (the default) is deprecated and will be removed in 1.6. Use the SAMME algorithm to circumvent this warning.
  warnings.warn(

2024-08-30 21:50:36,071:WARNING:C:\Users\surya\OneDrive\Desktop\Data Science Project\Breast Cancer\.venv\Lib\site-packages\sklearn\ensemble\_weight_boosting.py:519: FutureWarning: The SAMME.R algorithm (the default) is deprecated and will be removed in 1.6. Use the SAMME algorithm to circumvent this warning.
  warnings.warn(

2024-08-30 21:50:36,073:WARNING:C:\Users\surya\OneDrive\Desktop\Data Science Project\Breast Cancer\.venv\Lib\site-packages\sklearn\ensemble\_weight_boosting.py:519: FutureWarning: The SAMME.R algorithm (the default) is deprecated and will be removed in 1.6. Use the SAMME algorithm to circumvent this warning.
  warnings.warn(

2024-08-30 21:50:36,076:WARNING:C:\Users\surya\OneDrive\Desktop\Data Science Project\Breast Cancer\.venv\Lib\site-packages\sklearn\ensemble\_weight_boosting.py:519: FutureWarning: The SAMME.R algorithm (the default) is deprecated and will be removed in 1.6. Use the SAMME algorithm to circumvent this warning.
  warnings.warn(

2024-08-30 21:50:36,077:WARNING:C:\Users\surya\OneDrive\Desktop\Data Science Project\Breast Cancer\.venv\Lib\site-packages\sklearn\ensemble\_weight_boosting.py:519: FutureWarning: The SAMME.R algorithm (the default) is deprecated and will be removed in 1.6. Use the SAMME algorithm to circumvent this warning.
  warnings.warn(

2024-08-30 21:50:36,079:WARNING:C:\Users\surya\OneDrive\Desktop\Data Science Project\Breast Cancer\.venv\Lib\site-packages\sklearn\ensemble\_weight_boosting.py:519: FutureWarning: The SAMME.R algorithm (the default) is deprecated and will be removed in 1.6. Use the SAMME algorithm to circumvent this warning.
  warnings.warn(

2024-08-30 21:50:36,227:WARNING:C:\Users\surya\OneDrive\Desktop\Data Science Project\Breast Cancer\.venv\Lib\site-packages\sklearn\metrics\_classification.py:1561: UserWarning: Note that pos_label (set to 'M') is ignored when average != 'binary' (got 'weighted'). You may use labels=[pos_label] to specify a single positive class.
  warnings.warn(

2024-08-30 21:50:36,228:WARNING:C:\Users\surya\OneDrive\Desktop\Data Science Project\Breast Cancer\.venv\Lib\site-packages\sklearn\metrics\_classification.py:1561: UserWarning: Note that pos_label (set to 'M') is ignored when average != 'binary' (got 'weighted'). You may use labels=[pos_label] to specify a single positive class.
  warnings.warn(

2024-08-30 21:50:36,230:WARNING:C:\Users\surya\OneDrive\Desktop\Data Science Project\Breast Cancer\.venv\Lib\site-packages\sklearn\metrics\_classification.py:1561: UserWarning: Note that pos_label (set to 'M') is ignored when average != 'binary' (got 'weighted'). You may use labels=[pos_label] to specify a single positive class.
  warnings.warn(

2024-08-30 21:50:36,230:WARNING:C:\Users\surya\OneDrive\Desktop\Data Science Project\Breast Cancer\.venv\Lib\site-packages\sklearn\metrics\_classification.py:1561: UserWarning: Note that pos_label (set to 'M') is ignored when average != 'binary' (got 'weighted'). You may use labels=[pos_label] to specify a single positive class.
  warnings.warn(

2024-08-30 21:50:36,233:WARNING:C:\Users\surya\OneDrive\Desktop\Data Science Project\Breast Cancer\.venv\Lib\site-packages\sklearn\metrics\_classification.py:1561: UserWarning: Note that pos_label (set to 'M') is ignored when average != 'binary' (got 'weighted'). You may use labels=[pos_label] to specify a single positive class.
  warnings.warn(

2024-08-30 21:50:36,237:WARNING:C:\Users\surya\OneDrive\Desktop\Data Science Project\Breast Cancer\.venv\Lib\site-packages\sklearn\metrics\_classification.py:1561: UserWarning: Note that pos_label (set to 'M') is ignored when average != 'binary' (got 'weighted'). You may use labels=[pos_label] to specify a single positive class.
  warnings.warn(

2024-08-30 21:50:36,241:WARNING:C:\Users\surya\OneDrive\Desktop\Data Science Project\Breast Cancer\.venv\Lib\site-packages\sklearn\metrics\_classification.py:1561: UserWarning: Note that pos_label (set to 'M') is ignored when average != 'binary' (got 'weighted'). You may use labels=[pos_label] to specify a single positive class.
  warnings.warn(

2024-08-30 21:50:36,243:WARNING:C:\Users\surya\OneDrive\Desktop\Data Science Project\Breast Cancer\.venv\Lib\site-packages\sklearn\metrics\_classification.py:1561: UserWarning: Note that pos_label (set to 'M') is ignored when average != 'binary' (got 'weighted'). You may use labels=[pos_label] to specify a single positive class.
  warnings.warn(

2024-08-30 21:50:36,246:WARNING:C:\Users\surya\OneDrive\Desktop\Data Science Project\Breast Cancer\.venv\Lib\site-packages\sklearn\metrics\_classification.py:1561: UserWarning: Note that pos_label (set to 'M') is ignored when average != 'binary' (got 'weighted'). You may use labels=[pos_label] to specify a single positive class.
  warnings.warn(

2024-08-30 21:50:36,248:WARNING:C:\Users\surya\OneDrive\Desktop\Data Science Project\Breast Cancer\.venv\Lib\site-packages\sklearn\metrics\_classification.py:1561: UserWarning: Note that pos_label (set to 'M') is ignored when average != 'binary' (got 'weighted'). You may use labels=[pos_label] to specify a single positive class.
  warnings.warn(

2024-08-30 21:50:36,248:WARNING:C:\Users\surya\OneDrive\Desktop\Data Science Project\Breast Cancer\.venv\Lib\site-packages\sklearn\metrics\_classification.py:1561: UserWarning: Note that pos_label (set to 'M') is ignored when average != 'binary' (got 'weighted'). You may use labels=[pos_label] to specify a single positive class.
  warnings.warn(

2024-08-30 21:50:36,250:WARNING:C:\Users\surya\OneDrive\Desktop\Data Science Project\Breast Cancer\.venv\Lib\site-packages\sklearn\metrics\_classification.py:1561: UserWarning: Note that pos_label (set to 'M') is ignored when average != 'binary' (got 'weighted'). You may use labels=[pos_label] to specify a single positive class.
  warnings.warn(

2024-08-30 21:50:36,252:WARNING:C:\Users\surya\OneDrive\Desktop\Data Science Project\Breast Cancer\.venv\Lib\site-packages\sklearn\metrics\_classification.py:1561: UserWarning: Note that pos_label (set to 'M') is ignored when average != 'binary' (got 'weighted'). You may use labels=[pos_label] to specify a single positive class.
  warnings.warn(

2024-08-30 21:50:36,252:WARNING:C:\Users\surya\OneDrive\Desktop\Data Science Project\Breast Cancer\.venv\Lib\site-packages\sklearn\metrics\_classification.py:1561: UserWarning: Note that pos_label (set to 'M') is ignored when average != 'binary' (got 'weighted'). You may use labels=[pos_label] to specify a single positive class.
  warnings.warn(

2024-08-30 21:50:36,253:WARNING:C:\Users\surya\OneDrive\Desktop\Data Science Project\Breast Cancer\.venv\Lib\site-packages\sklearn\metrics\_classification.py:1561: UserWarning: Note that pos_label (set to 'M') is ignored when average != 'binary' (got 'weighted'). You may use labels=[pos_label] to specify a single positive class.
  warnings.warn(

2024-08-30 21:50:36,254:WARNING:C:\Users\surya\OneDrive\Desktop\Data Science Project\Breast Cancer\.venv\Lib\site-packages\sklearn\metrics\_classification.py:1561: UserWarning: Note that pos_label (set to 'M') is ignored when average != 'binary' (got 'weighted'). You may use labels=[pos_label] to specify a single positive class.
  warnings.warn(

2024-08-30 21:50:36,255:WARNING:C:\Users\surya\OneDrive\Desktop\Data Science Project\Breast Cancer\.venv\Lib\site-packages\sklearn\metrics\_classification.py:1561: UserWarning: Note that pos_label (set to 'M') is ignored when average != 'binary' (got 'weighted'). You may use labels=[pos_label] to specify a single positive class.
  warnings.warn(

2024-08-30 21:50:36,256:WARNING:C:\Users\surya\OneDrive\Desktop\Data Science Project\Breast Cancer\.venv\Lib\site-packages\sklearn\metrics\_classification.py:1561: UserWarning: Note that pos_label (set to 'M') is ignored when average != 'binary' (got 'weighted'). You may use labels=[pos_label] to specify a single positive class.
  warnings.warn(

2024-08-30 21:50:36,257:WARNING:C:\Users\surya\OneDrive\Desktop\Data Science Project\Breast Cancer\.venv\Lib\site-packages\sklearn\metrics\_classification.py:1561: UserWarning: Note that pos_label (set to 'M') is ignored when average != 'binary' (got 'weighted'). You may use labels=[pos_label] to specify a single positive class.
  warnings.warn(

2024-08-30 21:50:36,258:WARNING:C:\Users\surya\OneDrive\Desktop\Data Science Project\Breast Cancer\.venv\Lib\site-packages\sklearn\metrics\_classification.py:1561: UserWarning: Note that pos_label (set to 'M') is ignored when average != 'binary' (got 'weighted'). You may use labels=[pos_label] to specify a single positive class.
  warnings.warn(

2024-08-30 21:50:36,259:WARNING:C:\Users\surya\OneDrive\Desktop\Data Science Project\Breast Cancer\.venv\Lib\site-packages\sklearn\metrics\_classification.py:1561: UserWarning: Note that pos_label (set to 'M') is ignored when average != 'binary' (got 'weighted'). You may use labels=[pos_label] to specify a single positive class.
  warnings.warn(

2024-08-30 21:50:36,261:WARNING:C:\Users\surya\OneDrive\Desktop\Data Science Project\Breast Cancer\.venv\Lib\site-packages\sklearn\metrics\_classification.py:1561: UserWarning: Note that pos_label (set to 'M') is ignored when average != 'binary' (got 'weighted'). You may use labels=[pos_label] to specify a single positive class.
  warnings.warn(

2024-08-30 21:50:36,263:WARNING:C:\Users\surya\OneDrive\Desktop\Data Science Project\Breast Cancer\.venv\Lib\site-packages\sklearn\metrics\_classification.py:1561: UserWarning: Note that pos_label (set to 'M') is ignored when average != 'binary' (got 'weighted'). You may use labels=[pos_label] to specify a single positive class.
  warnings.warn(

2024-08-30 21:50:36,264:WARNING:C:\Users\surya\OneDrive\Desktop\Data Science Project\Breast Cancer\.venv\Lib\site-packages\sklearn\metrics\_classification.py:1561: UserWarning: Note that pos_label (set to 'M') is ignored when average != 'binary' (got 'weighted'). You may use labels=[pos_label] to specify a single positive class.
  warnings.warn(

2024-08-30 21:50:36,266:WARNING:C:\Users\surya\OneDrive\Desktop\Data Science Project\Breast Cancer\.venv\Lib\site-packages\sklearn\metrics\_classification.py:1561: UserWarning: Note that pos_label (set to 'M') is ignored when average != 'binary' (got 'weighted'). You may use labels=[pos_label] to specify a single positive class.
  warnings.warn(

2024-08-30 21:50:36,267:WARNING:C:\Users\surya\OneDrive\Desktop\Data Science Project\Breast Cancer\.venv\Lib\site-packages\sklearn\metrics\_classification.py:1561: UserWarning: Note that pos_label (set to 'M') is ignored when average != 'binary' (got 'weighted'). You may use labels=[pos_label] to specify a single positive class.
  warnings.warn(

2024-08-30 21:50:36,268:WARNING:C:\Users\surya\OneDrive\Desktop\Data Science Project\Breast Cancer\.venv\Lib\site-packages\sklearn\metrics\_classification.py:1561: UserWarning: Note that pos_label (set to 'M') is ignored when average != 'binary' (got 'weighted'). You may use labels=[pos_label] to specify a single positive class.
  warnings.warn(

2024-08-30 21:50:36,269:WARNING:C:\Users\surya\OneDrive\Desktop\Data Science Project\Breast Cancer\.venv\Lib\site-packages\sklearn\metrics\_classification.py:1561: UserWarning: Note that pos_label (set to 'M') is ignored when average != 'binary' (got 'weighted'). You may use labels=[pos_label] to specify a single positive class.
  warnings.warn(

2024-08-30 21:50:36,269:WARNING:C:\Users\surya\OneDrive\Desktop\Data Science Project\Breast Cancer\.venv\Lib\site-packages\sklearn\metrics\_classification.py:1561: UserWarning: Note that pos_label (set to 'M') is ignored when average != 'binary' (got 'weighted'). You may use labels=[pos_label] to specify a single positive class.
  warnings.warn(

2024-08-30 21:50:36,276:INFO:Calculating mean and std
2024-08-30 21:50:36,277:INFO:Creating metrics dataframe
2024-08-30 21:50:36,279:INFO:Finalizing model
2024-08-30 21:50:36,388:INFO:Uploading results into container
2024-08-30 21:50:36,388:INFO:Uploading model into container now
2024-08-30 21:50:36,389:INFO:_master_model_container: 3
2024-08-30 21:50:36,389:INFO:_display_container: 4
2024-08-30 21:50:36,389:INFO:AdaBoostClassifier(algorithm='SAMME.R', estimator=None, learning_rate=1.0,
                   n_estimators=50, random_state=4147)
2024-08-30 21:50:36,389:INFO:create_model() successfully completed......................................
2024-08-30 21:50:36,465:INFO:SubProcess create_model() end ==================================
2024-08-30 21:50:36,465:INFO:AdaBoostClassifier(algorithm='SAMME.R', estimator=None, learning_rate=1.0,
                   n_estimators=50, random_state=4147) result for Accuracy is 0.9774
2024-08-30 21:50:36,465:INFO:AdaBoostClassifier(algorithm='SAMME', estimator=None, learning_rate=0.1,
                   n_estimators=230, random_state=4147) result for Accuracy is 0.9749
2024-08-30 21:50:36,466:INFO:AdaBoostClassifier(algorithm='SAMME.R', estimator=None, learning_rate=1.0,
                   n_estimators=50, random_state=4147) is best model
2024-08-30 21:50:36,466:INFO:choose_better completed
2024-08-30 21:50:36,466:INFO:Original model was better than the tuned model, hence it will be returned. NOTE: The display metrics are for the tuned model (not the original one).
2024-08-30 21:50:36,475:INFO:_master_model_container: 3
2024-08-30 21:50:36,475:INFO:_display_container: 3
2024-08-30 21:50:36,475:INFO:AdaBoostClassifier(algorithm='SAMME.R', estimator=None, learning_rate=1.0,
                   n_estimators=50, random_state=4147)
2024-08-30 21:50:36,475:INFO:tune_model() successfully completed......................................
2024-08-30 21:50:36,553:INFO:Initializing evaluate_model()
2024-08-30 21:50:36,553:INFO:evaluate_model(self=<pycaret.classification.oop.ClassificationExperiment object at 0x0000026670409B50>, estimator=AdaBoostClassifier(algorithm='SAMME.R', estimator=None, learning_rate=1.0,
                   n_estimators=50, random_state=4147), fold=None, fit_kwargs=None, plot_kwargs=None, feature_name=None, groups=None)
2024-08-30 21:50:36,558:INFO:Initializing plot_model()
2024-08-30 21:50:36,558:INFO:plot_model(self=<pycaret.classification.oop.ClassificationExperiment object at 0x0000026670409B50>, estimator=AdaBoostClassifier(algorithm='SAMME.R', estimator=None, learning_rate=1.0,
                   n_estimators=50, random_state=4147), plot=pipeline, scale=1, save=False, fold=StratifiedKFold(n_splits=10, random_state=None, shuffle=False), fit_kwargs={}, plot_kwargs=None, groups=None, feature_name=None, label=False, verbose=False, system=True, display=None, display_format=None)
2024-08-30 21:50:36,558:INFO:Checking exceptions
2024-08-30 21:50:36,560:INFO:Preloading libraries
2024-08-30 21:50:36,563:INFO:Copying training dataset
2024-08-30 21:50:36,563:INFO:Plot type: pipeline
2024-08-30 22:00:23,337:WARNING:
'cuml' is a soft dependency and not included in the pycaret installation. Please run: `pip install cuml` to install.
2024-08-30 22:00:23,337:WARNING:
'cuml' is a soft dependency and not included in the pycaret installation. Please run: `pip install cuml` to install.
2024-08-30 22:00:23,337:WARNING:
'cuml' is a soft dependency and not included in the pycaret installation. Please run: `pip install cuml` to install.
2024-08-30 22:00:23,337:WARNING:
'cuml' is a soft dependency and not included in the pycaret installation. Please run: `pip install cuml` to install.
2024-08-30 22:00:26,592:INFO:PyCaret ClassificationExperiment
2024-08-30 22:00:26,592:INFO:Logging name: clf-default-name
2024-08-30 22:00:26,592:INFO:ML Usecase: MLUsecase.CLASSIFICATION
2024-08-30 22:00:26,592:INFO:version 3.3.2
2024-08-30 22:00:26,594:INFO:Initializing setup()
2024-08-30 22:00:26,594:INFO:self.USI: 5865
2024-08-30 22:00:26,594:INFO:self._variable_keys: {'y', 'seed', 'exp_id', 'y_train', 'fold_generator', '_ml_usecase', 'USI', 'html_param', 'n_jobs_param', 'logging_param', 'idx', 'exp_name_log', 'gpu_n_jobs_param', 'X', 'gpu_param', 'X_test', 'log_plots_param', 'pipeline', 'memory', 'target_param', 'is_multiclass', 'X_train', 'data', 'fold_groups_param', 'y_test', 'fix_imbalance', 'fold_shuffle_param', '_available_plots'}
2024-08-30 22:00:26,594:INFO:Checking environment
2024-08-30 22:00:26,594:INFO:python_version: 3.11.4
2024-08-30 22:00:26,594:INFO:python_build: ('tags/v3.11.4:d2340ef', 'Jun  7 2023 05:45:37')
2024-08-30 22:00:26,595:INFO:machine: AMD64
2024-08-30 22:00:26,620:INFO:platform: Windows-10-10.0.22631-SP0
2024-08-30 22:00:26,625:INFO:Memory: svmem(total=16520773632, available=7663706112, percent=53.6, used=8857067520, free=7663706112)
2024-08-30 22:00:26,625:INFO:Physical Core: 8
2024-08-30 22:00:26,625:INFO:Logical Core: 16
2024-08-30 22:00:26,625:INFO:Checking libraries
2024-08-30 22:00:26,625:INFO:System:
2024-08-30 22:00:26,625:INFO:    python: 3.11.4 (tags/v3.11.4:d2340ef, Jun  7 2023, 05:45:37) [MSC v.1934 64 bit (AMD64)]
2024-08-30 22:00:26,625:INFO:executable: C:\Users\surya\AppData\Local\Programs\Python\Python311\python.exe
2024-08-30 22:00:26,625:INFO:   machine: Windows-10-10.0.22631-SP0
2024-08-30 22:00:26,625:INFO:PyCaret required dependencies:
2024-08-30 22:00:26,718:INFO:                 pip: 23.1.2
2024-08-30 22:00:26,718:INFO:          setuptools: 65.5.0
2024-08-30 22:00:26,718:INFO:             pycaret: 3.3.2
2024-08-30 22:00:26,718:INFO:             IPython: 8.14.0
2024-08-30 22:00:26,718:INFO:          ipywidgets: 8.1.5
2024-08-30 22:00:26,718:INFO:                tqdm: 4.66.5
2024-08-30 22:00:26,718:INFO:               numpy: 1.26.4
2024-08-30 22:00:26,718:INFO:              pandas: 2.1.4
2024-08-30 22:00:26,718:INFO:              jinja2: 3.1.2
2024-08-30 22:00:26,718:INFO:               scipy: 1.11.4
2024-08-30 22:00:26,718:INFO:              joblib: 1.3.2
2024-08-30 22:00:26,718:INFO:             sklearn: 1.4.2
2024-08-30 22:00:26,718:INFO:                pyod: 2.0.1
2024-08-30 22:00:26,718:INFO:            imblearn: 0.12.3
2024-08-30 22:00:26,718:INFO:   category_encoders: 2.6.3
2024-08-30 22:00:26,718:INFO:            lightgbm: 4.5.0
2024-08-30 22:00:26,718:INFO:               numba: 0.60.0
2024-08-30 22:00:26,718:INFO:            requests: 2.31.0
2024-08-30 22:00:26,718:INFO:          matplotlib: 3.7.5
2024-08-30 22:00:26,718:INFO:          scikitplot: 0.3.7
2024-08-30 22:00:26,718:INFO:         yellowbrick: 1.5
2024-08-30 22:00:26,719:INFO:              plotly: 5.24.0
2024-08-30 22:00:26,719:INFO:    plotly-resampler: Not installed
2024-08-30 22:00:26,719:INFO:             kaleido: 0.2.1
2024-08-30 22:00:26,719:INFO:           schemdraw: 0.15
2024-08-30 22:00:26,719:INFO:         statsmodels: 0.14.2
2024-08-30 22:00:26,719:INFO:              sktime: 0.26.0
2024-08-30 22:00:26,719:INFO:               tbats: 1.1.3
2024-08-30 22:00:26,719:INFO:            pmdarima: 2.0.4
2024-08-30 22:00:26,719:INFO:              psutil: 5.9.5
2024-08-30 22:00:26,719:INFO:          markupsafe: 2.1.3
2024-08-30 22:00:26,719:INFO:             pickle5: Not installed
2024-08-30 22:00:26,719:INFO:         cloudpickle: 3.0.0
2024-08-30 22:00:26,719:INFO:         deprecation: 2.1.0
2024-08-30 22:00:26,719:INFO:              xxhash: 3.5.0
2024-08-30 22:00:26,719:INFO:           wurlitzer: Not installed
2024-08-30 22:00:26,719:INFO:PyCaret optional dependencies:
2024-08-30 22:00:26,730:INFO:                shap: Not installed
2024-08-30 22:00:26,730:INFO:           interpret: Not installed
2024-08-30 22:00:26,731:INFO:                umap: Not installed
2024-08-30 22:00:26,731:INFO:     ydata_profiling: Not installed
2024-08-30 22:00:26,731:INFO:  explainerdashboard: Not installed
2024-08-30 22:00:26,731:INFO:             autoviz: Not installed
2024-08-30 22:00:26,731:INFO:           fairlearn: Not installed
2024-08-30 22:00:26,731:INFO:          deepchecks: Not installed
2024-08-30 22:00:26,731:INFO:             xgboost: Not installed
2024-08-30 22:00:26,731:INFO:            catboost: Not installed
2024-08-30 22:00:26,731:INFO:              kmodes: Not installed
2024-08-30 22:00:26,731:INFO:             mlxtend: 0.23.1
2024-08-30 22:00:26,731:INFO:       statsforecast: Not installed
2024-08-30 22:00:26,731:INFO:        tune_sklearn: Not installed
2024-08-30 22:00:26,731:INFO:                 ray: Not installed
2024-08-30 22:00:26,731:INFO:            hyperopt: Not installed
2024-08-30 22:00:26,731:INFO:              optuna: Not installed
2024-08-30 22:00:26,731:INFO:               skopt: Not installed
2024-08-30 22:00:26,731:INFO:              mlflow: Not installed
2024-08-30 22:00:26,731:INFO:              gradio: Not installed
2024-08-30 22:00:26,731:INFO:             fastapi: Not installed
2024-08-30 22:00:26,731:INFO:             uvicorn: Not installed
2024-08-30 22:00:26,731:INFO:              m2cgen: Not installed
2024-08-30 22:00:26,731:INFO:           evidently: Not installed
2024-08-30 22:00:26,731:INFO:               fugue: Not installed
2024-08-30 22:00:26,731:INFO:           streamlit: Not installed
2024-08-30 22:00:26,731:INFO:             prophet: Not installed
2024-08-30 22:00:26,731:INFO:None
2024-08-30 22:00:26,732:INFO:Set up data.
2024-08-30 22:00:26,739:INFO:Set up folding strategy.
2024-08-30 22:00:26,739:INFO:Set up train/test split.
2024-08-30 22:00:26,762:INFO:Set up index.
2024-08-30 22:00:26,763:INFO:Assigning column types.
2024-08-30 22:00:26,768:INFO:Engine successfully changes for model 'lr' to 'sklearn'.
2024-08-30 22:00:26,818:INFO:Engine for model 'knn' has not been set explicitly, hence returning None.
2024-08-30 22:00:26,829:INFO:Engine for model 'rbfsvm' has not been set explicitly, hence returning None.
2024-08-30 22:00:26,892:WARNING:
'xgboost' is a soft dependency and not included in the pycaret installation. Please run: `pip install xgboost` to install.
Alternately, you can install this by running `pip install pycaret[models]`
2024-08-30 22:00:26,892:WARNING:
'catboost' is a soft dependency and not included in the pycaret installation. Please run: `pip install catboost` to install.
Alternately, you can install this by running `pip install pycaret[models]`
2024-08-30 22:00:26,943:INFO:Engine for model 'knn' has not been set explicitly, hence returning None.
2024-08-30 22:00:26,943:INFO:Engine for model 'rbfsvm' has not been set explicitly, hence returning None.
2024-08-30 22:00:26,974:WARNING:
'xgboost' is a soft dependency and not included in the pycaret installation. Please run: `pip install xgboost` to install.
Alternately, you can install this by running `pip install pycaret[models]`
2024-08-30 22:00:26,975:WARNING:
'catboost' is a soft dependency and not included in the pycaret installation. Please run: `pip install catboost` to install.
Alternately, you can install this by running `pip install pycaret[models]`
2024-08-30 22:00:26,975:INFO:Engine successfully changes for model 'knn' to 'sklearn'.
2024-08-30 22:00:27,026:INFO:Engine for model 'rbfsvm' has not been set explicitly, hence returning None.
2024-08-30 22:00:27,057:WARNING:
'xgboost' is a soft dependency and not included in the pycaret installation. Please run: `pip install xgboost` to install.
Alternately, you can install this by running `pip install pycaret[models]`
2024-08-30 22:00:27,057:WARNING:
'catboost' is a soft dependency and not included in the pycaret installation. Please run: `pip install catboost` to install.
Alternately, you can install this by running `pip install pycaret[models]`
2024-08-30 22:00:27,108:INFO:Engine for model 'rbfsvm' has not been set explicitly, hence returning None.
2024-08-30 22:00:27,140:WARNING:
'xgboost' is a soft dependency and not included in the pycaret installation. Please run: `pip install xgboost` to install.
Alternately, you can install this by running `pip install pycaret[models]`
2024-08-30 22:00:27,140:WARNING:
'catboost' is a soft dependency and not included in the pycaret installation. Please run: `pip install catboost` to install.
Alternately, you can install this by running `pip install pycaret[models]`
2024-08-30 22:00:27,140:INFO:Engine successfully changes for model 'rbfsvm' to 'sklearn'.
2024-08-30 22:00:27,223:WARNING:
'xgboost' is a soft dependency and not included in the pycaret installation. Please run: `pip install xgboost` to install.
Alternately, you can install this by running `pip install pycaret[models]`
2024-08-30 22:00:27,223:WARNING:
'catboost' is a soft dependency and not included in the pycaret installation. Please run: `pip install catboost` to install.
Alternately, you can install this by running `pip install pycaret[models]`
2024-08-30 22:00:27,305:WARNING:
'xgboost' is a soft dependency and not included in the pycaret installation. Please run: `pip install xgboost` to install.
Alternately, you can install this by running `pip install pycaret[models]`
2024-08-30 22:00:27,306:WARNING:
'catboost' is a soft dependency and not included in the pycaret installation. Please run: `pip install catboost` to install.
Alternately, you can install this by running `pip install pycaret[models]`
2024-08-30 22:00:27,307:INFO:Preparing preprocessing pipeline...
2024-08-30 22:00:27,309:INFO:Set up label encoding.
2024-08-30 22:00:27,309:INFO:Set up simple imputation.
2024-08-30 22:00:27,310:INFO:Set up column name cleaning.
2024-08-30 22:00:27,342:INFO:Finished creating preprocessing pipeline.
2024-08-30 22:00:27,351:INFO:Pipeline: Pipeline(memory=FastMemory(location=C:\Users\surya\AppData\Local\Temp\joblib),
         steps=[('label_encoding',
                 TransformerWrapperWithInverse(exclude=None, include=None,
                                               transformer=LabelEncoder())),
                ('numerical_imputer',
                 TransformerWrapper(exclude=None,
                                    include=['radius_mean', 'texture_mean',
                                             'perimeter_mean', 'area_mean',
                                             'smoothness_mean',
                                             'compactness_mean',
                                             'conc...
                ('categorical_imputer',
                 TransformerWrapper(exclude=None, include=[],
                                    transformer=SimpleImputer(add_indicator=False,
                                                              copy=True,
                                                              fill_value=None,
                                                              keep_empty_features=False,
                                                              missing_values=nan,
                                                              strategy='most_frequent'))),
                ('clean_column_names',
                 TransformerWrapper(exclude=None, include=None,
                                    transformer=CleanColumnNames(match='[\\]\\[\\,\\{\\}\\"\\:]+')))],
         verbose=False)
2024-08-30 22:00:27,351:INFO:Creating final display dataframe.
2024-08-30 22:00:27,460:INFO:Setup _display_container:                     Description             Value
0                    Session id              5476
1                        Target         diagnosis
2                   Target type            Binary
3                Target mapping        B: 0, M: 1
4           Original data shape         (569, 31)
5        Transformed data shape         (569, 31)
6   Transformed train set shape         (398, 31)
7    Transformed test set shape         (171, 31)
8              Numeric features                30
9                    Preprocess              True
10              Imputation type            simple
11           Numeric imputation              mean
12       Categorical imputation              mode
13               Fold Generator   StratifiedKFold
14                  Fold Number                10
15                     CPU Jobs                -1
16                      Use GPU             False
17               Log Experiment             False
18              Experiment Name  clf-default-name
19                          USI              5865
2024-08-30 22:00:27,550:WARNING:
'xgboost' is a soft dependency and not included in the pycaret installation. Please run: `pip install xgboost` to install.
Alternately, you can install this by running `pip install pycaret[models]`
2024-08-30 22:00:27,550:WARNING:
'catboost' is a soft dependency and not included in the pycaret installation. Please run: `pip install catboost` to install.
Alternately, you can install this by running `pip install pycaret[models]`
2024-08-30 22:00:27,631:WARNING:
'xgboost' is a soft dependency and not included in the pycaret installation. Please run: `pip install xgboost` to install.
Alternately, you can install this by running `pip install pycaret[models]`
2024-08-30 22:00:27,632:WARNING:
'catboost' is a soft dependency and not included in the pycaret installation. Please run: `pip install catboost` to install.
Alternately, you can install this by running `pip install pycaret[models]`
2024-08-30 22:00:27,633:INFO:setup() successfully completed in 1.04s...............
2024-08-30 22:00:27,633:INFO:Initializing create_model()
2024-08-30 22:00:27,633:INFO:create_model(self=<pycaret.classification.oop.ClassificationExperiment object at 0x000001C16F5164D0>, estimator=ada, fold=None, round=4, cross_validation=True, predict=True, fit_kwargs=None, groups=None, refit=True, probability_threshold=None, experiment_custom_tags=None, verbose=True, system=True, add_to_model_list=True, metrics=None, display=None, model_only=True, return_train_score=False, error_score=0.0, kwargs={})
2024-08-30 22:00:27,633:INFO:Checking exceptions
2024-08-30 22:00:27,636:INFO:Importing libraries
2024-08-30 22:00:27,636:INFO:Copying training dataset
2024-08-30 22:00:27,641:INFO:Defining folds
2024-08-30 22:00:27,641:INFO:Declaring metric variables
2024-08-30 22:00:27,641:INFO:Importing untrained model
2024-08-30 22:00:27,642:INFO:Ada Boost Classifier Imported successfully
2024-08-30 22:00:27,642:INFO:Starting cross validation
2024-08-30 22:00:27,643:INFO:Cross validating with StratifiedKFold(n_splits=10, random_state=None, shuffle=False), n_jobs=-1
2024-08-30 22:00:31,176:WARNING:C:\Users\surya\AppData\Local\Programs\Python\Python311\Lib\site-packages\sklearn\ensemble\_weight_boosting.py:519: FutureWarning: The SAMME.R algorithm (the default) is deprecated and will be removed in 1.6. Use the SAMME algorithm to circumvent this warning.
  warnings.warn(

2024-08-30 22:00:31,214:WARNING:C:\Users\surya\AppData\Local\Programs\Python\Python311\Lib\site-packages\sklearn\ensemble\_weight_boosting.py:519: FutureWarning: The SAMME.R algorithm (the default) is deprecated and will be removed in 1.6. Use the SAMME algorithm to circumvent this warning.
  warnings.warn(

2024-08-30 22:00:31,227:WARNING:C:\Users\surya\AppData\Local\Programs\Python\Python311\Lib\site-packages\sklearn\ensemble\_weight_boosting.py:519: FutureWarning: The SAMME.R algorithm (the default) is deprecated and will be removed in 1.6. Use the SAMME algorithm to circumvent this warning.
  warnings.warn(

2024-08-30 22:00:31,265:WARNING:C:\Users\surya\AppData\Local\Programs\Python\Python311\Lib\site-packages\sklearn\ensemble\_weight_boosting.py:519: FutureWarning: The SAMME.R algorithm (the default) is deprecated and will be removed in 1.6. Use the SAMME algorithm to circumvent this warning.
  warnings.warn(

2024-08-30 22:00:31,281:WARNING:C:\Users\surya\AppData\Local\Programs\Python\Python311\Lib\site-packages\sklearn\ensemble\_weight_boosting.py:519: FutureWarning: The SAMME.R algorithm (the default) is deprecated and will be removed in 1.6. Use the SAMME algorithm to circumvent this warning.
  warnings.warn(

2024-08-30 22:00:31,285:WARNING:C:\Users\surya\AppData\Local\Programs\Python\Python311\Lib\site-packages\sklearn\ensemble\_weight_boosting.py:519: FutureWarning: The SAMME.R algorithm (the default) is deprecated and will be removed in 1.6. Use the SAMME algorithm to circumvent this warning.
  warnings.warn(

2024-08-30 22:00:31,307:WARNING:C:\Users\surya\AppData\Local\Programs\Python\Python311\Lib\site-packages\sklearn\ensemble\_weight_boosting.py:519: FutureWarning: The SAMME.R algorithm (the default) is deprecated and will be removed in 1.6. Use the SAMME algorithm to circumvent this warning.
  warnings.warn(

2024-08-30 22:00:31,322:WARNING:C:\Users\surya\AppData\Local\Programs\Python\Python311\Lib\site-packages\sklearn\ensemble\_weight_boosting.py:519: FutureWarning: The SAMME.R algorithm (the default) is deprecated and will be removed in 1.6. Use the SAMME algorithm to circumvent this warning.
  warnings.warn(

2024-08-30 22:00:31,323:WARNING:C:\Users\surya\AppData\Local\Programs\Python\Python311\Lib\site-packages\sklearn\ensemble\_weight_boosting.py:519: FutureWarning: The SAMME.R algorithm (the default) is deprecated and will be removed in 1.6. Use the SAMME algorithm to circumvent this warning.
  warnings.warn(

2024-08-30 22:00:31,328:WARNING:C:\Users\surya\AppData\Local\Programs\Python\Python311\Lib\site-packages\sklearn\ensemble\_weight_boosting.py:519: FutureWarning: The SAMME.R algorithm (the default) is deprecated and will be removed in 1.6. Use the SAMME algorithm to circumvent this warning.
  warnings.warn(

2024-08-30 22:00:31,411:WARNING:C:\Users\surya\AppData\Local\Programs\Python\Python311\Lib\site-packages\sklearn\metrics\_classification.py:1561: UserWarning: Note that pos_label (set to 'M') is ignored when average != 'binary' (got 'weighted'). You may use labels=[pos_label] to specify a single positive class.
  warnings.warn(

2024-08-30 22:00:31,415:WARNING:C:\Users\surya\AppData\Local\Programs\Python\Python311\Lib\site-packages\sklearn\metrics\_classification.py:1561: UserWarning: Note that pos_label (set to 'M') is ignored when average != 'binary' (got 'weighted'). You may use labels=[pos_label] to specify a single positive class.
  warnings.warn(

2024-08-30 22:00:31,419:WARNING:C:\Users\surya\AppData\Local\Programs\Python\Python311\Lib\site-packages\sklearn\metrics\_classification.py:1561: UserWarning: Note that pos_label (set to 'M') is ignored when average != 'binary' (got 'weighted'). You may use labels=[pos_label] to specify a single positive class.
  warnings.warn(

2024-08-30 22:00:31,434:WARNING:C:\Users\surya\AppData\Local\Programs\Python\Python311\Lib\site-packages\sklearn\metrics\_classification.py:1561: UserWarning: Note that pos_label (set to 'M') is ignored when average != 'binary' (got 'weighted'). You may use labels=[pos_label] to specify a single positive class.
  warnings.warn(

2024-08-30 22:00:31,439:WARNING:C:\Users\surya\AppData\Local\Programs\Python\Python311\Lib\site-packages\sklearn\metrics\_classification.py:1561: UserWarning: Note that pos_label (set to 'M') is ignored when average != 'binary' (got 'weighted'). You may use labels=[pos_label] to specify a single positive class.
  warnings.warn(

2024-08-30 22:00:31,444:WARNING:C:\Users\surya\AppData\Local\Programs\Python\Python311\Lib\site-packages\sklearn\metrics\_classification.py:1561: UserWarning: Note that pos_label (set to 'M') is ignored when average != 'binary' (got 'weighted'). You may use labels=[pos_label] to specify a single positive class.
  warnings.warn(

2024-08-30 22:00:31,451:WARNING:C:\Users\surya\AppData\Local\Programs\Python\Python311\Lib\site-packages\sklearn\metrics\_classification.py:1561: UserWarning: Note that pos_label (set to 'M') is ignored when average != 'binary' (got 'weighted'). You may use labels=[pos_label] to specify a single positive class.
  warnings.warn(

2024-08-30 22:00:31,457:WARNING:C:\Users\surya\AppData\Local\Programs\Python\Python311\Lib\site-packages\sklearn\metrics\_classification.py:1561: UserWarning: Note that pos_label (set to 'M') is ignored when average != 'binary' (got 'weighted'). You may use labels=[pos_label] to specify a single positive class.
  warnings.warn(

2024-08-30 22:00:31,461:WARNING:C:\Users\surya\AppData\Local\Programs\Python\Python311\Lib\site-packages\sklearn\metrics\_classification.py:1561: UserWarning: Note that pos_label (set to 'M') is ignored when average != 'binary' (got 'weighted'). You may use labels=[pos_label] to specify a single positive class.
  warnings.warn(

2024-08-30 22:00:31,470:WARNING:C:\Users\surya\AppData\Local\Programs\Python\Python311\Lib\site-packages\sklearn\metrics\_classification.py:1561: UserWarning: Note that pos_label (set to 'M') is ignored when average != 'binary' (got 'weighted'). You may use labels=[pos_label] to specify a single positive class.
  warnings.warn(

2024-08-30 22:00:31,475:WARNING:C:\Users\surya\AppData\Local\Programs\Python\Python311\Lib\site-packages\sklearn\metrics\_classification.py:1561: UserWarning: Note that pos_label (set to 'M') is ignored when average != 'binary' (got 'weighted'). You may use labels=[pos_label] to specify a single positive class.
  warnings.warn(

2024-08-30 22:00:31,478:WARNING:C:\Users\surya\AppData\Local\Programs\Python\Python311\Lib\site-packages\sklearn\metrics\_classification.py:1561: UserWarning: Note that pos_label (set to 'M') is ignored when average != 'binary' (got 'weighted'). You may use labels=[pos_label] to specify a single positive class.
  warnings.warn(

2024-08-30 22:00:31,481:WARNING:C:\Users\surya\AppData\Local\Programs\Python\Python311\Lib\site-packages\sklearn\metrics\_classification.py:1561: UserWarning: Note that pos_label (set to 'M') is ignored when average != 'binary' (got 'weighted'). You may use labels=[pos_label] to specify a single positive class.
  warnings.warn(

2024-08-30 22:00:31,485:WARNING:C:\Users\surya\AppData\Local\Programs\Python\Python311\Lib\site-packages\sklearn\metrics\_classification.py:1561: UserWarning: Note that pos_label (set to 'M') is ignored when average != 'binary' (got 'weighted'). You may use labels=[pos_label] to specify a single positive class.
  warnings.warn(

2024-08-30 22:00:31,490:WARNING:C:\Users\surya\AppData\Local\Programs\Python\Python311\Lib\site-packages\sklearn\metrics\_classification.py:1561: UserWarning: Note that pos_label (set to 'M') is ignored when average != 'binary' (got 'weighted'). You may use labels=[pos_label] to specify a single positive class.
  warnings.warn(

2024-08-30 22:00:31,519:WARNING:C:\Users\surya\AppData\Local\Programs\Python\Python311\Lib\site-packages\sklearn\metrics\_classification.py:1561: UserWarning: Note that pos_label (set to 'M') is ignored when average != 'binary' (got 'weighted'). You may use labels=[pos_label] to specify a single positive class.
  warnings.warn(

2024-08-30 22:00:31,522:WARNING:C:\Users\surya\AppData\Local\Programs\Python\Python311\Lib\site-packages\sklearn\metrics\_classification.py:1561: UserWarning: Note that pos_label (set to 'M') is ignored when average != 'binary' (got 'weighted'). You may use labels=[pos_label] to specify a single positive class.
  warnings.warn(

2024-08-30 22:00:31,525:WARNING:C:\Users\surya\AppData\Local\Programs\Python\Python311\Lib\site-packages\sklearn\metrics\_classification.py:1561: UserWarning: Note that pos_label (set to 'M') is ignored when average != 'binary' (got 'weighted'). You may use labels=[pos_label] to specify a single positive class.
  warnings.warn(

2024-08-30 22:00:31,544:WARNING:C:\Users\surya\AppData\Local\Programs\Python\Python311\Lib\site-packages\sklearn\metrics\_classification.py:1561: UserWarning: Note that pos_label (set to 'M') is ignored when average != 'binary' (got 'weighted'). You may use labels=[pos_label] to specify a single positive class.
  warnings.warn(

2024-08-30 22:00:31,545:WARNING:C:\Users\surya\AppData\Local\Programs\Python\Python311\Lib\site-packages\sklearn\metrics\_classification.py:1561: UserWarning: Note that pos_label (set to 'M') is ignored when average != 'binary' (got 'weighted'). You may use labels=[pos_label] to specify a single positive class.
  warnings.warn(

2024-08-30 22:00:31,546:WARNING:C:\Users\surya\AppData\Local\Programs\Python\Python311\Lib\site-packages\sklearn\metrics\_classification.py:1561: UserWarning: Note that pos_label (set to 'M') is ignored when average != 'binary' (got 'weighted'). You may use labels=[pos_label] to specify a single positive class.
  warnings.warn(

2024-08-30 22:00:31,547:WARNING:C:\Users\surya\AppData\Local\Programs\Python\Python311\Lib\site-packages\sklearn\metrics\_classification.py:1561: UserWarning: Note that pos_label (set to 'M') is ignored when average != 'binary' (got 'weighted'). You may use labels=[pos_label] to specify a single positive class.
  warnings.warn(

2024-08-30 22:00:31,549:WARNING:C:\Users\surya\AppData\Local\Programs\Python\Python311\Lib\site-packages\sklearn\metrics\_classification.py:1561: UserWarning: Note that pos_label (set to 'M') is ignored when average != 'binary' (got 'weighted'). You may use labels=[pos_label] to specify a single positive class.
  warnings.warn(

2024-08-30 22:00:31,551:WARNING:C:\Users\surya\AppData\Local\Programs\Python\Python311\Lib\site-packages\sklearn\metrics\_classification.py:1561: UserWarning: Note that pos_label (set to 'M') is ignored when average != 'binary' (got 'weighted'). You may use labels=[pos_label] to specify a single positive class.
  warnings.warn(

2024-08-30 22:00:31,551:WARNING:C:\Users\surya\AppData\Local\Programs\Python\Python311\Lib\site-packages\sklearn\metrics\_classification.py:1561: UserWarning: Note that pos_label (set to 'M') is ignored when average != 'binary' (got 'weighted'). You may use labels=[pos_label] to specify a single positive class.
  warnings.warn(

2024-08-30 22:00:31,553:WARNING:C:\Users\surya\AppData\Local\Programs\Python\Python311\Lib\site-packages\sklearn\metrics\_classification.py:1561: UserWarning: Note that pos_label (set to 'M') is ignored when average != 'binary' (got 'weighted'). You may use labels=[pos_label] to specify a single positive class.
  warnings.warn(

2024-08-30 22:00:31,555:WARNING:C:\Users\surya\AppData\Local\Programs\Python\Python311\Lib\site-packages\sklearn\metrics\_classification.py:1561: UserWarning: Note that pos_label (set to 'M') is ignored when average != 'binary' (got 'weighted'). You may use labels=[pos_label] to specify a single positive class.
  warnings.warn(

2024-08-30 22:00:31,557:WARNING:C:\Users\surya\AppData\Local\Programs\Python\Python311\Lib\site-packages\sklearn\metrics\_classification.py:1561: UserWarning: Note that pos_label (set to 'M') is ignored when average != 'binary' (got 'weighted'). You may use labels=[pos_label] to specify a single positive class.
  warnings.warn(

2024-08-30 22:00:31,559:WARNING:C:\Users\surya\AppData\Local\Programs\Python\Python311\Lib\site-packages\sklearn\metrics\_classification.py:1561: UserWarning: Note that pos_label (set to 'M') is ignored when average != 'binary' (got 'weighted'). You may use labels=[pos_label] to specify a single positive class.
  warnings.warn(

2024-08-30 22:00:31,560:WARNING:C:\Users\surya\AppData\Local\Programs\Python\Python311\Lib\site-packages\sklearn\metrics\_classification.py:1561: UserWarning: Note that pos_label (set to 'M') is ignored when average != 'binary' (got 'weighted'). You may use labels=[pos_label] to specify a single positive class.
  warnings.warn(

2024-08-30 22:00:31,568:INFO:Calculating mean and std
2024-08-30 22:00:31,569:INFO:Creating metrics dataframe
2024-08-30 22:00:31,572:INFO:Finalizing model
2024-08-30 22:00:31,737:INFO:Uploading results into container
2024-08-30 22:00:31,737:INFO:Uploading model into container now
2024-08-30 22:00:31,747:INFO:_master_model_container: 1
2024-08-30 22:00:31,747:INFO:_display_container: 2
2024-08-30 22:00:31,749:INFO:AdaBoostClassifier(algorithm='SAMME.R', estimator=None, learning_rate=1.0,
                   n_estimators=50, random_state=5476)
2024-08-30 22:00:31,749:INFO:create_model() successfully completed......................................
2024-08-30 22:00:31,835:INFO:Initializing tune_model()
2024-08-30 22:00:31,835:INFO:tune_model(self=<pycaret.classification.oop.ClassificationExperiment object at 0x000001C16F5164D0>, estimator=AdaBoostClassifier(algorithm='SAMME.R', estimator=None, learning_rate=1.0,
                   n_estimators=50, random_state=5476), fold=None, round=4, n_iter=10, custom_grid=None, optimize=Accuracy, custom_scorer=None, search_library=scikit-learn, search_algorithm=None, early_stopping=False, early_stopping_max_iters=10, choose_better=True, fit_kwargs=None, groups=None, return_tuner=False, verbose=True, tuner_verbose=True, return_train_score=False, kwargs={})
2024-08-30 22:00:31,835:INFO:Checking exceptions
2024-08-30 22:00:31,840:INFO:Copying training dataset
2024-08-30 22:00:31,845:INFO:Checking base model
2024-08-30 22:00:31,845:INFO:Base model : Ada Boost Classifier
2024-08-30 22:00:31,845:INFO:Declaring metric variables
2024-08-30 22:00:31,846:INFO:Defining Hyperparameters
2024-08-30 22:00:31,927:INFO:Tuning with n_jobs=-1
2024-08-30 22:00:31,928:INFO:Initializing RandomizedSearchCV
2024-08-30 22:00:38,790:INFO:best_params: {'actual_estimator__n_estimators': 170, 'actual_estimator__learning_rate': 0.5, 'actual_estimator__algorithm': 'SAMME'}
2024-08-30 22:00:38,791:INFO:Hyperparameter search completed
2024-08-30 22:00:38,791:INFO:SubProcess create_model() called ==================================
2024-08-30 22:00:38,792:INFO:Initializing create_model()
2024-08-30 22:00:38,792:INFO:create_model(self=<pycaret.classification.oop.ClassificationExperiment object at 0x000001C16F5164D0>, estimator=AdaBoostClassifier(algorithm='SAMME.R', estimator=None, learning_rate=1.0,
                   n_estimators=50, random_state=5476), fold=StratifiedKFold(n_splits=10, random_state=None, shuffle=False), round=4, cross_validation=True, predict=True, fit_kwargs={}, groups=None, refit=True, probability_threshold=None, experiment_custom_tags=None, verbose=True, system=False, add_to_model_list=True, metrics=None, display=<pycaret.internal.display.display.CommonDisplay object at 0x000001C16A2C37D0>, model_only=True, return_train_score=False, error_score=0.0, kwargs={'n_estimators': 170, 'learning_rate': 0.5, 'algorithm': 'SAMME'})
2024-08-30 22:00:38,792:INFO:Checking exceptions
2024-08-30 22:00:38,792:INFO:Importing libraries
2024-08-30 22:00:38,792:INFO:Copying training dataset
2024-08-30 22:00:38,798:INFO:Defining folds
2024-08-30 22:00:38,798:INFO:Declaring metric variables
2024-08-30 22:00:38,798:INFO:Importing untrained model
2024-08-30 22:00:38,798:INFO:Declaring custom model
2024-08-30 22:00:38,798:INFO:Ada Boost Classifier Imported successfully
2024-08-30 22:00:38,798:INFO:Starting cross validation
2024-08-30 22:00:38,799:INFO:Cross validating with StratifiedKFold(n_splits=10, random_state=None, shuffle=False), n_jobs=-1
2024-08-30 22:00:39,390:WARNING:C:\Users\surya\AppData\Local\Programs\Python\Python311\Lib\site-packages\sklearn\metrics\_classification.py:1561: UserWarning: Note that pos_label (set to 'M') is ignored when average != 'binary' (got 'weighted'). You may use labels=[pos_label] to specify a single positive class.
  warnings.warn(

2024-08-30 22:00:39,393:WARNING:C:\Users\surya\AppData\Local\Programs\Python\Python311\Lib\site-packages\sklearn\metrics\_classification.py:1561: UserWarning: Note that pos_label (set to 'M') is ignored when average != 'binary' (got 'weighted'). You may use labels=[pos_label] to specify a single positive class.
  warnings.warn(

2024-08-30 22:00:39,396:WARNING:C:\Users\surya\AppData\Local\Programs\Python\Python311\Lib\site-packages\sklearn\metrics\_classification.py:1561: UserWarning: Note that pos_label (set to 'M') is ignored when average != 'binary' (got 'weighted'). You may use labels=[pos_label] to specify a single positive class.
  warnings.warn(

2024-08-30 22:00:39,437:WARNING:C:\Users\surya\AppData\Local\Programs\Python\Python311\Lib\site-packages\sklearn\metrics\_classification.py:1561: UserWarning: Note that pos_label (set to 'M') is ignored when average != 'binary' (got 'weighted'). You may use labels=[pos_label] to specify a single positive class.
  warnings.warn(

2024-08-30 22:00:39,441:WARNING:C:\Users\surya\AppData\Local\Programs\Python\Python311\Lib\site-packages\sklearn\metrics\_classification.py:1561: UserWarning: Note that pos_label (set to 'M') is ignored when average != 'binary' (got 'weighted'). You may use labels=[pos_label] to specify a single positive class.
  warnings.warn(

2024-08-30 22:00:39,444:WARNING:C:\Users\surya\AppData\Local\Programs\Python\Python311\Lib\site-packages\sklearn\metrics\_classification.py:1561: UserWarning: Note that pos_label (set to 'M') is ignored when average != 'binary' (got 'weighted'). You may use labels=[pos_label] to specify a single positive class.
  warnings.warn(

2024-08-30 22:00:39,455:WARNING:C:\Users\surya\AppData\Local\Programs\Python\Python311\Lib\site-packages\sklearn\metrics\_classification.py:1561: UserWarning: Note that pos_label (set to 'M') is ignored when average != 'binary' (got 'weighted'). You may use labels=[pos_label] to specify a single positive class.
  warnings.warn(

2024-08-30 22:00:39,455:WARNING:C:\Users\surya\AppData\Local\Programs\Python\Python311\Lib\site-packages\sklearn\metrics\_classification.py:1561: UserWarning: Note that pos_label (set to 'M') is ignored when average != 'binary' (got 'weighted'). You may use labels=[pos_label] to specify a single positive class.
  warnings.warn(

2024-08-30 22:00:39,458:WARNING:C:\Users\surya\AppData\Local\Programs\Python\Python311\Lib\site-packages\sklearn\metrics\_classification.py:1561: UserWarning: Note that pos_label (set to 'M') is ignored when average != 'binary' (got 'weighted'). You may use labels=[pos_label] to specify a single positive class.
  warnings.warn(

2024-08-30 22:00:39,460:WARNING:C:\Users\surya\AppData\Local\Programs\Python\Python311\Lib\site-packages\sklearn\metrics\_classification.py:1561: UserWarning: Note that pos_label (set to 'M') is ignored when average != 'binary' (got 'weighted'). You may use labels=[pos_label] to specify a single positive class.
  warnings.warn(

2024-08-30 22:00:39,460:WARNING:C:\Users\surya\AppData\Local\Programs\Python\Python311\Lib\site-packages\sklearn\metrics\_classification.py:1561: UserWarning: Note that pos_label (set to 'M') is ignored when average != 'binary' (got 'weighted'). You may use labels=[pos_label] to specify a single positive class.
  warnings.warn(

2024-08-30 22:00:39,460:WARNING:C:\Users\surya\AppData\Local\Programs\Python\Python311\Lib\site-packages\sklearn\metrics\_classification.py:1561: UserWarning: Note that pos_label (set to 'M') is ignored when average != 'binary' (got 'weighted'). You may use labels=[pos_label] to specify a single positive class.
  warnings.warn(

2024-08-30 22:00:39,464:WARNING:C:\Users\surya\AppData\Local\Programs\Python\Python311\Lib\site-packages\sklearn\metrics\_classification.py:1561: UserWarning: Note that pos_label (set to 'M') is ignored when average != 'binary' (got 'weighted'). You may use labels=[pos_label] to specify a single positive class.
  warnings.warn(

2024-08-30 22:00:39,465:WARNING:C:\Users\surya\AppData\Local\Programs\Python\Python311\Lib\site-packages\sklearn\metrics\_classification.py:1561: UserWarning: Note that pos_label (set to 'M') is ignored when average != 'binary' (got 'weighted'). You may use labels=[pos_label] to specify a single positive class.
  warnings.warn(

2024-08-30 22:00:39,466:WARNING:C:\Users\surya\AppData\Local\Programs\Python\Python311\Lib\site-packages\sklearn\metrics\_classification.py:1561: UserWarning: Note that pos_label (set to 'M') is ignored when average != 'binary' (got 'weighted'). You may use labels=[pos_label] to specify a single positive class.
  warnings.warn(

2024-08-30 22:00:39,467:WARNING:C:\Users\surya\AppData\Local\Programs\Python\Python311\Lib\site-packages\sklearn\metrics\_classification.py:1561: UserWarning: Note that pos_label (set to 'M') is ignored when average != 'binary' (got 'weighted'). You may use labels=[pos_label] to specify a single positive class.
  warnings.warn(

2024-08-30 22:00:39,467:WARNING:C:\Users\surya\AppData\Local\Programs\Python\Python311\Lib\site-packages\sklearn\metrics\_classification.py:1561: UserWarning: Note that pos_label (set to 'M') is ignored when average != 'binary' (got 'weighted'). You may use labels=[pos_label] to specify a single positive class.
  warnings.warn(

2024-08-30 22:00:39,469:WARNING:C:\Users\surya\AppData\Local\Programs\Python\Python311\Lib\site-packages\sklearn\metrics\_classification.py:1561: UserWarning: Note that pos_label (set to 'M') is ignored when average != 'binary' (got 'weighted'). You may use labels=[pos_label] to specify a single positive class.
  warnings.warn(

2024-08-30 22:00:39,470:WARNING:C:\Users\surya\AppData\Local\Programs\Python\Python311\Lib\site-packages\sklearn\metrics\_classification.py:1561: UserWarning: Note that pos_label (set to 'M') is ignored when average != 'binary' (got 'weighted'). You may use labels=[pos_label] to specify a single positive class.
  warnings.warn(

2024-08-30 22:00:39,472:WARNING:C:\Users\surya\AppData\Local\Programs\Python\Python311\Lib\site-packages\sklearn\metrics\_classification.py:1561: UserWarning: Note that pos_label (set to 'M') is ignored when average != 'binary' (got 'weighted'). You may use labels=[pos_label] to specify a single positive class.
  warnings.warn(

2024-08-30 22:00:39,473:WARNING:C:\Users\surya\AppData\Local\Programs\Python\Python311\Lib\site-packages\sklearn\metrics\_classification.py:1561: UserWarning: Note that pos_label (set to 'M') is ignored when average != 'binary' (got 'weighted'). You may use labels=[pos_label] to specify a single positive class.
  warnings.warn(

2024-08-30 22:00:39,493:WARNING:C:\Users\surya\AppData\Local\Programs\Python\Python311\Lib\site-packages\sklearn\metrics\_classification.py:1561: UserWarning: Note that pos_label (set to 'M') is ignored when average != 'binary' (got 'weighted'). You may use labels=[pos_label] to specify a single positive class.
  warnings.warn(

2024-08-30 22:00:39,496:WARNING:C:\Users\surya\AppData\Local\Programs\Python\Python311\Lib\site-packages\sklearn\metrics\_classification.py:1561: UserWarning: Note that pos_label (set to 'M') is ignored when average != 'binary' (got 'weighted'). You may use labels=[pos_label] to specify a single positive class.
  warnings.warn(

2024-08-30 22:00:39,496:WARNING:C:\Users\surya\AppData\Local\Programs\Python\Python311\Lib\site-packages\sklearn\metrics\_classification.py:1561: UserWarning: Note that pos_label (set to 'M') is ignored when average != 'binary' (got 'weighted'). You may use labels=[pos_label] to specify a single positive class.
  warnings.warn(

2024-08-30 22:00:39,498:WARNING:C:\Users\surya\AppData\Local\Programs\Python\Python311\Lib\site-packages\sklearn\metrics\_classification.py:1561: UserWarning: Note that pos_label (set to 'M') is ignored when average != 'binary' (got 'weighted'). You may use labels=[pos_label] to specify a single positive class.
  warnings.warn(

2024-08-30 22:00:39,499:WARNING:C:\Users\surya\AppData\Local\Programs\Python\Python311\Lib\site-packages\sklearn\metrics\_classification.py:1561: UserWarning: Note that pos_label (set to 'M') is ignored when average != 'binary' (got 'weighted'). You may use labels=[pos_label] to specify a single positive class.
  warnings.warn(

2024-08-30 22:00:39,501:WARNING:C:\Users\surya\AppData\Local\Programs\Python\Python311\Lib\site-packages\sklearn\metrics\_classification.py:1561: UserWarning: Note that pos_label (set to 'M') is ignored when average != 'binary' (got 'weighted'). You may use labels=[pos_label] to specify a single positive class.
  warnings.warn(

2024-08-30 22:00:39,502:WARNING:C:\Users\surya\AppData\Local\Programs\Python\Python311\Lib\site-packages\sklearn\metrics\_classification.py:1561: UserWarning: Note that pos_label (set to 'M') is ignored when average != 'binary' (got 'weighted'). You may use labels=[pos_label] to specify a single positive class.
  warnings.warn(

2024-08-30 22:00:39,504:WARNING:C:\Users\surya\AppData\Local\Programs\Python\Python311\Lib\site-packages\sklearn\metrics\_classification.py:1561: UserWarning: Note that pos_label (set to 'M') is ignored when average != 'binary' (got 'weighted'). You may use labels=[pos_label] to specify a single positive class.
  warnings.warn(

2024-08-30 22:00:39,506:WARNING:C:\Users\surya\AppData\Local\Programs\Python\Python311\Lib\site-packages\sklearn\metrics\_classification.py:1561: UserWarning: Note that pos_label (set to 'M') is ignored when average != 'binary' (got 'weighted'). You may use labels=[pos_label] to specify a single positive class.
  warnings.warn(

2024-08-30 22:00:39,514:INFO:Calculating mean and std
2024-08-30 22:00:39,516:INFO:Creating metrics dataframe
2024-08-30 22:00:39,519:INFO:Finalizing model
2024-08-30 22:00:39,876:INFO:Uploading results into container
2024-08-30 22:00:39,877:INFO:Uploading model into container now
2024-08-30 22:00:39,877:INFO:_master_model_container: 2
2024-08-30 22:00:39,877:INFO:_display_container: 3
2024-08-30 22:00:39,878:INFO:AdaBoostClassifier(algorithm='SAMME', estimator=None, learning_rate=0.5,
                   n_estimators=170, random_state=5476)
2024-08-30 22:00:39,878:INFO:create_model() successfully completed......................................
2024-08-30 22:00:39,957:INFO:SubProcess create_model() end ==================================
2024-08-30 22:00:39,957:INFO:choose_better activated
2024-08-30 22:00:39,957:INFO:SubProcess create_model() called ==================================
2024-08-30 22:00:39,957:INFO:Initializing create_model()
2024-08-30 22:00:39,957:INFO:create_model(self=<pycaret.classification.oop.ClassificationExperiment object at 0x000001C16F5164D0>, estimator=AdaBoostClassifier(algorithm='SAMME.R', estimator=None, learning_rate=1.0,
                   n_estimators=50, random_state=5476), fold=StratifiedKFold(n_splits=10, random_state=None, shuffle=False), round=4, cross_validation=True, predict=True, fit_kwargs={}, groups=None, refit=True, probability_threshold=None, experiment_custom_tags=None, verbose=False, system=False, add_to_model_list=True, metrics=None, display=None, model_only=True, return_train_score=False, error_score=0.0, kwargs={})
2024-08-30 22:00:39,957:INFO:Checking exceptions
2024-08-30 22:00:39,958:INFO:Importing libraries
2024-08-30 22:00:39,958:INFO:Copying training dataset
2024-08-30 22:00:39,962:INFO:Defining folds
2024-08-30 22:00:39,962:INFO:Declaring metric variables
2024-08-30 22:00:39,962:INFO:Importing untrained model
2024-08-30 22:00:39,962:INFO:Declaring custom model
2024-08-30 22:00:39,963:INFO:Ada Boost Classifier Imported successfully
2024-08-30 22:00:39,963:INFO:Starting cross validation
2024-08-30 22:00:39,963:INFO:Cross validating with StratifiedKFold(n_splits=10, random_state=None, shuffle=False), n_jobs=-1
2024-08-30 22:00:39,983:WARNING:C:\Users\surya\AppData\Local\Programs\Python\Python311\Lib\site-packages\sklearn\ensemble\_weight_boosting.py:519: FutureWarning: The SAMME.R algorithm (the default) is deprecated and will be removed in 1.6. Use the SAMME algorithm to circumvent this warning.
  warnings.warn(

2024-08-30 22:00:39,985:WARNING:C:\Users\surya\AppData\Local\Programs\Python\Python311\Lib\site-packages\sklearn\ensemble\_weight_boosting.py:519: FutureWarning: The SAMME.R algorithm (the default) is deprecated and will be removed in 1.6. Use the SAMME algorithm to circumvent this warning.
  warnings.warn(

2024-08-30 22:00:39,989:WARNING:C:\Users\surya\AppData\Local\Programs\Python\Python311\Lib\site-packages\sklearn\ensemble\_weight_boosting.py:519: FutureWarning: The SAMME.R algorithm (the default) is deprecated and will be removed in 1.6. Use the SAMME algorithm to circumvent this warning.
  warnings.warn(

2024-08-30 22:00:39,989:WARNING:C:\Users\surya\AppData\Local\Programs\Python\Python311\Lib\site-packages\sklearn\ensemble\_weight_boosting.py:519: FutureWarning: The SAMME.R algorithm (the default) is deprecated and will be removed in 1.6. Use the SAMME algorithm to circumvent this warning.
  warnings.warn(

2024-08-30 22:00:39,993:WARNING:C:\Users\surya\AppData\Local\Programs\Python\Python311\Lib\site-packages\sklearn\ensemble\_weight_boosting.py:519: FutureWarning: The SAMME.R algorithm (the default) is deprecated and will be removed in 1.6. Use the SAMME algorithm to circumvent this warning.
  warnings.warn(

2024-08-30 22:00:39,994:WARNING:C:\Users\surya\AppData\Local\Programs\Python\Python311\Lib\site-packages\sklearn\ensemble\_weight_boosting.py:519: FutureWarning: The SAMME.R algorithm (the default) is deprecated and will be removed in 1.6. Use the SAMME algorithm to circumvent this warning.
  warnings.warn(

2024-08-30 22:00:39,999:WARNING:C:\Users\surya\AppData\Local\Programs\Python\Python311\Lib\site-packages\sklearn\ensemble\_weight_boosting.py:519: FutureWarning: The SAMME.R algorithm (the default) is deprecated and will be removed in 1.6. Use the SAMME algorithm to circumvent this warning.
  warnings.warn(

2024-08-30 22:00:39,999:WARNING:C:\Users\surya\AppData\Local\Programs\Python\Python311\Lib\site-packages\sklearn\ensemble\_weight_boosting.py:519: FutureWarning: The SAMME.R algorithm (the default) is deprecated and will be removed in 1.6. Use the SAMME algorithm to circumvent this warning.
  warnings.warn(

2024-08-30 22:00:40,001:WARNING:C:\Users\surya\AppData\Local\Programs\Python\Python311\Lib\site-packages\sklearn\ensemble\_weight_boosting.py:519: FutureWarning: The SAMME.R algorithm (the default) is deprecated and will be removed in 1.6. Use the SAMME algorithm to circumvent this warning.
  warnings.warn(

2024-08-30 22:00:40,005:WARNING:C:\Users\surya\AppData\Local\Programs\Python\Python311\Lib\site-packages\sklearn\ensemble\_weight_boosting.py:519: FutureWarning: The SAMME.R algorithm (the default) is deprecated and will be removed in 1.6. Use the SAMME algorithm to circumvent this warning.
  warnings.warn(

2024-08-30 22:00:40,141:WARNING:C:\Users\surya\AppData\Local\Programs\Python\Python311\Lib\site-packages\sklearn\metrics\_classification.py:1561: UserWarning: Note that pos_label (set to 'M') is ignored when average != 'binary' (got 'weighted'). You may use labels=[pos_label] to specify a single positive class.
  warnings.warn(

2024-08-30 22:00:40,144:WARNING:C:\Users\surya\AppData\Local\Programs\Python\Python311\Lib\site-packages\sklearn\metrics\_classification.py:1561: UserWarning: Note that pos_label (set to 'M') is ignored when average != 'binary' (got 'weighted'). You may use labels=[pos_label] to specify a single positive class.
  warnings.warn(

2024-08-30 22:00:40,144:WARNING:C:\Users\surya\AppData\Local\Programs\Python\Python311\Lib\site-packages\sklearn\metrics\_classification.py:1561: UserWarning: Note that pos_label (set to 'M') is ignored when average != 'binary' (got 'weighted'). You may use labels=[pos_label] to specify a single positive class.
  warnings.warn(

2024-08-30 22:00:40,146:WARNING:C:\Users\surya\AppData\Local\Programs\Python\Python311\Lib\site-packages\sklearn\metrics\_classification.py:1561: UserWarning: Note that pos_label (set to 'M') is ignored when average != 'binary' (got 'weighted'). You may use labels=[pos_label] to specify a single positive class.
  warnings.warn(

2024-08-30 22:00:40,147:WARNING:C:\Users\surya\AppData\Local\Programs\Python\Python311\Lib\site-packages\sklearn\metrics\_classification.py:1561: UserWarning: Note that pos_label (set to 'M') is ignored when average != 'binary' (got 'weighted'). You may use labels=[pos_label] to specify a single positive class.
  warnings.warn(

2024-08-30 22:00:40,150:WARNING:C:\Users\surya\AppData\Local\Programs\Python\Python311\Lib\site-packages\sklearn\metrics\_classification.py:1561: UserWarning: Note that pos_label (set to 'M') is ignored when average != 'binary' (got 'weighted'). You may use labels=[pos_label] to specify a single positive class.
  warnings.warn(

2024-08-30 22:00:40,151:WARNING:C:\Users\surya\AppData\Local\Programs\Python\Python311\Lib\site-packages\sklearn\metrics\_classification.py:1561: UserWarning: Note that pos_label (set to 'M') is ignored when average != 'binary' (got 'weighted'). You may use labels=[pos_label] to specify a single positive class.
  warnings.warn(

2024-08-30 22:00:40,154:WARNING:C:\Users\surya\AppData\Local\Programs\Python\Python311\Lib\site-packages\sklearn\metrics\_classification.py:1561: UserWarning: Note that pos_label (set to 'M') is ignored when average != 'binary' (got 'weighted'). You may use labels=[pos_label] to specify a single positive class.
  warnings.warn(

2024-08-30 22:00:40,157:WARNING:C:\Users\surya\AppData\Local\Programs\Python\Python311\Lib\site-packages\sklearn\metrics\_classification.py:1561: UserWarning: Note that pos_label (set to 'M') is ignored when average != 'binary' (got 'weighted'). You may use labels=[pos_label] to specify a single positive class.
  warnings.warn(

2024-08-30 22:00:40,160:WARNING:C:\Users\surya\AppData\Local\Programs\Python\Python311\Lib\site-packages\sklearn\metrics\_classification.py:1561: UserWarning: Note that pos_label (set to 'M') is ignored when average != 'binary' (got 'weighted'). You may use labels=[pos_label] to specify a single positive class.
  warnings.warn(

2024-08-30 22:00:40,163:WARNING:C:\Users\surya\AppData\Local\Programs\Python\Python311\Lib\site-packages\sklearn\metrics\_classification.py:1561: UserWarning: Note that pos_label (set to 'M') is ignored when average != 'binary' (got 'weighted'). You may use labels=[pos_label] to specify a single positive class.
  warnings.warn(

2024-08-30 22:00:40,165:WARNING:C:\Users\surya\AppData\Local\Programs\Python\Python311\Lib\site-packages\sklearn\metrics\_classification.py:1561: UserWarning: Note that pos_label (set to 'M') is ignored when average != 'binary' (got 'weighted'). You may use labels=[pos_label] to specify a single positive class.
  warnings.warn(

2024-08-30 22:00:40,166:WARNING:C:\Users\surya\AppData\Local\Programs\Python\Python311\Lib\site-packages\sklearn\metrics\_classification.py:1561: UserWarning: Note that pos_label (set to 'M') is ignored when average != 'binary' (got 'weighted'). You may use labels=[pos_label] to specify a single positive class.
  warnings.warn(

2024-08-30 22:00:40,168:WARNING:C:\Users\surya\AppData\Local\Programs\Python\Python311\Lib\site-packages\sklearn\metrics\_classification.py:1561: UserWarning: Note that pos_label (set to 'M') is ignored when average != 'binary' (got 'weighted'). You may use labels=[pos_label] to specify a single positive class.
  warnings.warn(

2024-08-30 22:00:40,170:WARNING:C:\Users\surya\AppData\Local\Programs\Python\Python311\Lib\site-packages\sklearn\metrics\_classification.py:1561: UserWarning: Note that pos_label (set to 'M') is ignored when average != 'binary' (got 'weighted'). You may use labels=[pos_label] to specify a single positive class.
  warnings.warn(

2024-08-30 22:00:40,176:WARNING:C:\Users\surya\AppData\Local\Programs\Python\Python311\Lib\site-packages\sklearn\metrics\_classification.py:1561: UserWarning: Note that pos_label (set to 'M') is ignored when average != 'binary' (got 'weighted'). You may use labels=[pos_label] to specify a single positive class.
  warnings.warn(

2024-08-30 22:00:40,178:WARNING:C:\Users\surya\AppData\Local\Programs\Python\Python311\Lib\site-packages\sklearn\metrics\_classification.py:1561: UserWarning: Note that pos_label (set to 'M') is ignored when average != 'binary' (got 'weighted'). You may use labels=[pos_label] to specify a single positive class.
  warnings.warn(

2024-08-30 22:00:40,181:WARNING:C:\Users\surya\AppData\Local\Programs\Python\Python311\Lib\site-packages\sklearn\metrics\_classification.py:1561: UserWarning: Note that pos_label (set to 'M') is ignored when average != 'binary' (got 'weighted'). You may use labels=[pos_label] to specify a single positive class.
  warnings.warn(

2024-08-30 22:00:40,184:WARNING:C:\Users\surya\AppData\Local\Programs\Python\Python311\Lib\site-packages\sklearn\metrics\_classification.py:1561: UserWarning: Note that pos_label (set to 'M') is ignored when average != 'binary' (got 'weighted'). You may use labels=[pos_label] to specify a single positive class.
  warnings.warn(

2024-08-30 22:00:40,186:WARNING:C:\Users\surya\AppData\Local\Programs\Python\Python311\Lib\site-packages\sklearn\metrics\_classification.py:1561: UserWarning: Note that pos_label (set to 'M') is ignored when average != 'binary' (got 'weighted'). You may use labels=[pos_label] to specify a single positive class.
  warnings.warn(

2024-08-30 22:00:40,186:WARNING:C:\Users\surya\AppData\Local\Programs\Python\Python311\Lib\site-packages\sklearn\metrics\_classification.py:1561: UserWarning: Note that pos_label (set to 'M') is ignored when average != 'binary' (got 'weighted'). You may use labels=[pos_label] to specify a single positive class.
  warnings.warn(

2024-08-30 22:00:40,188:WARNING:C:\Users\surya\AppData\Local\Programs\Python\Python311\Lib\site-packages\sklearn\metrics\_classification.py:1561: UserWarning: Note that pos_label (set to 'M') is ignored when average != 'binary' (got 'weighted'). You may use labels=[pos_label] to specify a single positive class.
  warnings.warn(

2024-08-30 22:00:40,188:WARNING:C:\Users\surya\AppData\Local\Programs\Python\Python311\Lib\site-packages\sklearn\metrics\_classification.py:1561: UserWarning: Note that pos_label (set to 'M') is ignored when average != 'binary' (got 'weighted'). You may use labels=[pos_label] to specify a single positive class.
  warnings.warn(

2024-08-30 22:00:40,190:WARNING:C:\Users\surya\AppData\Local\Programs\Python\Python311\Lib\site-packages\sklearn\metrics\_classification.py:1561: UserWarning: Note that pos_label (set to 'M') is ignored when average != 'binary' (got 'weighted'). You may use labels=[pos_label] to specify a single positive class.
  warnings.warn(

2024-08-30 22:00:40,195:WARNING:C:\Users\surya\AppData\Local\Programs\Python\Python311\Lib\site-packages\sklearn\metrics\_classification.py:1561: UserWarning: Note that pos_label (set to 'M') is ignored when average != 'binary' (got 'weighted'). You may use labels=[pos_label] to specify a single positive class.
  warnings.warn(

2024-08-30 22:00:40,197:WARNING:C:\Users\surya\AppData\Local\Programs\Python\Python311\Lib\site-packages\sklearn\metrics\_classification.py:1561: UserWarning: Note that pos_label (set to 'M') is ignored when average != 'binary' (got 'weighted'). You may use labels=[pos_label] to specify a single positive class.
  warnings.warn(

2024-08-30 22:00:40,199:WARNING:C:\Users\surya\AppData\Local\Programs\Python\Python311\Lib\site-packages\sklearn\metrics\_classification.py:1561: UserWarning: Note that pos_label (set to 'M') is ignored when average != 'binary' (got 'weighted'). You may use labels=[pos_label] to specify a single positive class.
  warnings.warn(

2024-08-30 22:00:40,200:WARNING:C:\Users\surya\AppData\Local\Programs\Python\Python311\Lib\site-packages\sklearn\metrics\_classification.py:1561: UserWarning: Note that pos_label (set to 'M') is ignored when average != 'binary' (got 'weighted'). You may use labels=[pos_label] to specify a single positive class.
  warnings.warn(

2024-08-30 22:00:40,203:WARNING:C:\Users\surya\AppData\Local\Programs\Python\Python311\Lib\site-packages\sklearn\metrics\_classification.py:1561: UserWarning: Note that pos_label (set to 'M') is ignored when average != 'binary' (got 'weighted'). You may use labels=[pos_label] to specify a single positive class.
  warnings.warn(

2024-08-30 22:00:40,204:WARNING:C:\Users\surya\AppData\Local\Programs\Python\Python311\Lib\site-packages\sklearn\metrics\_classification.py:1561: UserWarning: Note that pos_label (set to 'M') is ignored when average != 'binary' (got 'weighted'). You may use labels=[pos_label] to specify a single positive class.
  warnings.warn(

2024-08-30 22:00:40,212:INFO:Calculating mean and std
2024-08-30 22:00:40,212:INFO:Creating metrics dataframe
2024-08-30 22:00:40,213:INFO:Finalizing model
2024-08-30 22:00:40,326:INFO:Uploading results into container
2024-08-30 22:00:40,327:INFO:Uploading model into container now
2024-08-30 22:00:40,327:INFO:_master_model_container: 3
2024-08-30 22:00:40,327:INFO:_display_container: 4
2024-08-30 22:00:40,327:INFO:AdaBoostClassifier(algorithm='SAMME.R', estimator=None, learning_rate=1.0,
                   n_estimators=50, random_state=5476)
2024-08-30 22:00:40,327:INFO:create_model() successfully completed......................................
2024-08-30 22:00:40,405:INFO:SubProcess create_model() end ==================================
2024-08-30 22:00:40,405:INFO:AdaBoostClassifier(algorithm='SAMME.R', estimator=None, learning_rate=1.0,
                   n_estimators=50, random_state=5476) result for Accuracy is 0.9624
2024-08-30 22:00:40,406:INFO:AdaBoostClassifier(algorithm='SAMME', estimator=None, learning_rate=0.5,
                   n_estimators=170, random_state=5476) result for Accuracy is 0.9674
2024-08-30 22:00:40,406:INFO:AdaBoostClassifier(algorithm='SAMME', estimator=None, learning_rate=0.5,
                   n_estimators=170, random_state=5476) is best model
2024-08-30 22:00:40,406:INFO:choose_better completed
2024-08-30 22:00:40,418:INFO:_master_model_container: 3
2024-08-30 22:00:40,418:INFO:_display_container: 3
2024-08-30 22:00:40,419:INFO:AdaBoostClassifier(algorithm='SAMME', estimator=None, learning_rate=0.5,
                   n_estimators=170, random_state=5476)
2024-08-30 22:00:40,419:INFO:tune_model() successfully completed......................................
2024-08-30 22:00:40,500:INFO:Initializing plot_model()
2024-08-30 22:00:40,500:INFO:plot_model(self=<pycaret.classification.oop.ClassificationExperiment object at 0x000001C16F5164D0>, estimator=AdaBoostClassifier(algorithm='SAMME', estimator=None, learning_rate=0.5,
                   n_estimators=170, random_state=5476), plot=confusion_matrix, scale=1, save=False, fold=None, fit_kwargs=None, plot_kwargs=None, groups=None, feature_name=None, label=False, verbose=True, system=True, display=None, display_format=None)
2024-08-30 22:00:40,500:INFO:Checking exceptions
2024-08-30 22:00:40,504:INFO:Preloading libraries
2024-08-30 22:00:40,512:INFO:Copying training dataset
2024-08-30 22:00:40,512:INFO:Plot type: confusion_matrix
2024-08-30 22:00:40,597:INFO:Fitting Model
2024-08-30 22:00:40,598:INFO:Scoring test/hold-out set
